recipeId,titleFa,sourceGroup,cuisineOrigin,classification,score,repairPriority,confidence,failedSections,blockers,reason
garnish_recipe_fa_101_877a41d3,خورش آلو,Phase One,Iranian,COMPLETE_DO_NOT_TOUCH,96,,HIGH,faq,,"All major GRIS sections present, dish-specific, no blockers."
garnish_recipe_fa_103_066b318c,واویشکا,Phase One,Iranian,COMPLETE_DO_NOT_TOUCH,94,,HIGH,,,"All major GRIS sections present, dish-specific, no blockers."
garnish_recipe_fa_104_7b4ced78,گمج کباب,Phase One,Iranian,COMPLETE_DO_NOT_TOUCH,96,,HIGH,faq,,"All major GRIS sections present, dish-specific, no blockers."
garnish_recipe_fa_1051_68dd60e0,خورشت کرفس,Phase One,Iranian,COMPLETE_DO_NOT_TOUCH,97,,HIGH,,,"All major GRIS sections present, dish-specific, no blockers."
garnish_recipe_fa_1052_8bde566e,خورشت آلو اسفناج,Phase One,Iranian,COMPLETE_DO_NOT_TOUCH,97,,HIGH,,,"All major GRIS sections present, dish-specific, no blockers."
garnish_recipe_fa_1053_29566b67,خورشت بامیه,Phase One,Iranian,COMPLETE_DO_NOT_TOUCH,94,,HIGH,,,"All major GRIS sections present, dish-specific, no blockers."
garnish_recipe_fa_1071_6e0696a6,کتلت گوشت,Phase One,Iranian,COMPLETE_DO_NOT_TOUCH,97,,HIGH,,,"All major GRIS sections present, dish-specific, no blockers."
garnish_recipe_fa_1072_b55bdfe7,اشکنه,Phase One,Iranian,COMPLETE_DO_NOT_TOUCH,97,,HIGH,,,"All major GRIS sections present, dish-specific, no blockers."
garnish_recipe_fa_1084_8f35205e,ته چین مرغ,Phase One,Iranian,COMPLETE_DO_NOT_TOUCH,97,,HIGH,,,"All major GRIS sections present, dish-specific, no blockers."
garnish_recipe_fa_110_847e93ad,خورشت سیب,Phase One,Iranian,COMPLETE_DO_NOT_TOUCH,97,,HIGH,,,"All major GRIS sections present, dish-specific, no blockers."
garnish_recipe_fa_112_9764d4aa,کدو پلو مازندرانی,Phase One,Iranian,COMPLETE_DO_NOT_TOUCH,97,,HIGH,,,"All major GRIS sections present, dish-specific, no blockers."
garnish_recipe_fa_1195_4b547f19,ماکارونی,Phase One,Iranian,COMPLETE_DO_NOT_TOUCH,96,,HIGH,faq,,"All major GRIS sections present, dish-specific, no blockers."
garnish_recipe_fa_1197_73204fa8,کباب تابه‌ای مرغ,Phase One,Iranian,COMPLETE_DO_NOT_TOUCH,97,,HIGH,,,"All major GRIS sections present, dish-specific, no blockers."
garnish_recipe_fa_119_2a846a21,آش شولی یزدی,Phase One,Iranian,COMPLETE_DO_NOT_TOUCH,93,,HIGH,faq,,"All major GRIS sections present, dish-specific, no blockers."
garnish_recipe_fa_1207_5b8c823a,شیشلیک (کباب دنده),Phase One,Iranian,COMPLETE_DO_NOT_TOUCH,97,,HIGH,,,"All major GRIS sections present, dish-specific, no blockers."
garnish_recipe_fa_1208_434b3a9a,آش رشته,Phase One,Iranian,COMPLETE_DO_NOT_TOUCH,93,,HIGH,faq,,"All major GRIS sections present, dish-specific, no blockers."
garnish_recipe_fa_1209_7bd0ff68,کباب بختیاری,Phase One,Iranian,COMPLETE_DO_NOT_TOUCH,97,,HIGH,,,"All major GRIS sections present, dish-specific, no blockers."
garnish_recipe_fa_1215_673014ad,کباب چنجه,Phase One,Iranian,COMPLETE_DO_NOT_TOUCH,97,,HIGH,,,"All major GRIS sections present, dish-specific, no blockers."
garnish_recipe_fa_1220_6429319c,سبزی پلو با ماهی,Phase One,Iranian,COMPLETE_DO_NOT_TOUCH,94,,HIGH,,,"All major GRIS sections present, dish-specific, no blockers."
garnish_recipe_fa_1224_c65df148,باقلاقاتُق,Phase One,Iranian,COMPLETE_DO_NOT_TOUCH,90,,MEDIUM,skills,,"All major GRIS sections present, dish-specific, no blockers."
garnish_recipe_fa_1225_159208a2,میرزا قاسمی,Phase One,Iranian,COMPLETE_DO_NOT_TOUCH,93,,HIGH,faq,,"All major GRIS sections present, dish-specific, no blockers."
garnish_recipe_fa_1235_f91ccc6d,آش دوغ,Phase One,Iranian,COMPLETE_DO_NOT_TOUCH,97,,HIGH,,,"All major GRIS sections present, dish-specific, no blockers."
garnish_recipe_fa_1237_3dff9aba,آش شله قلمکار,Phase One,Iranian,COMPLETE_DO_NOT_TOUCH,97,,HIGH,,,"All major GRIS sections present, dish-specific, no blockers."
garnish_recipe_fa_1238_296fbec3,حلیم گندم,Phase One,Iranian,COMPLETE_DO_NOT_TOUCH,96,,HIGH,faq,,"All major GRIS sections present, dish-specific, no blockers."
garnish_recipe_fa_1239_1be04a64,قیمه نثار,Phase One,Iranian,COMPLETE_DO_NOT_TOUCH,94,,HIGH,,,"All major GRIS sections present, dish-specific, no blockers."
garnish_recipe_fa_1251_3f83f105,خورشت بادمجان,Phase One,Iranian,COMPLETE_DO_NOT_TOUCH,94,,HIGH,,,"All major GRIS sections present, dish-specific, no blockers."
garnish_recipe_fa_1252_3d200c70,کلم‌پلو شیرازی,Phase One,Iranian,COMPLETE_DO_NOT_TOUCH,94,,HIGH,,,"All major GRIS sections present, dish-specific, no blockers."
garnish_recipe_fa_1261_99e02971,دمپختک (ماش‌پلو تهرانی),Phase One,Iranian,COMPLETE_DO_NOT_TOUCH,96,,HIGH,faq,,"All major GRIS sections present, dish-specific, no blockers."
garnish_recipe_fa_1262_9f42258a,ترش‌شامی گیلانی,Phase One,Iranian,COMPLETE_DO_NOT_TOUCH,97,,HIGH,,,"All major GRIS sections present, dish-specific, no blockers."
garnish_recipe_fa_1263_0e8a8255,کاله‌جوش (کله‌جوش),Phase One,Iranian,COMPLETE_DO_NOT_TOUCH,97,,HIGH,,,"All major GRIS sections present, dish-specific, no blockers."
garnish_recipe_fa_1276_cdef73d2,تاس‌کباب,Phase One,Iranian,COMPLETE_DO_NOT_TOUCH,94,,HIGH,,,"All major GRIS sections present, dish-specific, no blockers."
garnish_recipe_fa_1279_e3e99c0f,میگو پلو,Phase One,Iranian,COMPLETE_DO_NOT_TOUCH,94,,HIGH,,,"All major GRIS sections present, dish-specific, no blockers."
garnish_recipe_fa_1280_13a22528,رشته‌پلو شیرازی,Phase One,Iranian,COMPLETE_DO_NOT_TOUCH,97,,HIGH,,,"All major GRIS sections present, dish-specific, no blockers."
garnish_recipe_fa_1290_f5fc285f,حلیم بادمجان,Phase One,Iranian,COMPLETE_DO_NOT_TOUCH,97,,HIGH,,,"All major GRIS sections present, dish-specific, no blockers."
garnish_recipe_fa_1291_b4dad1f1,بریان ماهی (ماهی شکم‌پر),Phase One,Iranian,COMPLETE_DO_NOT_TOUCH,97,,HIGH,,,"All major GRIS sections present, dish-specific, no blockers."
garnish_recipe_fa_129_5d8a7866,قنبرپلو شیرازی,Phase One,Iranian,COMPLETE_DO_NOT_TOUCH,97,,HIGH,,,"All major GRIS sections present, dish-specific, no blockers."
garnish_recipe_fa_1306_a212d523,قلیه ماهی سیرافی,Phase One,Iranian,COMPLETE_DO_NOT_TOUCH,93,,HIGH,skills,,"All major GRIS sections present, dish-specific, no blockers."
garnish_recipe_fa_1307_4401749e,قلیه میگو,Phase One,Iranian,COMPLETE_DO_NOT_TOUCH,93,,HIGH,skills,,"All major GRIS sections present, dish-specific, no blockers."
garnish_recipe_fa_1314_7f39d182,خورشت ماست,Phase One,Iranian,COMPLETE_DO_NOT_TOUCH,97,,HIGH,,,"All major GRIS sections present, dish-specific, no blockers."
garnish_recipe_fa_131_abd5e2d6,کال کباب,Phase One,Iranian,COMPLETE_DO_NOT_TOUCH,97,,HIGH,,,"All major GRIS sections present, dish-specific, no blockers."
garnish_recipe_fa_1323_cf6bcb5c,لازانیا,Phase One,Iranian,COMPLETE_DO_NOT_TOUCH,97,,HIGH,,,"All major GRIS sections present, dish-specific, no blockers."
garnish_recipe_fa_1324_2b0dbfd9,سالاد الویه,Phase One,Iranian,COMPLETE_DO_NOT_TOUCH,97,,HIGH,,,"All major GRIS sections present, dish-specific, no blockers."
garnish_recipe_fa_1325_87da9b04,املت گوجه فرنگی,Phase One,Iranian,COMPLETE_DO_NOT_TOUCH,94,,HIGH,,,"All major GRIS sections present, dish-specific, no blockers."
garnish_recipe_fa_1333_db68905d,مرغ سوخاری,Phase One,Iranian,COMPLETE_DO_NOT_TOUCH,97,,HIGH,,,"All major GRIS sections present, dish-specific, no blockers."
garnish_recipe_fa_1334_8963bd85,اشترودل گوشت,Phase One,Iranian,COMPLETE_DO_NOT_TOUCH,97,,HIGH,,,"All major GRIS sections present, dish-specific, no blockers."
garnish_recipe_fa_133_139b05e2,کوکو سیب‌زمینی,Phase One,Iranian,COMPLETE_DO_NOT_TOUCH,97,,HIGH,,,"All major GRIS sections present, dish-specific, no blockers."
garnish_recipe_fa_1341_6b4ba753,همبرگر (چیز‌برگر),Phase One,Iranian,COMPLETE_DO_NOT_TOUCH,97,,HIGH,,,"All major GRIS sections present, dish-specific, no blockers."
garnish_recipe_fa_1342_ce4a8da3,خوراک مرغ زعفرانی,Phase One,Iranian,COMPLETE_DO_NOT_TOUCH,97,,HIGH,,,"All major GRIS sections present, dish-specific, no blockers."
garnish_recipe_fa_1343_5bf8151c,خوراک مرغ و قارچ,Phase One,Iranian,COMPLETE_DO_NOT_TOUCH,97,,HIGH,,,"All major GRIS sections present, dish-specific, no blockers."
garnish_recipe_fa_134_34e1816f,کوکو بادمجان,Phase One,Iranian,COMPLETE_DO_NOT_TOUCH,97,,HIGH,,,"All major GRIS sections present, dish-specific, no blockers."
garnish_recipe_fa_1353_5d0ac837,کباب ترکی,Phase One,Iranian,COMPLETE_DO_NOT_TOUCH,97,,HIGH,,,"All major GRIS sections present, dish-specific, no blockers."
garnish_recipe_fa_139_012333bd,کوفته برنجی,Phase One,Iranian,COMPLETE_DO_NOT_TOUCH,97,,HIGH,,,"All major GRIS sections present, dish-specific, no blockers."
garnish_recipe_fa_1482_782462e9,شله زرد,Phase One,Iranian,COMPLETE_DO_NOT_TOUCH,90,,MEDIUM,skills,,"All major GRIS sections present, dish-specific, no blockers."
garnish_recipe_fa_1491_0553f941,شیر برنج,Phase One,Iranian,COMPLETE_DO_NOT_TOUCH,97,,HIGH,,,"All major GRIS sections present, dish-specific, no blockers."
garnish_recipe_fa_1492_08a81971,فرنی,Phase One,Iranian,COMPLETE_DO_NOT_TOUCH,97,,HIGH,,,"All major GRIS sections present, dish-specific, no blockers."
garnish_recipe_fa_1528_32041352,کله پاچه,Phase One,Iranian,COMPLETE_DO_NOT_TOUCH,97,,HIGH,,,"All major GRIS sections present, dish-specific, no blockers."
garnish_recipe_fa_1548_dc89130d,خاگینه,Phase One,Iranian,COMPLETE_DO_NOT_TOUCH,97,,HIGH,,,"All major GRIS sections present, dish-specific, no blockers."
garnish_recipe_fa_154_cdfcadf7,شله مشهدی,Phase One,Iranian,COMPLETE_DO_NOT_TOUCH,97,,HIGH,,,"All major GRIS sections present, dish-specific, no blockers."
garnish_recipe_fa_161_b79bdd11,دمپخت ماهی جنوبی,Phase One,Iranian,COMPLETE_DO_NOT_TOUCH,97,,HIGH,,,"All major GRIS sections present, dish-specific, no blockers."
garnish_recipe_fa_164_8367ec24,ته‌چین گوشت و بادمجان,Phase One,Iranian,COMPLETE_DO_NOT_TOUCH,94,,HIGH,,,"All major GRIS sections present, dish-specific, no blockers."
garnish_recipe_fa_168_8b2d9b86,آبگوشت متنجنه کرمانی,Phase One,Iranian,COMPLETE_DO_NOT_TOUCH,97,,HIGH,,,"All major GRIS sections present, dish-specific, no blockers."
garnish_recipe_fa_170_44f0d2ad,قیمه‌ریزه اصفهانی,Phase One,Iranian,COMPLETE_DO_NOT_TOUCH,93,,HIGH,faq,,"All major GRIS sections present, dish-specific, no blockers."
garnish_recipe_fa_1743_005c3739,کشک بادمجان,Phase One,Iranian,COMPLETE_DO_NOT_TOUCH,93,,HIGH,faq,,"All major GRIS sections present, dish-specific, no blockers."
garnish_recipe_fa_1761_4f9171a7,سالاد رنگینک,Phase One,Iranian,COMPLETE_DO_NOT_TOUCH,94,,HIGH,,,"All major GRIS sections present, dish-specific, no blockers."
garnish_recipe_fa_1767_4e6ed616,شامی کباب لرستانی,Phase One,Iranian,COMPLETE_DO_NOT_TOUCH,94,,HIGH,,,"All major GRIS sections present, dish-specific, no blockers."
garnish_recipe_fa_179_9cb4bccf,زولبیا و بامیه,Phase One,Iranian,COMPLETE_DO_NOT_TOUCH,94,,HIGH,,,"All major GRIS sections present, dish-specific, no blockers."
garnish_recipe_fa_1808_788119ed,سالاد ماکارونی,Phase One,Iranian,COMPLETE_DO_NOT_TOUCH,97,,HIGH,,,"All major GRIS sections present, dish-specific, no blockers."
garnish_recipe_fa_1816_dec0afbb,سوپ شیر,Phase One,Iranian,COMPLETE_DO_NOT_TOUCH,97,,HIGH,,,"All major GRIS sections present, dish-specific, no blockers."
garnish_recipe_fa_1820_41034bbe,شاورما,Phase One,Foreign,COMPLETE_DO_NOT_TOUCH,97,,HIGH,,,"All major GRIS sections present, dish-specific, no blockers."
garnish_recipe_fa_190_49162ac2,خورش مرغ قیسی,Phase One,Iranian,COMPLETE_DO_NOT_TOUCH,97,,HIGH,,,"All major GRIS sections present, dish-specific, no blockers."
garnish_recipe_fa_197_dbaa9b9a,چلو ماهیچه,Phase One,Iranian,COMPLETE_DO_NOT_TOUCH,97,,HIGH,,,"All major GRIS sections present, dish-specific, no blockers."
garnish_recipe_fa_2028_1932b5ee,سس فلافل,Phase One,Iranian,COMPLETE_DO_NOT_TOUCH,97,,HIGH,,,"All major GRIS sections present, dish-specific, no blockers."
garnish_recipe_fa_2035_e1080e79,سس مارینارا,Phase One,Foreign,COMPLETE_DO_NOT_TOUCH,97,,HIGH,,,"All major GRIS sections present, dish-specific, no blockers."
garnish_recipe_fa_2049_765e338a,کوکو سبزی,Phase One,Iranian,COMPLETE_DO_NOT_TOUCH,97,,HIGH,,,"All major GRIS sections present, dish-specific, no blockers."
garnish_recipe_fa_2064_b5a2a37a,پاستا پستو,Phase One,Foreign,COMPLETE_DO_NOT_TOUCH,97,,HIGH,,,"All major GRIS sections present, dish-specific, no blockers."
garnish_recipe_fa_2071_5391bddf,سالاد سزار,Phase One,Foreign,COMPLETE_DO_NOT_TOUCH,97,,HIGH,,,"All major GRIS sections present, dish-specific, no blockers."
garnish_recipe_fa_2075_3d9b2098,سمبوسه آبادانی,Phase One,Iranian,COMPLETE_DO_NOT_TOUCH,97,,HIGH,,,"All major GRIS sections present, dish-specific, no blockers."
garnish_recipe_fa_2079_5543499b,سمبوسه در فر,Phase One,Iranian,COMPLETE_DO_NOT_TOUCH,97,,HIGH,,,"All major GRIS sections present, dish-specific, no blockers."
garnish_recipe_fa_2086_c02ef228,فلافل آبادانی,Phase One,Iranian,COMPLETE_DO_NOT_TOUCH,97,,HIGH,,,"All major GRIS sections present, dish-specific, no blockers."
garnish_recipe_fa_2090_ea20119c,نودل سبزیجات,Phase One,Foreign,COMPLETE_DO_NOT_TOUCH,97,,HIGH,,,"All major GRIS sections present, dish-specific, no blockers."
garnish_recipe_fa_216_1bfdfe55,جوجه کباب زعفرانی,Phase One,Iranian,COMPLETE_DO_NOT_TOUCH,97,,HIGH,,,"All major GRIS sections present, dish-specific, no blockers."
garnish_recipe_fa_224_c9d0355d,خورشت قرمه‌سبزی,Phase One,Iranian,COMPLETE_DO_NOT_TOUCH,97,,HIGH,,,"All major GRIS sections present, dish-specific, no blockers."
garnish_recipe_fa_228_09a631f3,خورشت فسنجان,Phase One,Iranian,COMPLETE_DO_NOT_TOUCH,94,,HIGH,,,"All major GRIS sections present, dish-specific, no blockers."
garnish_recipe_fa_230_332dd922,دیزی (آبگوشت),Phase One,Iranian,COMPLETE_DO_NOT_TOUCH,97,,HIGH,,,"All major GRIS sections present, dish-specific, no blockers."
garnish_recipe_fa_235_3d02f3ae,چلو کباب کوبیده,Phase One,Iranian,COMPLETE_DO_NOT_TOUCH,97,,HIGH,,,"All major GRIS sections present, dish-specific, no blockers."
garnish_recipe_fa_77_3adf94d4,آش سبزی شیرازی,Phase One,Iranian,COMPLETE_DO_NOT_TOUCH,97,,HIGH,,,"All major GRIS sections present, dish-specific, no blockers."
garnish_recipe_fa_78_26989900,آش ترش گیلانی,Phase One,Iranian,COMPLETE_DO_NOT_TOUCH,97,,HIGH,,,"All major GRIS sections present, dish-specific, no blockers."
garnish_recipe_fa_84_52c11d43,کباب برگ,Phase One,Iranian,COMPLETE_DO_NOT_TOUCH,97,,HIGH,,,"All major GRIS sections present, dish-specific, no blockers."
garnish_recipe_fa_862_dbf3d4d5,باقالی پلو با گوشت,Phase One,Iranian,COMPLETE_DO_NOT_TOUCH,94,,HIGH,,,"All major GRIS sections present, dish-specific, no blockers."
garnish_recipe_fa_864_37673192,عدس‌پلو با گوشت,Phase One,Iranian,COMPLETE_DO_NOT_TOUCH,97,,HIGH,,,"All major GRIS sections present, dish-specific, no blockers."
garnish_recipe_fa_866_9986ddf5,لوبیا پلو با گوشت چرخ‌کرده,Phase One,Iranian,COMPLETE_DO_NOT_TOUCH,94,,HIGH,,,"All major GRIS sections present, dish-specific, no blockers."
garnish_recipe_fa_868_c97331a5,استانبولی پلو بدون گوشت,Phase One,Iranian,COMPLETE_DO_NOT_TOUCH,97,,HIGH,,,"All major GRIS sections present, dish-specific, no blockers."
garnish_recipe_fa_870_d37ad654,آلبالو پلو با مرغ یا گوشت,Phase One,Iranian,COMPLETE_DO_NOT_TOUCH,97,,HIGH,,,"All major GRIS sections present, dish-specific, no blockers."
garnish_recipe_fa_872_529097b4,دلمه برگ مو (دلمه‌ی برگ انگور),Phase One,Iranian,COMPLETE_DO_NOT_TOUCH,94,,HIGH,,,"All major GRIS sections present, dish-specific, no blockers."
garnish_recipe_fa_875_f2ddeb1c,دلمه بادمجان / دلمه کلم,Phase One,Iranian,COMPLETE_DO_NOT_TOUCH,96,,HIGH,faq,,"All major GRIS sections present, dish-specific, no blockers."
garnish_recipe_fa_878_85458912,زرشک پلو با مرغ,Phase One,Iranian,COMPLETE_DO_NOT_TOUCH,97,,HIGH,,,"All major GRIS sections present, dish-specific, no blockers."
garnish_recipe_fa_880_6164abab,کوفته تبریزی,Phase One,Iranian,COMPLETE_DO_NOT_TOUCH,93,,HIGH,faq,,"All major GRIS sections present, dish-specific, no blockers."
garnish_recipe_fa_883_4b80bbcf,رولت گوشت,Phase One,Iranian,COMPLETE_DO_NOT_TOUCH,97,,HIGH,,,"All major GRIS sections present, dish-specific, no blockers."
garnish_recipe_fa_89_292dde1d,اکبر جوجه,Phase One,Iranian,COMPLETE_DO_NOT_TOUCH,94,,HIGH,,,"All major GRIS sections present, dish-specific, no blockers."
garnish_recipe_fa_90_85d9aaf0,بریانی اصفهان,Phase One,Iranian,COMPLETE_DO_NOT_TOUCH,97,,HIGH,,,"All major GRIS sections present, dish-specific, no blockers."
garnish_recipe_fa_93_657f87d7,آبگوشت بزباش,Phase One,Iranian,COMPLETE_DO_NOT_TOUCH,97,,HIGH,,,"All major GRIS sections present, dish-specific, no blockers."
garnish_recipe_fa_94_78034c8a,آبگوشت کشک,Phase One,Iranian,COMPLETE_DO_NOT_TOUCH,97,,HIGH,,,"All major GRIS sections present, dish-specific, no blockers."
garnish_recipe_fa_95_0962d2a9,آبگوشت قنبید,Phase One,Iranian,COMPLETE_DO_NOT_TOUCH,96,,HIGH,faq,,"All major GRIS sections present, dish-specific, no blockers."
garnish_recipe_fa_98_601bddc6,خورشت هویج تبریزی,Phase One,Iranian,COMPLETE_DO_NOT_TOUCH,97,,HIGH,,,"All major GRIS sections present, dish-specific, no blockers."
garnish_recipe_fa_99_14f1018b,خورشت ریواس,Phase One,Iranian,COMPLETE_DO_NOT_TOUCH,93,,HIGH,faq,,"All major GRIS sections present, dish-specific, no blockers."
garnish_recipe_intl_002_ca22fd2f,سالاد کاپرزه,International Core,Foreign,COMPLETE_DO_NOT_TOUCH,97,,HIGH,,,"All major GRIS sections present, dish-specific, no blockers."
garnish_recipe_intl_014_33ae62d8,سوپ میسو,International Core,Foreign,COMPLETE_DO_NOT_TOUCH,97,,HIGH,,,"All major GRIS sections present, dish-specific, no blockers."
garnish_recipe_intl_019_629698d5,تام کا گای (سوپ مرغ و نارگیل),International Core,Foreign,COMPLETE_DO_NOT_TOUCH,97,,HIGH,,,"All major GRIS sections present, dish-specific, no blockers."
garnish_recipe_intl_021_6914ecb7,سوپ پیاز فرانسوی,International Core,Foreign,COMPLETE_DO_NOT_TOUCH,97,,HIGH,,,"All major GRIS sections present, dish-specific, no blockers."
garnish_recipe_intl_025_b9bdfd91,ماهی و چیپس,International Core,Foreign,COMPLETE_DO_NOT_TOUCH,96,,HIGH,faq,,"All major GRIS sections present, dish-specific, no blockers."
garnish_recipe_intl_027_8a794c67,سالاد سیب‌زمینی آلمانی,International Core,Foreign,COMPLETE_DO_NOT_TOUCH,97,,HIGH,,,"All major GRIS sections present, dish-specific, no blockers."
garnish_recipe_intl_032_a150e5b1,سوپ مینسترونه,International Core,Foreign,COMPLETE_DO_NOT_TOUCH,97,,HIGH,,,"All major GRIS sections present, dish-specific, no blockers."
garnish_recipe_intl_038_16764713,کوفته سوئدی,International Core,Foreign,COMPLETE_DO_NOT_TOUCH,96,,HIGH,faq,,"All major GRIS sections present, dish-specific, no blockers."
garnish_recipe_intl_046_0c90256b,سوپ عدس قرمز ترکی,International Core,Foreign,COMPLETE_DO_NOT_TOUCH,97,,HIGH,,,"All major GRIS sections present, dish-specific, no blockers."
garnish_recipe_intl_049_04e612cd,تام یوم گونگ (سوپ تند میگو),International Core,Foreign,COMPLETE_DO_NOT_TOUCH,97,,HIGH,,,"All major GRIS sections present, dish-specific, no blockers."
garnish_recipe_intl_057_64cc7ff7,پاتاتاس براواس,International Core,Foreign,COMPLETE_DO_NOT_TOUCH,97,,HIGH,,,"All major GRIS sections present, dish-specific, no blockers."
garnish_recipe_intl_058_f01bc84b,میگوی سیر اسپانیایی,International Core,Foreign,COMPLETE_DO_NOT_TOUCH,97,,HIGH,,,"All major GRIS sections present, dish-specific, no blockers."
garnish_recipe_intl_077_40b61937,کوفتهٔ ترکی,International Core,Foreign,COMPLETE_DO_NOT_TOUCH,91,,MEDIUM,troubleshooting,,"All major GRIS sections present, dish-specific, no blockers."
garnish_recipe_intl_098_0fbf4374,خورش ایرلندی,International Core,Foreign,COMPLETE_DO_NOT_TOUCH,97,,HIGH,,,"All major GRIS sections present, dish-specific, no blockers."
garnish_recipe_intl_106_81b42fa9,اسکندر کباب,International Core,Foreign,COMPLETE_DO_NOT_TOUCH,97,,HIGH,,,"All major GRIS sections present, dish-specific, no blockers."
garnish_recipe_intl_127_65e78281,مقلوبه,International Core,Foreign,COMPLETE_DO_NOT_TOUCH,97,,HIGH,,,"All major GRIS sections present, dish-specific, no blockers."
garnish_recipe_fa_1077_1b3eec19,خوراک لوبیا چیتی,Phase One,Iranian,REVIEW_REQUIRED,97,,,,generic phrase: در پایان تنظیم کنید,Score 97 (rich content) but has a localized copy defect needing a targeted fix only: generic phrase: در پایان تنظیم کنید. Not a full-GRIS-rebuild candidate.
garnish_recipe_fa_1270_70cc3cff,یتیمچه,Phase One,Iranian,REVIEW_REQUIRED,94,,,,generic phrase: در پایان تنظیم کنید,Score 94 (rich content) but has a localized copy defect needing a targeted fix only: generic phrase: در پایان تنظیم کنید. Not a full-GRIS-rebuild candidate.
garnish_recipe_fa_1315_c324442d,دال عدس,Phase One,Iranian,REVIEW_REQUIRED,97,,,,generic phrase: کنترل حرارت,Score 97 (rich content) but has a localized copy defect needing a targeted fix only: generic phrase: کنترل حرارت. Not a full-GRIS-rebuild candidate.
garnish_recipe_fa_2054_be491f02,قیمه سیب زمینی,Phase One,Iranian,REVIEW_REQUIRED,97,,,,internal term leak: fdcId; internal term leak: قفل‌شده به منبع,Score 97 (rich content) but has a localized copy defect needing a targeted fix only: internal term leak: fdcId; internal term leak: قفل‌شده به منبع. Not a full-GRIS-rebuild candidate.
garnish_recipe_fa_2094_845c07e3,پیتزا مرغ و پستو,Phase One,Foreign,REVIEW_REQUIRED,97,,,,internal term leak: fdcId; internal term leak: موتور قفل‌شده,Score 97 (rich content) but has a localized copy defect needing a targeted fix only: internal term leak: fdcId; internal term leak: موتور قفل‌شده. Not a full-GRIS-rebuild candidate.
garnish_recipe_fa_2103_d26d79d5,پاستا آلفردو,Phase One,Foreign,REVIEW_REQUIRED,97,,,,generic phrase: مواد را آماده کنید,Score 97 (rich content) but has a localized copy defect needing a targeted fix only: generic phrase: مواد را آماده کنید. Not a full-GRIS-rebuild candidate.
garnish_recipe_global_143_001_758db93a,کروسان کلاسیک لایه‌ای,Global 143,Foreign,REVIEW_REQUIRED,77,,,whyItWorks; troubleshooting; keep/storage; faq,,"Score in 75-84 review band (77); borderline section coverage: whyItWorks, troubleshooting, keep/storage, faq"
garnish_recipe_fa_100_ce2b0c24,خورشت به,Phase One,Iranian,NEEDS_FULL_GRIS_REPAIR,42,HIGH,MEDIUM,glance; whyItWorks; skills; finish; troubleshooting; keep/storage; faq,,"Multiple core GRIS sections missing/shallow/generic: glance, whyItWorks, skills, finish, troubleshooting, keep/storage, faq"
garnish_recipe_fa_102_1994bb32,خورشت اناربیج,Phase One,Iranian,NEEDS_FULL_GRIS_REPAIR,42,HIGH,MEDIUM,glance; whyItWorks; skills; finish; troubleshooting; keep/storage; faq,,"Multiple core GRIS sections missing/shallow/generic: glance, whyItWorks, skills, finish, troubleshooting, keep/storage, faq"
garnish_recipe_fa_1059_32ca5280,خورشت خلال,Phase One,Iranian,NEEDS_FULL_GRIS_REPAIR,42,HIGH,MEDIUM,glance; whyItWorks; skills; finish; troubleshooting; keep/storage; faq,,"Multiple core GRIS sections missing/shallow/generic: glance, whyItWorks, skills, finish, troubleshooting, keep/storage, faq"
garnish_recipe_fa_105_606b3bee,سیر قلیه,Phase One,Iranian,NEEDS_FULL_GRIS_REPAIR,42,HIGH,MEDIUM,glance; whyItWorks; skills; finish; troubleshooting; keep/storage; faq,,"Multiple core GRIS sections missing/shallow/generic: glance, whyItWorks, skills, finish, troubleshooting, keep/storage, faq"
garnish_recipe_fa_106_d9e3968a,ترش‌تره,Phase One,Iranian,NEEDS_FULL_GRIS_REPAIR,42,HIGH,MEDIUM,glance; whyItWorks; skills; finish; troubleshooting; keep/storage; faq,,"Multiple core GRIS sections missing/shallow/generic: glance, whyItWorks, skills, finish, troubleshooting, keep/storage, faq"
garnish_recipe_fa_107_5765c9eb,خورش چغرتمه,Phase One,Iranian,NEEDS_FULL_GRIS_REPAIR,42,HIGH,MEDIUM,glance; whyItWorks; skills; finish; troubleshooting; keep/storage; faq,,"Multiple core GRIS sections missing/shallow/generic: glance, whyItWorks, skills, finish, troubleshooting, keep/storage, faq"
garnish_recipe_fa_108_441adb29,خورش کدو,Phase One,Iranian,NEEDS_FULL_GRIS_REPAIR,42,HIGH,MEDIUM,glance; whyItWorks; skills; finish; troubleshooting; keep/storage; faq,,"Multiple core GRIS sections missing/shallow/generic: glance, whyItWorks, skills, finish, troubleshooting, keep/storage, faq"
garnish_recipe_fa_109_7c2e92a0,خورش غوره بادمجان,Phase One,Iranian,NEEDS_FULL_GRIS_REPAIR,42,HIGH,MEDIUM,glance; whyItWorks; skills; finish; troubleshooting; keep/storage; faq,,"Multiple core GRIS sections missing/shallow/generic: glance, whyItWorks, skills, finish, troubleshooting, keep/storage, faq"
garnish_recipe_fa_111_4cb37a1a,کته شمالی,Phase One,Iranian,NEEDS_FULL_GRIS_REPAIR,38,HIGH,HIGH,glance; whyItWorks; skills; finish; troubleshooting; keep/storage; faq,,"Multiple core GRIS sections missing/shallow/generic: glance, whyItWorks, skills, finish, troubleshooting, keep/storage, faq"
garnish_recipe_fa_113_2a1debd0,انارپلو شیرازی,Phase One,Iranian,NEEDS_FULL_GRIS_REPAIR,42,HIGH,MEDIUM,glance; whyItWorks; skills; finish; troubleshooting; keep/storage; faq,,"Multiple core GRIS sections missing/shallow/generic: glance, whyItWorks, skills, finish, troubleshooting, keep/storage, faq"
garnish_recipe_fa_114_4d182f15,ماش‌پلو,Phase One,Iranian,NEEDS_FULL_GRIS_REPAIR,42,HIGH,MEDIUM,glance; whyItWorks; skills; finish; troubleshooting; keep/storage; faq,,"Multiple core GRIS sections missing/shallow/generic: glance, whyItWorks, skills, finish, troubleshooting, keep/storage, faq"
garnish_recipe_fa_115_ba80ef7c,ته‌انداز مرغ,Phase One,Iranian,NEEDS_FULL_GRIS_REPAIR,42,HIGH,MEDIUM,glance; whyItWorks; skills; finish; troubleshooting; keep/storage; faq,,"Multiple core GRIS sections missing/shallow/generic: glance, whyItWorks, skills, finish, troubleshooting, keep/storage, faq"
garnish_recipe_fa_1196_6cbbd3af,کباب تابه‌ای گوشت,Phase One,Iranian,NEEDS_FULL_GRIS_REPAIR,39,HIGH,HIGH,glance; whyItWorks; skills; finish; troubleshooting; keep/storage; faq,,"Multiple core GRIS sections missing/shallow/generic: glance, whyItWorks, skills, finish, troubleshooting, keep/storage, faq"
garnish_recipe_fa_120_502ae408,املت قهوه‌خانه‌ای,Phase One,Iranian,NEEDS_FULL_GRIS_REPAIR,41,HIGH,MEDIUM,glance; whyItWorks; skills; finish; troubleshooting; keep/storage; faq,,"Multiple core GRIS sections missing/shallow/generic: glance, whyItWorks, skills, finish, troubleshooting, keep/storage, faq"
garnish_recipe_fa_1214_189349a1,کباب ترش,Phase One,Iranian,NEEDS_FULL_GRIS_REPAIR,39,HIGH,HIGH,glance; whyItWorks; skills; finish; troubleshooting; keep/storage; faq,,"Multiple core GRIS sections missing/shallow/generic: glance, whyItWorks, skills, finish, troubleshooting, keep/storage, faq"
garnish_recipe_fa_121_b6f01192,املت رب,Phase One,Iranian,NEEDS_FULL_GRIS_REPAIR,38,HIGH,HIGH,glance; whyItWorks; skills; finish; troubleshooting; keep/storage; faq,,"Multiple core GRIS sections missing/shallow/generic: glance, whyItWorks, skills, finish, troubleshooting, keep/storage, faq"
garnish_recipe_fa_122_dc5bb310,نرگسی اسفناج,Phase One,Iranian,NEEDS_FULL_GRIS_REPAIR,42,HIGH,MEDIUM,glance; whyItWorks; skills; finish; troubleshooting; keep/storage; faq,,"Multiple core GRIS sections missing/shallow/generic: glance, whyItWorks, skills, finish, troubleshooting, keep/storage, faq"
garnish_recipe_fa_123_a52aadf1,دویماج,Phase One,Iranian,NEEDS_FULL_GRIS_REPAIR,41,HIGH,MEDIUM,glance; whyItWorks; skills; finish; troubleshooting; keep/storage; faq,,"Multiple core GRIS sections missing/shallow/generic: glance, whyItWorks, skills, finish, troubleshooting, keep/storage, faq"
garnish_recipe_fa_124_c0616f8d,مرغ ناردونی,Phase One,Iranian,NEEDS_FULL_GRIS_REPAIR,42,HIGH,MEDIUM,glance; whyItWorks; skills; finish; troubleshooting; keep/storage; faq,,"Multiple core GRIS sections missing/shallow/generic: glance, whyItWorks, skills, finish, troubleshooting, keep/storage, faq"
garnish_recipe_fa_1250_cb9a971c,شیرین‌پلو (مرصع‌پلو),Phase One,Iranian,NEEDS_FULL_GRIS_REPAIR,39,HIGH,HIGH,glance; whyItWorks; skills; finish; troubleshooting; keep/storage; faq,,"Multiple core GRIS sections missing/shallow/generic: glance, whyItWorks, skills, finish, troubleshooting, keep/storage, faq"
garnish_recipe_fa_125_31716f89,دوپیازه میگو,Phase One,Iranian,NEEDS_FULL_GRIS_REPAIR,42,HIGH,MEDIUM,glance; whyItWorks; skills; finish; troubleshooting; keep/storage; faq,,"Multiple core GRIS sections missing/shallow/generic: glance, whyItWorks, skills, finish, troubleshooting, keep/storage, faq"
garnish_recipe_fa_126_76675c2f,بورانی اسفناج,Phase One,Iranian,NEEDS_FULL_GRIS_REPAIR,40,HIGH,MEDIUM,glance; whyItWorks; skills; finish; troubleshooting; keep/storage; faq,,"Multiple core GRIS sections missing/shallow/generic: glance, whyItWorks, skills, finish, troubleshooting, keep/storage, faq"
garnish_recipe_fa_1272_b3180a59,زیره‌پلو کرمانی,Phase One,Iranian,NEEDS_FULL_GRIS_REPAIR,39,HIGH,HIGH,glance; whyItWorks; skills; finish; troubleshooting; keep/storage; faq,,"Multiple core GRIS sections missing/shallow/generic: glance, whyItWorks, skills, finish, troubleshooting, keep/storage, faq"
garnish_recipe_fa_127_38980a7f,بورانی بادمجان,Phase One,Iranian,NEEDS_FULL_GRIS_REPAIR,40,HIGH,MEDIUM,glance; whyItWorks; skills; finish; troubleshooting; keep/storage; faq,,"Multiple core GRIS sections missing/shallow/generic: glance, whyItWorks, skills, finish, troubleshooting, keep/storage, faq"
garnish_recipe_fa_1289_dccb626e,آب دوغ خیار,Phase One,Iranian,NEEDS_FULL_GRIS_REPAIR,39,HIGH,HIGH,glance; whyItWorks; skills; finish; troubleshooting; keep/storage; faq,,"Multiple core GRIS sections missing/shallow/generic: glance, whyItWorks, skills, finish, troubleshooting, keep/storage, faq"
garnish_recipe_fa_128_80595bf3,زیتون پرورده,Phase One,Iranian,NEEDS_FULL_GRIS_REPAIR,42,HIGH,MEDIUM,glance; whyItWorks; skills; finish; troubleshooting; keep/storage; faq,,"Multiple core GRIS sections missing/shallow/generic: glance, whyItWorks, skills, finish, troubleshooting, keep/storage, faq"
garnish_recipe_fa_1296_5d4fca2c,مرغ ترش گیلانی,Phase One,Iranian,NEEDS_FULL_GRIS_REPAIR,39,HIGH,HIGH,glance; whyItWorks; skills; finish; troubleshooting; keep/storage; faq,,"Multiple core GRIS sections missing/shallow/generic: glance, whyItWorks, skills, finish, troubleshooting, keep/storage, faq"
garnish_recipe_fa_1297_aaa24704,دوپیازه آلو,Phase One,Iranian,NEEDS_FULL_GRIS_REPAIR,42,HIGH,MEDIUM,glance; whyItWorks; skills; finish; troubleshooting; keep/storage; faq,,"Multiple core GRIS sections missing/shallow/generic: glance, whyItWorks, skills, finish, troubleshooting, keep/storage, faq"
garnish_recipe_fa_130_45602c10,نازخاتون,Phase One,Iranian,NEEDS_FULL_GRIS_REPAIR,42,HIGH,MEDIUM,glance; whyItWorks; skills; finish; troubleshooting; keep/storage; faq,,"Multiple core GRIS sections missing/shallow/generic: glance, whyItWorks, skills, finish, troubleshooting, keep/storage, faq"
garnish_recipe_fa_1332_682d694b,سیب زمینی سرخ کرده,Phase One,Iranian,NEEDS_FULL_GRIS_REPAIR,38,HIGH,HIGH,glance; whyItWorks; skills; finish; troubleshooting; keep/storage; faq,,"Multiple core GRIS sections missing/shallow/generic: glance, whyItWorks, skills, finish, troubleshooting, keep/storage, faq"
garnish_recipe_fa_142_3215f0b5,گوندی,Phase One,Iranian,NEEDS_FULL_GRIS_REPAIR,42,HIGH,MEDIUM,glance; whyItWorks; skills; finish; troubleshooting; keep/storage; faq,,"Multiple core GRIS sections missing/shallow/generic: glance, whyItWorks, skills, finish, troubleshooting, keep/storage, faq"
garnish_recipe_fa_147_3b1b07c5,آش جو,Phase One,Iranian,NEEDS_FULL_GRIS_REPAIR,42,HIGH,MEDIUM,glance; whyItWorks; skills; finish; troubleshooting; keep/storage; faq,,"Multiple core GRIS sections missing/shallow/generic: glance, whyItWorks, skills, finish, troubleshooting, keep/storage, faq"
garnish_recipe_fa_1483_557ee839,حلوا زعفرانی,Phase One,Iranian,NEEDS_FULL_GRIS_REPAIR,42,HIGH,MEDIUM,glance; whyItWorks; skills; finish; troubleshooting; keep/storage; faq,,"Multiple core GRIS sections missing/shallow/generic: glance, whyItWorks, skills, finish, troubleshooting, keep/storage, faq"
garnish_recipe_fa_1484_ccebf63e,مسقطی,Phase One,Iranian,NEEDS_FULL_GRIS_REPAIR,41,HIGH,MEDIUM,glance; whyItWorks; skills; finish; troubleshooting; keep/storage; faq,,"Multiple core GRIS sections missing/shallow/generic: glance, whyItWorks, skills, finish, troubleshooting, keep/storage, faq"
garnish_recipe_fa_148_554e136f,آش انار,Phase One,Iranian,NEEDS_FULL_GRIS_REPAIR,42,HIGH,MEDIUM,glance; whyItWorks; skills; finish; troubleshooting; keep/storage; faq,,"Multiple core GRIS sections missing/shallow/generic: glance, whyItWorks, skills, finish, troubleshooting, keep/storage, faq"
garnish_recipe_fa_1496_5705c3de,رنگینک,Phase One,Iranian,NEEDS_FULL_GRIS_REPAIR,38,HIGH,HIGH,glance; whyItWorks; skills; finish; troubleshooting; keep/storage; faq,,"Multiple core GRIS sections missing/shallow/generic: glance, whyItWorks, skills, finish, troubleshooting, keep/storage, faq"
garnish_recipe_fa_1510_2d1f8557,شربت خیار سکنجبین,Phase One,Iranian,NEEDS_FULL_GRIS_REPAIR,36,HIGH,HIGH,glance; whyItWorks; skills; finish; troubleshooting; keep/storage; faq,,"Multiple core GRIS sections missing/shallow/generic: glance, whyItWorks, skills, finish, troubleshooting, keep/storage, faq"
garnish_recipe_fa_1513_1e7a7b4f,شربت بهار نارنج,Phase One,Iranian,NEEDS_FULL_GRIS_REPAIR,37,HIGH,HIGH,glance; whyItWorks; skills; finish; troubleshooting; keep/storage; faq,,"Multiple core GRIS sections missing/shallow/generic: glance, whyItWorks, skills, finish, troubleshooting, keep/storage, faq"
garnish_recipe_fa_1514_82bb4541,شربت گلاب,Phase One,Iranian,NEEDS_FULL_GRIS_REPAIR,34,HIGH,HIGH,glance; whyItWorks; skills; finish; troubleshooting; keep/storage; faq,,"Multiple core GRIS sections missing/shallow/generic: glance, whyItWorks, skills, finish, troubleshooting, keep/storage, faq"
garnish_recipe_fa_1519_9d69f5f1,موهیتو کلاسیک,Phase One,Iranian,NEEDS_FULL_GRIS_REPAIR,32,HIGH,HIGH,glance; whyItWorks; skills; finish; troubleshooting; keep/storage; faq,,"Multiple core GRIS sections missing/shallow/generic: glance, whyItWorks, skills, finish, troubleshooting, keep/storage, faq"
garnish_recipe_fa_1520_8cec648d,لیموناد,Phase One,Iranian,NEEDS_FULL_GRIS_REPAIR,35,HIGH,HIGH,glance; whyItWorks; skills; finish; troubleshooting; keep/storage; faq,,"Multiple core GRIS sections missing/shallow/generic: glance, whyItWorks, skills, finish, troubleshooting, keep/storage, faq"
garnish_recipe_fa_1521_13feed66,املت پنیر,Phase One,Iranian,NEEDS_FULL_GRIS_REPAIR,40,HIGH,MEDIUM,glance; whyItWorks; skills; finish; troubleshooting; keep/storage; faq,,"Multiple core GRIS sections missing/shallow/generic: glance, whyItWorks, skills, finish, troubleshooting, keep/storage, faq"
garnish_recipe_fa_1547_eade852f,کاچی,Phase One,Iranian,NEEDS_FULL_GRIS_REPAIR,38,HIGH,HIGH,glance; whyItWorks; skills; finish; troubleshooting; keep/storage; faq,,"Multiple core GRIS sections missing/shallow/generic: glance, whyItWorks, skills, finish, troubleshooting, keep/storage, faq"
garnish_recipe_fa_1553_fc9a29b8,دیتاکس واتر,Phase One,Iranian,NEEDS_FULL_GRIS_REPAIR,39,HIGH,HIGH,glance; whyItWorks; skills; finish; troubleshooting; keep/storage; faq,,"Multiple core GRIS sections missing/shallow/generic: glance, whyItWorks, skills, finish, troubleshooting, keep/storage, faq"
garnish_recipe_fa_1554_6e31eecc,اسموتی طالبی,Phase One,Iranian,NEEDS_FULL_GRIS_REPAIR,39,HIGH,HIGH,glance; whyItWorks; skills; finish; troubleshooting; keep/storage; faq,,"Multiple core GRIS sections missing/shallow/generic: glance, whyItWorks, skills, finish, troubleshooting, keep/storage, faq"
garnish_recipe_fa_1555_00844d92,شیر پسته,Phase One,Iranian,NEEDS_FULL_GRIS_REPAIR,36,HIGH,HIGH,glance; whyItWorks; skills; finish; troubleshooting; keep/storage; faq,,"Multiple core GRIS sections missing/shallow/generic: glance, whyItWorks, skills, finish, troubleshooting, keep/storage, faq"
garnish_recipe_fa_1562_0d149539,عدسی,Phase One,Iranian,NEEDS_FULL_GRIS_REPAIR,42,HIGH,MEDIUM,glance; whyItWorks; skills; finish; troubleshooting; keep/storage; faq,,"Multiple core GRIS sections missing/shallow/generic: glance, whyItWorks, skills, finish, troubleshooting, keep/storage, faq"
garnish_recipe_fa_1563_68a06056,اسموتی توت‌فرنگی,Phase One,Iranian,NEEDS_FULL_GRIS_REPAIR,36,HIGH,HIGH,glance; whyItWorks; skills; finish; troubleshooting; keep/storage; faq,,"Multiple core GRIS sections missing/shallow/generic: glance, whyItWorks, skills, finish, troubleshooting, keep/storage, faq"
garnish_recipe_fa_1564_e9a872de,اسموتی هندوانه,Phase One,Iranian,NEEDS_FULL_GRIS_REPAIR,34,HIGH,HIGH,glance; whyItWorks; skills; finish; troubleshooting; keep/storage; faq,,"Multiple core GRIS sections missing/shallow/generic: glance, whyItWorks, skills, finish, troubleshooting, keep/storage, faq"
garnish_recipe_fa_166_41ac7f2f,کباب حسینی,Phase One,Iranian,NEEDS_FULL_GRIS_REPAIR,42,HIGH,MEDIUM,glance; whyItWorks; skills; finish; troubleshooting; keep/storage; faq,,"Multiple core GRIS sections missing/shallow/generic: glance, whyItWorks, skills, finish, troubleshooting, keep/storage, faq"
garnish_recipe_fa_167_fc027a91,یخنی نخود شیرازی,Phase One,Iranian,NEEDS_FULL_GRIS_REPAIR,42,HIGH,MEDIUM,glance; whyItWorks; skills; finish; troubleshooting; keep/storage; faq,,"Multiple core GRIS sections missing/shallow/generic: glance, whyItWorks, skills, finish, troubleshooting, keep/storage, faq"
garnish_recipe_fa_1706_34be3c2d,هویج پلو,Phase One,Iranian,NEEDS_FULL_GRIS_REPAIR,42,HIGH,MEDIUM,glance; whyItWorks; skills; finish; troubleshooting; keep/storage; faq,,"Multiple core GRIS sections missing/shallow/generic: glance, whyItWorks, skills, finish, troubleshooting, keep/storage, faq"
garnish_recipe_fa_173_ab17534c,بستنی سنتی,Phase One,Iranian,NEEDS_FULL_GRIS_REPAIR,42,HIGH,MEDIUM,glance; whyItWorks; skills; finish; troubleshooting; keep/storage; faq,,"Multiple core GRIS sections missing/shallow/generic: glance, whyItWorks, skills, finish, troubleshooting, keep/storage, faq"
garnish_recipe_fa_1747_23e0a898,سالاد اندونزی,Phase One,Iranian,NEEDS_FULL_GRIS_REPAIR,42,HIGH,MEDIUM,glance; whyItWorks; skills; finish; troubleshooting; keep/storage; faq,,"Multiple core GRIS sections missing/shallow/generic: glance, whyItWorks, skills, finish, troubleshooting, keep/storage, faq"
garnish_recipe_fa_1751_cd7bc7b8,سالاد مرغ,Phase One,Iranian,NEEDS_FULL_GRIS_REPAIR,39,HIGH,HIGH,glance; whyItWorks; skills; finish; troubleshooting; keep/storage; faq,,"Multiple core GRIS sections missing/shallow/generic: glance, whyItWorks, skills, finish, troubleshooting, keep/storage, faq"
garnish_recipe_fa_175_51f87cb3,گز اصفهان,Phase One,Iranian,NEEDS_FULL_GRIS_REPAIR,40,HIGH,MEDIUM,glance; whyItWorks; skills; finish; troubleshooting; keep/storage; faq,,"Multiple core GRIS sections missing/shallow/generic: glance, whyItWorks, skills, finish, troubleshooting, keep/storage, faq"
garnish_recipe_fa_1762_ecb03b4e,سالاد سیب زمینی,Phase One,Iranian,NEEDS_FULL_GRIS_REPAIR,39,HIGH,HIGH,glance; whyItWorks; skills; finish; troubleshooting; keep/storage; faq,,"Multiple core GRIS sections missing/shallow/generic: glance, whyItWorks, skills, finish, troubleshooting, keep/storage, faq"
garnish_recipe_fa_1768_7a1c6699,سوسیس بندری,Phase One,Iranian,NEEDS_FULL_GRIS_REPAIR,42,HIGH,MEDIUM,glance; whyItWorks; skills; finish; troubleshooting; keep/storage; faq,,"Multiple core GRIS sections missing/shallow/generic: glance, whyItWorks, skills, finish, troubleshooting, keep/storage, faq"
garnish_recipe_fa_176_60f55560,سوهان قم,Phase One,Iranian,NEEDS_FULL_GRIS_REPAIR,41,HIGH,MEDIUM,glance; whyItWorks; skills; finish; troubleshooting; keep/storage; faq,,"Multiple core GRIS sections missing/shallow/generic: glance, whyItWorks, skills, finish, troubleshooting, keep/storage, faq"
garnish_recipe_fa_177_c8caf164,قطاب یزدی,Phase One,Iranian,NEEDS_FULL_GRIS_REPAIR,42,HIGH,MEDIUM,glance; whyItWorks; skills; finish; troubleshooting; keep/storage; faq,,"Multiple core GRIS sections missing/shallow/generic: glance, whyItWorks, skills, finish, troubleshooting, keep/storage, faq"
garnish_recipe_fa_1780_c3b8ce04,پنکیک,Phase One,Iranian,NEEDS_FULL_GRIS_REPAIR,42,HIGH,MEDIUM,glance; whyItWorks; skills; finish; troubleshooting; keep/storage; faq,,"Multiple core GRIS sections missing/shallow/generic: glance, whyItWorks, skills, finish, troubleshooting, keep/storage, faq"
garnish_recipe_fa_180_c301e88a,نان برنجی کرمانشاهی,Phase One,Iranian,NEEDS_FULL_GRIS_REPAIR,41,HIGH,MEDIUM,glance; whyItWorks; skills; finish; troubleshooting; keep/storage; faq,,"Multiple core GRIS sections missing/shallow/generic: glance, whyItWorks, skills, finish, troubleshooting, keep/storage, faq"
garnish_recipe_fa_181_40d368f2,نان نخودچی,Phase One,Iranian,NEEDS_FULL_GRIS_REPAIR,40,HIGH,MEDIUM,glance; whyItWorks; skills; finish; troubleshooting; keep/storage; faq,,"Multiple core GRIS sections missing/shallow/generic: glance, whyItWorks, skills, finish, troubleshooting, keep/storage, faq"
garnish_recipe_fa_182_37f081ea,کلمپه کرمانی,Phase One,Iranian,NEEDS_FULL_GRIS_REPAIR,42,HIGH,MEDIUM,glance; whyItWorks; skills; finish; troubleshooting; keep/storage; faq,,"Multiple core GRIS sections missing/shallow/generic: glance, whyItWorks, skills, finish, troubleshooting, keep/storage, faq"
garnish_recipe_fa_183_6fb2ab4a,کلوچه فومن,Phase One,Iranian,NEEDS_FULL_GRIS_REPAIR,42,HIGH,MEDIUM,glance; whyItWorks; skills; finish; troubleshooting; keep/storage; faq,,"Multiple core GRIS sections missing/shallow/generic: glance, whyItWorks, skills, finish, troubleshooting, keep/storage, faq"
garnish_recipe_fa_184_e616db37,رشته خشکار,Phase One,Iranian,NEEDS_FULL_GRIS_REPAIR,42,HIGH,MEDIUM,glance; whyItWorks; skills; finish; troubleshooting; keep/storage; faq,,"Multiple core GRIS sections missing/shallow/generic: glance, whyItWorks, skills, finish, troubleshooting, keep/storage, faq"
garnish_recipe_fa_185_c892351b,سمنو,Phase One,Iranian,NEEDS_FULL_GRIS_REPAIR,36,HIGH,HIGH,glance; ingredients; whyItWorks; skills; finish; troubleshooting; keep/storage; faq,,"Multiple core GRIS sections missing/shallow/generic: glance, ingredients, whyItWorks, skills, finish, troubleshooting, keep/storage, faq"
garnish_recipe_fa_191_de46bbb6,کدو بره مازندرانی,Phase One,Iranian,NEEDS_FULL_GRIS_REPAIR,42,HIGH,MEDIUM,glance; whyItWorks; skills; finish; troubleshooting; keep/storage; faq,,"Multiple core GRIS sections missing/shallow/generic: glance, whyItWorks, skills, finish, troubleshooting, keep/storage, faq"
garnish_recipe_fa_192_fe533328,ملابیج گیلانی,Phase One,Iranian,NEEDS_FULL_GRIS_REPAIR,41,HIGH,MEDIUM,glance; whyItWorks; skills; finish; troubleshooting; keep/storage; faq,,"Multiple core GRIS sections missing/shallow/generic: glance, whyItWorks, skills, finish, troubleshooting, keep/storage, faq"
garnish_recipe_fa_193_35a54c20,لاوانگی مرغ تالش,Phase One,Iranian,NEEDS_FULL_GRIS_REPAIR,42,HIGH,MEDIUM,glance; whyItWorks; skills; finish; troubleshooting; keep/storage; faq,,"Multiple core GRIS sections missing/shallow/generic: glance, whyItWorks, skills, finish, troubleshooting, keep/storage, faq"
garnish_recipe_fa_196_9e48ca8f,کله گنجشکی,Phase One,Iranian,NEEDS_FULL_GRIS_REPAIR,42,HIGH,MEDIUM,glance; whyItWorks; skills; finish; troubleshooting; keep/storage; faq,,"Multiple core GRIS sections missing/shallow/generic: glance, whyItWorks, skills, finish, troubleshooting, keep/storage, faq"
garnish_recipe_fa_2014_249aa268,خمیر پیتزا ایتالیایی,Phase One,Foreign,NEEDS_FULL_GRIS_REPAIR,36,HIGH,HIGH,glance; whyItWorks; skills; finish; troubleshooting; keep/storage; faq,,"Multiple core GRIS sections missing/shallow/generic: glance, whyItWorks, skills, finish, troubleshooting, keep/storage, faq"
garnish_recipe_fa_2018_2572b935,سس بشامل,Phase One,Foreign,NEEDS_FULL_GRIS_REPAIR,39,HIGH,HIGH,glance; whyItWorks; skills; finish; troubleshooting; keep/storage; faq,,"Multiple core GRIS sections missing/shallow/generic: glance, whyItWorks, skills, finish, troubleshooting, keep/storage, faq"
garnish_recipe_fa_2022_ed370352,سس پستو,Phase One,Foreign,NEEDS_FULL_GRIS_REPAIR,41,HIGH,MEDIUM,glance; whyItWorks; skills; finish; troubleshooting; keep/storage; faq,,"Multiple core GRIS sections missing/shallow/generic: glance, whyItWorks, skills, finish, troubleshooting, keep/storage, faq"
garnish_recipe_fa_2032_c2aacc2c,سس همبرگر,Phase One,Iranian,NEEDS_FULL_GRIS_REPAIR,39,HIGH,HIGH,glance; whyItWorks; skills; finish; troubleshooting; keep/storage; faq,,"Multiple core GRIS sections missing/shallow/generic: glance, whyItWorks, skills, finish, troubleshooting, keep/storage, faq"
garnish_recipe_fa_2039_b49f818c,رد موهیتو,Phase One,Iranian,NEEDS_FULL_GRIS_REPAIR,35,HIGH,HIGH,glance; whyItWorks; skills; finish; troubleshooting; keep/storage; faq,,"Multiple core GRIS sections missing/shallow/generic: glance, whyItWorks, skills, finish, troubleshooting, keep/storage, faq"
garnish_recipe_fa_2056_099d047a,سالاد شیرازی,Phase One,Iranian,NEEDS_FULL_GRIS_REPAIR,42,HIGH,MEDIUM,glance; whyItWorks; skills; finish; troubleshooting; keep/storage; faq,,"Multiple core GRIS sections missing/shallow/generic: glance, whyItWorks, skills, finish, troubleshooting, keep/storage, faq"
garnish_recipe_fa_2082_eaf326bf,پیتزا استیک گوشت,Phase One,Foreign,NEEDS_FULL_GRIS_REPAIR,42,HIGH,MEDIUM,glance; whyItWorks; skills; finish; troubleshooting; keep/storage; faq,,"Multiple core GRIS sections missing/shallow/generic: glance, whyItWorks, skills, finish, troubleshooting, keep/storage, faq"
garnish_recipe_fa_2099_2ce15e17,پیتزا مارگاریتا,Phase One,Foreign,NEEDS_FULL_GRIS_REPAIR,37,HIGH,HIGH,glance; whyItWorks; skills; finish; troubleshooting; keep/storage; faq,,"Multiple core GRIS sections missing/shallow/generic: glance, whyItWorks, skills, finish, troubleshooting, keep/storage, faq"
garnish_recipe_fa_2107_5f30a146,پیتزا بیکن,Phase One,Foreign,NEEDS_FULL_GRIS_REPAIR,40,HIGH,MEDIUM,glance; whyItWorks; skills; finish; troubleshooting; keep/storage; faq,,"Multiple core GRIS sections missing/shallow/generic: glance, whyItWorks, skills, finish, troubleshooting, keep/storage, faq"
garnish_recipe_fa_79_792d1196,آش دندونی,Phase One,Iranian,NEEDS_FULL_GRIS_REPAIR,42,HIGH,MEDIUM,glance; whyItWorks; skills; finish; troubleshooting; keep/storage; faq,,"Multiple core GRIS sections missing/shallow/generic: glance, whyItWorks, skills, finish, troubleshooting, keep/storage, faq"
garnish_recipe_fa_85_575ccb7a,کباب سلطانی,Phase One,Iranian,NEEDS_FULL_GRIS_REPAIR,42,HIGH,MEDIUM,glance; whyItWorks; skills; finish; troubleshooting; keep/storage; faq,,"Multiple core GRIS sections missing/shallow/generic: glance, whyItWorks, skills, finish, troubleshooting, keep/storage, faq"
garnish_recipe_fa_86_ffcd0713,کباب بناب,Phase One,Iranian,NEEDS_FULL_GRIS_REPAIR,40,HIGH,MEDIUM,glance; whyItWorks; skills; finish; troubleshooting; keep/storage; faq,,"Multiple core GRIS sections missing/shallow/generic: glance, whyItWorks, skills, finish, troubleshooting, keep/storage, faq"
garnish_recipe_fa_87_b75c560e,دنده‌کباب کرمانشاهی,Phase One,Iranian,NEEDS_FULL_GRIS_REPAIR,42,HIGH,MEDIUM,glance; whyItWorks; skills; finish; troubleshooting; keep/storage; faq,,"Multiple core GRIS sections missing/shallow/generic: glance, whyItWorks, skills, finish, troubleshooting, keep/storage, faq"
garnish_recipe_fa_88_c20a5f8b,کباب وزیری,Phase One,Iranian,NEEDS_FULL_GRIS_REPAIR,42,HIGH,MEDIUM,glance; whyItWorks; skills; finish; troubleshooting; keep/storage; faq,,"Multiple core GRIS sections missing/shallow/generic: glance, whyItWorks, skills, finish, troubleshooting, keep/storage, faq"
garnish_recipe_fa_91_a3224405,مرغ شکم‌پر,Phase One,Iranian,NEEDS_FULL_GRIS_REPAIR,42,HIGH,MEDIUM,glance; whyItWorks; skills; finish; troubleshooting; keep/storage; faq,,"Multiple core GRIS sections missing/shallow/generic: glance, whyItWorks, skills, finish, troubleshooting, keep/storage, faq"
garnish_recipe_fa_92_397baf20,جگر کبابی,Phase One,Iranian,NEEDS_FULL_GRIS_REPAIR,40,HIGH,MEDIUM,glance; whyItWorks; skills; finish; troubleshooting; keep/storage; faq,,"Multiple core GRIS sections missing/shallow/generic: glance, whyItWorks, skills, finish, troubleshooting, keep/storage, faq"
garnish_recipe_fa_96_730b7817,بزقرمه کرمانی,Phase One,Iranian,NEEDS_FULL_GRIS_REPAIR,42,HIGH,MEDIUM,glance; whyItWorks; skills; finish; troubleshooting; keep/storage; faq,,"Multiple core GRIS sections missing/shallow/generic: glance, whyItWorks, skills, finish, troubleshooting, keep/storage, faq"
garnish_recipe_fa_97_b033ed16,خورشت لوبیا سبز,Phase One,Iranian,NEEDS_FULL_GRIS_REPAIR,42,HIGH,MEDIUM,glance; whyItWorks; skills; finish; troubleshooting; keep/storage; faq,,"Multiple core GRIS sections missing/shallow/generic: glance, whyItWorks, skills, finish, troubleshooting, keep/storage, faq"
garnish_recipe_global_143_002_5f663504,صبحانه کامل انگلیسی,Global 143,Foreign,NEEDS_FULL_GRIS_REPAIR,70,LOW,LOW,whyItWorks; skills; troubleshooting; keep/storage; faq,,"Multiple core GRIS sections missing/shallow/generic: whyItWorks, skills, troubleshooting, keep/storage, faq"
garnish_recipe_global_143_003_e6033f62,بندیکت تخم‌مرغ,Global 143,Foreign,NEEDS_FULL_GRIS_REPAIR,70,LOW,LOW,whyItWorks; skills; troubleshooting; keep/storage; faq,,"Multiple core GRIS sections missing/shallow/generic: whyItWorks, skills, troubleshooting, keep/storage, faq"
garnish_recipe_global_143_004_44168530,بیگل با لاکس و پنیر خامه‌ای,Global 143,Foreign,NEEDS_FULL_GRIS_REPAIR,63,MEDIUM,LOW,whyItWorks; skills; troubleshooting; keep/storage; faq,,"Multiple core GRIS sections missing/shallow/generic: whyItWorks, skills, troubleshooting, keep/storage, faq"
garnish_recipe_global_143_005_6deeb347,کنجی صبحانه چینی,Global 143,Foreign,NEEDS_FULL_GRIS_REPAIR,60,MEDIUM,LOW,whyItWorks; skills; troubleshooting; keep/storage; faq,generic phrase: در پایان تنظیم کنید,"Multiple core GRIS sections missing/shallow/generic: whyItWorks, skills, troubleshooting, keep/storage, faq"
garnish_recipe_global_143_006_10cd2dcc,سیومای کانتونی دیم‌سام,Global 143,Foreign,NEEDS_FULL_GRIS_REPAIR,70,LOW,LOW,whyItWorks; skills; troubleshooting; keep/storage; faq,,"Multiple core GRIS sections missing/shallow/generic: whyItWorks, skills, troubleshooting, keep/storage, faq"
garnish_recipe_global_143_007_578cc354,ناتو با برنج,Global 143,Foreign,NEEDS_FULL_GRIS_REPAIR,58,MEDIUM,MEDIUM,whyItWorks; skills; troubleshooting; variations; keep/storage; faq,,"Multiple core GRIS sections missing/shallow/generic: whyItWorks, skills, troubleshooting, variations, keep/storage, faq"
garnish_recipe_global_143_008_22e17e44,تاماگویاکی ژاپنی,Global 143,Foreign,NEEDS_FULL_GRIS_REPAIR,61,MEDIUM,LOW,whyItWorks; skills; troubleshooting; variations; keep/storage; faq,,"Multiple core GRIS sections missing/shallow/generic: whyItWorks, skills, troubleshooting, variations, keep/storage, faq"
garnish_recipe_global_143_009_6df91ec8,کایماک و عسل ترکی,Global 143,Foreign,NEEDS_FULL_GRIS_REPAIR,58,MEDIUM,MEDIUM,whyItWorks; skills; troubleshooting; variations; keep/storage; faq,,"Multiple core GRIS sections missing/shallow/generic: whyItWorks, skills, troubleshooting, variations, keep/storage, faq"
garnish_recipe_global_143_010_8626885f,سوجوک با تخم‌مرغ,Global 143,Foreign,NEEDS_FULL_GRIS_REPAIR,58,MEDIUM,MEDIUM,whyItWorks; skills; troubleshooting; variations; keep/storage; faq,,"Multiple core GRIS sections missing/shallow/generic: whyItWorks, skills, troubleshooting, variations, keep/storage, faq"
garnish_recipe_global_143_011_0fce0e09,فول مدمس مصری,Global 143,Foreign,NEEDS_FULL_GRIS_REPAIR,60,MEDIUM,LOW,whyItWorks; skills; troubleshooting; keep/storage; faq,,"Multiple core GRIS sections missing/shallow/generic: whyItWorks, skills, troubleshooting, keep/storage, faq"
garnish_recipe_global_143_012_17b7b915,پاراتای سیب‌زمینی,Global 143,Foreign,NEEDS_FULL_GRIS_REPAIR,68,LOW,LOW,whyItWorks; skills; troubleshooting; variations; keep/storage; faq,,"Multiple core GRIS sections missing/shallow/generic: whyItWorks, skills, troubleshooting, variations, keep/storage, faq"
garnish_recipe_global_143_013_d4a1df19,ایدلی با سامبار,Global 143,Foreign,NEEDS_FULL_GRIS_REPAIR,68,LOW,LOW,whyItWorks; skills; troubleshooting; variations; keep/storage; faq,,"Multiple core GRIS sections missing/shallow/generic: whyItWorks, skills, troubleshooting, variations, keep/storage, faq"
garnish_recipe_global_143_014_8a86b8a0,دوسا ماسالا,Global 143,Foreign,NEEDS_FULL_GRIS_REPAIR,68,LOW,LOW,whyItWorks; skills; troubleshooting; variations; keep/storage; faq,,"Multiple core GRIS sections missing/shallow/generic: whyItWorks, skills, troubleshooting, variations, keep/storage, faq"
garnish_recipe_global_143_015_39a2f209,چورو با شکلات داغ,Global 143,Foreign,NEEDS_FULL_GRIS_REPAIR,68,LOW,LOW,whyItWorks; skills; troubleshooting; variations; keep/storage; faq,,"Multiple core GRIS sections missing/shallow/generic: whyItWorks, skills, troubleshooting, variations, keep/storage, faq"
garnish_recipe_global_143_016_1e4df1c0,پان کن توماته,Global 143,Foreign,NEEDS_FULL_GRIS_REPAIR,55,MEDIUM,MEDIUM,whyItWorks; skills; troubleshooting; variations; keep/storage; faq,,"Multiple core GRIS sections missing/shallow/generic: whyItWorks, skills, troubleshooting, variations, keep/storage, faq"
garnish_recipe_global_143_017_5b23f5df,برتشن آلمانی با صبحانه سرد,Global 143,Foreign,NEEDS_FULL_GRIS_REPAIR,68,LOW,LOW,whyItWorks; skills; troubleshooting; variations; keep/storage; faq,,"Multiple core GRIS sections missing/shallow/generic: whyItWorks, skills, troubleshooting, variations, keep/storage, faq"
garnish_recipe_global_143_018_285f8e1b,بیرچر میوزلی,Global 143,Foreign,NEEDS_FULL_GRIS_REPAIR,63,MEDIUM,LOW,whyItWorks; skills; troubleshooting; keep/storage; faq,,"Multiple core GRIS sections missing/shallow/generic: whyItWorks, skills, troubleshooting, keep/storage, faq"
garnish_recipe_global_143_019_c41b07d2,پنکیک آمریکایی با شربت افرا,Global 143,Foreign,NEEDS_FULL_GRIS_REPAIR,68,LOW,LOW,whyItWorks; skills; troubleshooting; variations; keep/storage; faq,,"Multiple core GRIS sections missing/shallow/generic: whyItWorks, skills, troubleshooting, variations, keep/storage, faq"
garnish_recipe_global_143_020_0b2a0961,وافل باترمیلک,Global 143,Foreign,NEEDS_FULL_GRIS_REPAIR,68,LOW,LOW,whyItWorks; skills; troubleshooting; variations; keep/storage; faq,,"Multiple core GRIS sections missing/shallow/generic: whyItWorks, skills, troubleshooting, variations, keep/storage, faq"
garnish_recipe_global_143_021_7cee5181,فرنچ تست کلاسیک,Global 143,Foreign,NEEDS_FULL_GRIS_REPAIR,70,LOW,LOW,whyItWorks; troubleshooting; keep/storage; faq,,"Multiple core GRIS sections missing/shallow/generic: whyItWorks, troubleshooting, keep/storage, faq"
garnish_recipe_global_143_022_a1009be1,آووکادو تست له‌شده,Global 143,Foreign,NEEDS_FULL_GRIS_REPAIR,63,MEDIUM,LOW,whyItWorks; skills; troubleshooting; keep/storage; faq,,"Multiple core GRIS sections missing/shallow/generic: whyItWorks, skills, troubleshooting, keep/storage, faq"
garnish_recipe_global_143_023_07bead9c,کایا تست سنگاپوری,Global 143,Foreign,NEEDS_FULL_GRIS_REPAIR,67,LOW,LOW,whyItWorks; troubleshooting; keep/storage; faq,,"Multiple core GRIS sections missing/shallow/generic: whyItWorks, troubleshooting, keep/storage, faq"
garnish_recipe_global_143_024_194514e6,اسپرسوی دوبل خانگی,Global 143,Foreign,NEEDS_FULL_GRIS_REPAIR,54,MEDIUM,MEDIUM,ingredients; whyItWorks; troubleshooting; variations; keep/storage; faq,,"Multiple core GRIS sections missing/shallow/generic: ingredients, whyItWorks, troubleshooting, variations, keep/storage, faq"
garnish_recipe_global_143_025_7119c557,کاپوچینوی کلاسیک,Global 143,Foreign,NEEDS_FULL_GRIS_REPAIR,56,MEDIUM,MEDIUM,ingredients; whyItWorks; troubleshooting; variations; keep/storage; faq,,"Multiple core GRIS sections missing/shallow/generic: ingredients, whyItWorks, troubleshooting, variations, keep/storage, faq"
garnish_recipe_global_143_026_e631bbb6,ماچا لاته گرم,Global 143,Foreign,NEEDS_FULL_GRIS_REPAIR,65,LOW,LOW,whyItWorks; troubleshooting; variations; keep/storage; faq,,"Multiple core GRIS sections missing/shallow/generic: whyItWorks, troubleshooting, variations, keep/storage, faq"
garnish_recipe_global_143_027_355acc01,چای ماسالای هندی,Global 143,Foreign,NEEDS_FULL_GRIS_REPAIR,65,LOW,LOW,whyItWorks; troubleshooting; variations; keep/storage; faq,,"Multiple core GRIS sections missing/shallow/generic: whyItWorks, troubleshooting, variations, keep/storage, faq"
garnish_recipe_global_143_028_d4b2bfd8,چای حبابی شیری,Global 143,Foreign,NEEDS_FULL_GRIS_REPAIR,65,LOW,LOW,whyItWorks; troubleshooting; variations; keep/storage; faq,,"Multiple core GRIS sections missing/shallow/generic: whyItWorks, troubleshooting, variations, keep/storage, faq"
garnish_recipe_global_143_029_c3687330,هات چاکلت کلاسیک,Global 143,Foreign,NEEDS_FULL_GRIS_REPAIR,65,LOW,LOW,whyItWorks; troubleshooting; variations; keep/storage; faq,,"Multiple core GRIS sections missing/shallow/generic: whyItWorks, troubleshooting, variations, keep/storage, faq"
garnish_recipe_global_143_030_4f8b9a24,لیمونانای نعناع,Global 143,Foreign,NEEDS_FULL_GRIS_REPAIR,65,LOW,LOW,whyItWorks; troubleshooting; variations; keep/storage; faq,,"Multiple core GRIS sections missing/shallow/generic: whyItWorks, troubleshooting, variations, keep/storage, faq"
garnish_recipe_global_143_031_1302a859,آیران ترکی,Global 143,Foreign,NEEDS_FULL_GRIS_REPAIR,61,MEDIUM,LOW,whyItWorks; skills; troubleshooting; variations; keep/storage; faq,,"Multiple core GRIS sections missing/shallow/generic: whyItWorks, skills, troubleshooting, variations, keep/storage, faq"
garnish_recipe_global_143_032_0bd00218,لسی انبه و هل,Global 143,Foreign,NEEDS_FULL_GRIS_REPAIR,65,LOW,LOW,whyItWorks; troubleshooting; variations; keep/storage; faq,,"Multiple core GRIS sections missing/shallow/generic: whyItWorks, troubleshooting, variations, keep/storage, faq"
garnish_recipe_global_143_033_4844ee49,آگوا فرسکای هندوانه,Global 143,Foreign,NEEDS_FULL_GRIS_REPAIR,65,LOW,LOW,whyItWorks; troubleshooting; variations; keep/storage; faq,,"Multiple core GRIS sections missing/shallow/generic: whyItWorks, troubleshooting, variations, keep/storage, faq"
garnish_recipe_global_143_034_51a63c81,ماته سنتی,Global 143,Foreign,NEEDS_FULL_GRIS_REPAIR,50,MEDIUM,MEDIUM,ingredients; whyItWorks; skills; troubleshooting; variations; keep/storage; faq,,"Multiple core GRIS sections missing/shallow/generic: ingredients, whyItWorks, skills, troubleshooting, variations, keep/storage, faq"
garnish_recipe_global_143_035_10b9f67b,قهوه سرد ویتنامی با شیر عسلی,Global 143,Foreign,NEEDS_FULL_GRIS_REPAIR,65,LOW,LOW,whyItWorks; troubleshooting; variations; keep/storage; faq,,"Multiple core GRIS sections missing/shallow/generic: whyItWorks, troubleshooting, variations, keep/storage, faq"
garnish_recipe_global_143_036_bc4e7808,چای نعناع مراکشی,Global 143,Foreign,NEEDS_FULL_GRIS_REPAIR,65,LOW,LOW,whyItWorks; troubleshooting; variations; keep/storage; faq,,"Multiple core GRIS sections missing/shallow/generic: whyItWorks, troubleshooting, variations, keep/storage, faq"
garnish_recipe_global_143_037_976fda08,هورچاتای برنج و دارچین,Global 143,Foreign,NEEDS_FULL_GRIS_REPAIR,65,LOW,LOW,whyItWorks; troubleshooting; variations; keep/storage; faq,,"Multiple core GRIS sections missing/shallow/generic: whyItWorks, troubleshooting, variations, keep/storage, faq"
garnish_recipe_global_143_038_c723f599,چای سرد تایلندی,Global 143,Foreign,NEEDS_FULL_GRIS_REPAIR,65,LOW,LOW,whyItWorks; troubleshooting; variations; keep/storage; faq,,"Multiple core GRIS sections missing/shallow/generic: whyItWorks, troubleshooting, variations, keep/storage, faq"
garnish_recipe_global_143_039_d8dc5a96,اسپرینگ رول تازه ویتنامی,Global 143,Foreign,NEEDS_FULL_GRIS_REPAIR,72,LOW,LOW,whyItWorks; troubleshooting; variations; keep/storage; faq,,"Multiple core GRIS sections missing/shallow/generic: whyItWorks, troubleshooting, variations, keep/storage, faq"
garnish_recipe_global_143_040_dcfd7c46,گیوزای خوک و کلم,Global 143,Foreign,NEEDS_FULL_GRIS_REPAIR,72,LOW,LOW,whyItWorks; troubleshooting; variations; keep/storage; faq,,"Multiple core GRIS sections missing/shallow/generic: whyItWorks, troubleshooting, variations, keep/storage, faq"
garnish_recipe_global_143_041_33abbd3b,کیمچی کلم چینی,Global 143,Foreign,NEEDS_FULL_GRIS_REPAIR,73,LOW,LOW,whyItWorks; skills; troubleshooting; keep/storage; faq,,"Multiple core GRIS sections missing/shallow/generic: whyItWorks, skills, troubleshooting, keep/storage, faq"
garnish_recipe_global_143_042_f549dcd3,پاجون پیازچه کره‌ای,Global 143,Foreign,NEEDS_FULL_GRIS_REPAIR,73,LOW,LOW,whyItWorks; skills; troubleshooting; keep/storage; faq,,"Multiple core GRIS sections missing/shallow/generic: whyItWorks, skills, troubleshooting, keep/storage, faq"
garnish_recipe_global_143_043_4f0736e0,هار گائو میگوی کانتونی,Global 143,Foreign,NEEDS_FULL_GRIS_REPAIR,73,LOW,LOW,whyItWorks; skills; troubleshooting; keep/storage; faq,,"Multiple core GRIS sections missing/shallow/generic: whyItWorks, skills, troubleshooting, keep/storage, faq"
garnish_recipe_global_143_044_051125e5,بائوی بخارپز شکم‌پر,Global 143,Foreign,NEEDS_FULL_GRIS_REPAIR,73,LOW,LOW,whyItWorks; skills; troubleshooting; keep/storage; faq,,"Multiple core GRIS sections missing/shallow/generic: whyItWorks, skills, troubleshooting, keep/storage, faq"
garnish_recipe_global_143_045_c37fb32d,پاکورای سبزیجات ترد,Global 143,Foreign,NEEDS_FULL_GRIS_REPAIR,70,LOW,LOW,whyItWorks; skills; troubleshooting; keep/storage; faq,,"Multiple core GRIS sections missing/shallow/generic: whyItWorks, skills, troubleshooting, keep/storage, faq"
garnish_recipe_global_143_046_b111554d,ساموسای سیب‌زمینی هندی,Global 143,Foreign,NEEDS_FULL_GRIS_REPAIR,73,LOW,LOW,whyItWorks; skills; troubleshooting; keep/storage; faq,,"Multiple core GRIS sections missing/shallow/generic: whyItWorks, skills, troubleshooting, keep/storage, faq"
garnish_recipe_global_143_047_8830766d,اسپرینگ‌رول تایلندی سرخ‌شده,Global 143,Foreign,NEEDS_FULL_GRIS_REPAIR,73,LOW,LOW,whyItWorks; skills; troubleshooting; keep/storage; faq,,"Multiple core GRIS sections missing/shallow/generic: whyItWorks, skills, troubleshooting, keep/storage, faq"
garnish_recipe_global_143_048_2f232e7c,لومپیای فیلیپینی,Global 143,Foreign,NEEDS_FULL_GRIS_REPAIR,73,LOW,LOW,whyItWorks; skills; troubleshooting; keep/storage; faq,,"Multiple core GRIS sections missing/shallow/generic: whyItWorks, skills, troubleshooting, keep/storage, faq"
garnish_recipe_global_143_049_9785e6eb,امپانادای گوشت,Global 143,Foreign,NEEDS_FULL_GRIS_REPAIR,73,LOW,LOW,whyItWorks; skills; troubleshooting; keep/storage; faq,,"Multiple core GRIS sections missing/shallow/generic: whyItWorks, skills, troubleshooting, keep/storage, faq"
garnish_recipe_global_143_050_8a9f951a,گواکاموله کلاسیک,Global 143,Foreign,NEEDS_FULL_GRIS_REPAIR,73,LOW,LOW,whyItWorks; skills; troubleshooting; keep/storage; faq,,"Multiple core GRIS sections missing/shallow/generic: whyItWorks, skills, troubleshooting, keep/storage, faq"
garnish_recipe_global_143_051_3e8df432,کسادیا پنیر,Global 143,Foreign,NEEDS_FULL_GRIS_REPAIR,73,LOW,LOW,whyItWorks; skills; troubleshooting; keep/storage; faq,generic phrase: کنترل حرارت,"Multiple core GRIS sections missing/shallow/generic: whyItWorks, skills, troubleshooting, keep/storage, faq"
garnish_recipe_global_143_052_fd0a302b,ادامامه نمکی,Global 143,Foreign,NEEDS_FULL_GRIS_REPAIR,61,MEDIUM,LOW,ingredients; whyItWorks; skills; troubleshooting; keep/storage; faq,,"Multiple core GRIS sections missing/shallow/generic: ingredients, whyItWorks, skills, troubleshooting, keep/storage, faq"
garnish_recipe_global_143_053_7f9d9df9,بال مرغ بوفالو,Global 143,Foreign,NEEDS_FULL_GRIS_REPAIR,70,LOW,LOW,whyItWorks; skills; troubleshooting; keep/storage; faq,,"Multiple core GRIS sections missing/shallow/generic: whyItWorks, skills, troubleshooting, keep/storage, faq"
garnish_recipe_global_143_054_5c472b48,ناچوی پنیری لایه‌ای,Global 143,Foreign,NEEDS_FULL_GRIS_REPAIR,73,LOW,LOW,whyItWorks; skills; troubleshooting; keep/storage; faq,,"Multiple core GRIS sections missing/shallow/generic: whyItWorks, skills, troubleshooting, keep/storage, faq"
garnish_recipe_global_143_055_f8fbb75e,فلفل پادرون تاول‌زده,Global 143,Foreign,NEEDS_FULL_GRIS_REPAIR,64,MEDIUM,LOW,ingredients; whyItWorks; skills; troubleshooting; keep/storage; faq,,"Multiple core GRIS sections missing/shallow/generic: ingredients, whyItWorks, skills, troubleshooting, keep/storage, faq"
garnish_recipe_global_143_056_c9972b5b,کروکتای ژامبون اسپانیایی,Global 143,Foreign,NEEDS_FULL_GRIS_REPAIR,70,LOW,LOW,whyItWorks; skills; troubleshooting; keep/storage; faq,,"Multiple core GRIS sections missing/shallow/generic: whyItWorks, skills, troubleshooting, keep/storage, faq"
garnish_recipe_global_143_057_6f8924e9,کارپاچوی گوشت با روکا و پارمزان,Global 143,Foreign,NEEDS_FULL_GRIS_REPAIR,73,LOW,LOW,whyItWorks; skills; troubleshooting; keep/storage; faq,,"Multiple core GRIS sections missing/shallow/generic: whyItWorks, skills, troubleshooting, keep/storage, faq"
garnish_recipe_global_143_058_33c6e1fc,بشقاب آنتی‌پاستوی ایتالیایی,Global 143,Foreign,NEEDS_FULL_GRIS_REPAIR,73,LOW,LOW,whyItWorks; skills; troubleshooting; keep/storage; faq,,"Multiple core GRIS sections missing/shallow/generic: whyItWorks, skills, troubleshooting, keep/storage, faq"
garnish_recipe_global_143_059_1049b27a,بلینی گندم سیاه با خاویار,Global 143,Foreign,NEEDS_FULL_GRIS_REPAIR,70,LOW,LOW,whyItWorks; skills; troubleshooting; keep/storage; faq,,"Multiple core GRIS sections missing/shallow/generic: whyItWorks, skills, troubleshooting, keep/storage, faq"
garnish_recipe_global_143_060_17a8b6d3,متبل بادمجان دودی,Global 143,Foreign,NEEDS_FULL_GRIS_REPAIR,70,LOW,LOW,whyItWorks; skills; troubleshooting; keep/storage; faq,,"Multiple core GRIS sections missing/shallow/generic: whyItWorks, skills, troubleshooting, keep/storage, faq"
garnish_recipe_global_143_061_6a6023a1,حلومی گریل‌شده با لیمو و سبزی,Global 143,Foreign,NEEDS_FULL_GRIS_REPAIR,66,LOW,LOW,whyItWorks; skills; troubleshooting; keep/storage; faq,generic phrase: کنترل حرارت,"Multiple core GRIS sections missing/shallow/generic: whyItWorks, skills, troubleshooting, keep/storage, faq"
garnish_recipe_global_143_062_f288b067,صدف تازه روی نیم‌پوسته,Global 143,Foreign,NEEDS_FULL_GRIS_REPAIR,73,LOW,LOW,whyItWorks; skills; troubleshooting; keep/storage; faq,,"Multiple core GRIS sections missing/shallow/generic: whyItWorks, skills, troubleshooting, keep/storage, faq"
garnish_recipe_global_143_063_b14ec21c,اکلر شکلاتی کلاسیک,Global 143,Foreign,NEEDS_FULL_GRIS_REPAIR,73,LOW,LOW,whyItWorks; skills; troubleshooting; keep/storage; faq,,"Multiple core GRIS sections missing/shallow/generic: whyItWorks, skills, troubleshooting, keep/storage, faq"
garnish_recipe_global_143_064_71576bec,ماکارون وانیلی فرانسوی,Global 143,Foreign,NEEDS_FULL_GRIS_REPAIR,73,LOW,LOW,whyItWorks; skills; troubleshooting; keep/storage; faq,,"Multiple core GRIS sections missing/shallow/generic: whyItWorks, skills, troubleshooting, keep/storage, faq"
garnish_recipe_global_143_065_c4cb085e,تارت تاتن سیب,Global 143,Foreign,NEEDS_FULL_GRIS_REPAIR,73,LOW,LOW,whyItWorks; skills; troubleshooting; keep/storage; faq,,"Multiple core GRIS sections missing/shallow/generic: whyItWorks, skills, troubleshooting, keep/storage, faq"
garnish_recipe_global_143_066_4fc69a4a,موس شکلات تلخ,Global 143,Foreign,NEEDS_FULL_GRIS_REPAIR,73,LOW,LOW,whyItWorks; skills; troubleshooting; keep/storage; faq,,"Multiple core GRIS sections missing/shallow/generic: whyItWorks, skills, troubleshooting, keep/storage, faq"
garnish_recipe_global_143_067_843321b7,چیزکیک نیویورکی,Global 143,Foreign,NEEDS_FULL_GRIS_REPAIR,73,LOW,LOW,whyItWorks; skills; troubleshooting; keep/storage; faq,,"Multiple core GRIS sections missing/shallow/generic: whyItWorks, skills, troubleshooting, keep/storage, faq"
garnish_recipe_global_143_068_2f672fa4,براونی شکلاتی فاجی,Global 143,Foreign,NEEDS_FULL_GRIS_REPAIR,73,LOW,LOW,whyItWorks; skills; troubleshooting; keep/storage; faq,,"Multiple core GRIS sections missing/shallow/generic: whyItWorks, skills, troubleshooting, keep/storage, faq"
garnish_recipe_global_143_069_28c65edb,پای سیب آمریکایی,Global 143,Foreign,NEEDS_FULL_GRIS_REPAIR,70,LOW,LOW,whyItWorks; skills; troubleshooting; keep/storage; faq,,"Multiple core GRIS sections missing/shallow/generic: whyItWorks, skills, troubleshooting, keep/storage, faq"
garnish_recipe_global_143_070_eaf9a5f5,کوکی چیپس شکلاتی,Global 143,Foreign,NEEDS_FULL_GRIS_REPAIR,73,LOW,LOW,whyItWorks; skills; troubleshooting; keep/storage; faq,,"Multiple core GRIS sections missing/shallow/generic: whyItWorks, skills, troubleshooting, keep/storage, faq"
garnish_recipe_global_143_071_32ff2f21,بانوفی پای,Global 143,Foreign,NEEDS_FULL_GRIS_REPAIR,73,LOW,LOW,whyItWorks; skills; troubleshooting; keep/storage; faq,,"Multiple core GRIS sections missing/shallow/generic: whyItWorks, skills, troubleshooting, keep/storage, faq"
garnish_recipe_global_143_072_62482f8c,پاولوا با خامه و میوه,Global 143,Foreign,NEEDS_FULL_GRIS_REPAIR,73,LOW,LOW,whyItWorks; skills; troubleshooting; keep/storage; faq,,"Multiple core GRIS sections missing/shallow/generic: whyItWorks, skills, troubleshooting, keep/storage, faq"
garnish_recipe_global_143_073_99c342ec,کانولی ریکوتای سیسیلی,Global 143,Foreign,NEEDS_FULL_GRIS_REPAIR,73,LOW,LOW,whyItWorks; skills; troubleshooting; keep/storage; faq,,"Multiple core GRIS sections missing/shallow/generic: whyItWorks, skills, troubleshooting, keep/storage, faq"
garnish_recipe_global_143_074_7b07ce2a,جلاتوی وانیلی,Global 143,Foreign,NEEDS_FULL_GRIS_REPAIR,70,LOW,LOW,whyItWorks; skills; troubleshooting; keep/storage; faq,,"Multiple core GRIS sections missing/shallow/generic: whyItWorks, skills, troubleshooting, keep/storage, faq"
garnish_recipe_global_143_075_83dba9bf,زاخر تورته شکلاتی,Global 143,Foreign,NEEDS_FULL_GRIS_REPAIR,73,LOW,LOW,whyItWorks; skills; troubleshooting; keep/storage; faq,,"Multiple core GRIS sections missing/shallow/generic: whyItWorks, skills, troubleshooting, keep/storage, faq"
garnish_recipe_global_143_076_72b1d9d1,فلان کاراملی,Global 143,Foreign,NEEDS_FULL_GRIS_REPAIR,70,LOW,LOW,whyItWorks; skills; troubleshooting; keep/storage; faq,,"Multiple core GRIS sections missing/shallow/generic: whyItWorks, skills, troubleshooting, keep/storage, faq"
garnish_recipe_global_143_077_de99681c,کیک تره‌لچس,Global 143,Foreign,NEEDS_FULL_GRIS_REPAIR,70,LOW,LOW,whyItWorks; skills; troubleshooting; keep/storage; faq,,"Multiple core GRIS sections missing/shallow/generic: whyItWorks, skills, troubleshooting, keep/storage, faq"
garnish_recipe_global_143_078_0b996a59,موچی دایفوکو با خمیر لوبیا,Global 143,Foreign,NEEDS_FULL_GRIS_REPAIR,73,LOW,LOW,whyItWorks; skills; troubleshooting; keep/storage; faq,,"Multiple core GRIS sections missing/shallow/generic: whyItWorks, skills, troubleshooting, keep/storage, faq"
garnish_recipe_global_143_079_060db242,دورایاکی با خمیر لوبیا,Global 143,Foreign,NEEDS_FULL_GRIS_REPAIR,73,LOW,LOW,whyItWorks; skills; troubleshooting; keep/storage; faq,,"Multiple core GRIS sections missing/shallow/generic: whyItWorks, skills, troubleshooting, keep/storage, faq"
garnish_recipe_global_143_080_f488debf,مانگو استیکی رایس,Global 143,Foreign,NEEDS_FULL_GRIS_REPAIR,73,LOW,LOW,whyItWorks; skills; troubleshooting; keep/storage; faq,,"Multiple core GRIS sections missing/shallow/generic: whyItWorks, skills, troubleshooting, keep/storage, faq"
garnish_recipe_global_143_081_a178a755,گلاب جامون با شربت هل و گلاب,Global 143,Foreign,NEEDS_FULL_GRIS_REPAIR,73,LOW,LOW,whyItWorks; skills; troubleshooting; keep/storage; faq,,"Multiple core GRIS sections missing/shallow/generic: whyItWorks, skills, troubleshooting, keep/storage, faq"
garnish_recipe_global_143_082_4a659652,کونافه پنیری با شربت عطری,Global 143,Foreign,NEEDS_FULL_GRIS_REPAIR,73,LOW,LOW,whyItWorks; skills; troubleshooting; keep/storage; faq,,"Multiple core GRIS sections missing/shallow/generic: whyItWorks, skills, troubleshooting, keep/storage, faq"
garnish_recipe_global_143_083_233e9bde,اُم علی مصری,Global 143,Foreign,NEEDS_FULL_GRIS_REPAIR,66,LOW,LOW,whyItWorks; skills; troubleshooting; keep/storage; faq,generic phrase: کنترل حرارت,"Multiple core GRIS sections missing/shallow/generic: whyItWorks, skills, troubleshooting, keep/storage, faq"
garnish_recipe_global_143_084_87b7230c,مالوا پودینگ با سس گرم,Global 143,Foreign,NEEDS_FULL_GRIS_REPAIR,66,LOW,LOW,whyItWorks; skills; troubleshooting; keep/storage; faq,generic phrase: کنترل حرارت,"Multiple core GRIS sections missing/shallow/generic: whyItWorks, skills, troubleshooting, keep/storage, faq"
garnish_recipe_global_143_085_cb35078b,لوکوم پسته‌ای با گلاب,Global 143,Foreign,NEEDS_FULL_GRIS_REPAIR,66,LOW,LOW,whyItWorks; skills; troubleshooting; keep/storage; faq,generic phrase: کنترل حرارت,"Multiple core GRIS sections missing/shallow/generic: whyItWorks, skills, troubleshooting, keep/storage, faq"
garnish_recipe_global_143_086_6c72c640,کیک عسلی روسی لایه‌ای,Global 143,Foreign,NEEDS_FULL_GRIS_REPAIR,66,LOW,LOW,whyItWorks; skills; troubleshooting; keep/storage; faq,generic phrase: کنترل حرارت,"Multiple core GRIS sections missing/shallow/generic: whyItWorks, skills, troubleshooting, keep/storage, faq"
garnish_recipe_global_143_087_3d227836,دونات مخمری لعابی,Global 143,Foreign,NEEDS_FULL_GRIS_REPAIR,66,LOW,LOW,whyItWorks; skills; troubleshooting; keep/storage; faq,generic phrase: کنترل حرارت,"Multiple core GRIS sections missing/shallow/generic: whyItWorks, skills, troubleshooting, keep/storage, faq"
garnish_recipe_global_143_088_e5346ddb,آلفاخورس با دولسه د لچه,Global 143,Foreign,NEEDS_FULL_GRIS_REPAIR,66,LOW,LOW,whyItWorks; skills; troubleshooting; keep/storage; faq,generic phrase: کنترل حرارت,"Multiple core GRIS sections missing/shallow/generic: whyItWorks, skills, troubleshooting, keep/storage, faq"
garnish_recipe_global_143_089_59f271c3,بریگادیرو شکلاتی,Global 143,Foreign,NEEDS_FULL_GRIS_REPAIR,66,LOW,LOW,whyItWorks; skills; troubleshooting; keep/storage; faq,generic phrase: کنترل حرارت,"Multiple core GRIS sections missing/shallow/generic: whyItWorks, skills, troubleshooting, keep/storage, faq"
garnish_recipe_global_143_090_6c4df1b6,کرپ سوزت با سس پرتقالی,Global 143,Foreign,NEEDS_FULL_GRIS_REPAIR,66,LOW,LOW,whyItWorks; skills; troubleshooting; keep/storage; faq,generic phrase: کنترل حرارت,"Multiple core GRIS sections missing/shallow/generic: whyItWorks, skills, troubleshooting, keep/storage, faq"
garnish_recipe_global_143_091_88b57d1e,بینگسو با لوبیای قرمز و میوه,Global 143,Foreign,NEEDS_FULL_GRIS_REPAIR,66,LOW,LOW,whyItWorks; skills; troubleshooting; keep/storage; faq,generic phrase: کنترل حرارت,"Multiple core GRIS sections missing/shallow/generic: whyItWorks, skills, troubleshooting, keep/storage, faq"
garnish_recipe_global_143_092_87b53529,کیک لاوای شکلاتی,Global 143,Foreign,NEEDS_FULL_GRIS_REPAIR,66,LOW,LOW,whyItWorks; skills; troubleshooting; keep/storage; faq,generic phrase: کنترل حرارت,"Multiple core GRIS sections missing/shallow/generic: whyItWorks, skills, troubleshooting, keep/storage, faq"
garnish_recipe_global_143_093_bf5fab4c,سوشی رول خانگی با سالمون و تن,Global 143,Foreign,NEEDS_FULL_GRIS_REPAIR,73,LOW,LOW,whyItWorks; skills; troubleshooting; keep/storage; faq,,"Multiple core GRIS sections missing/shallow/generic: whyItWorks, skills, troubleshooting, keep/storage, faq"
garnish_recipe_global_143_094_ebb15b77,خورش ماسامان تایلندی با مرغ,Global 143,Foreign,NEEDS_FULL_GRIS_REPAIR,73,LOW,LOW,whyItWorks; skills; troubleshooting; keep/storage; faq,,"Multiple core GRIS sections missing/shallow/generic: whyItWorks, skills, troubleshooting, keep/storage, faq"
garnish_recipe_global_143_095_65c4e5ac,فو گوشت ویتنامی,Global 143,Foreign,NEEDS_FULL_GRIS_REPAIR,73,LOW,LOW,whyItWorks; skills; troubleshooting; keep/storage; faq,,"Multiple core GRIS sections missing/shallow/generic: whyItWorks, skills, troubleshooting, keep/storage, faq"
garnish_recipe_global_143_096_0e548c27,ساندویچ بان می با گوشت و ترشی,Global 143,Foreign,NEEDS_FULL_GRIS_REPAIR,70,LOW,LOW,whyItWorks; skills; troubleshooting; keep/storage; faq,,"Multiple core GRIS sections missing/shallow/generic: whyItWorks, skills, troubleshooting, keep/storage, faq"
garnish_recipe_global_143_097_4fa8c5e5,بیبیمباپ کره‌ای با گوشت و سبزیجات,Global 143,Foreign,NEEDS_FULL_GRIS_REPAIR,70,LOW,LOW,whyItWorks; skills; troubleshooting; keep/storage; faq,,"Multiple core GRIS sections missing/shallow/generic: whyItWorks, skills, troubleshooting, keep/storage, faq"
garnish_recipe_global_143_098_0f8fbedd,بولگوگی گوشت کره‌ای,Global 143,Foreign,NEEDS_FULL_GRIS_REPAIR,73,LOW,LOW,whyItWorks; skills; troubleshooting; keep/storage; faq,,"Multiple core GRIS sections missing/shallow/generic: whyItWorks, skills, troubleshooting, keep/storage, faq"
garnish_recipe_global_143_099_2a8c35d1,تاکوی گوشت با سالسای تازه,Global 143,Foreign,NEEDS_FULL_GRIS_REPAIR,70,LOW,LOW,whyItWorks; skills; troubleshooting; keep/storage; faq,,"Multiple core GRIS sections missing/shallow/generic: whyItWorks, skills, troubleshooting, keep/storage, faq"
garnish_recipe_global_143_100_da23be37,انچیلادای مرغ با سس قرمز,Global 143,Foreign,NEEDS_FULL_GRIS_REPAIR,70,LOW,LOW,whyItWorks; skills; troubleshooting; keep/storage; faq,,"Multiple core GRIS sections missing/shallow/generic: whyItWorks, skills, troubleshooting, keep/storage, faq"
garnish_recipe_global_143_101_f007a227,مرغ کره‌ای هندی,Global 143,Foreign,NEEDS_FULL_GRIS_REPAIR,73,LOW,LOW,whyItWorks; skills; troubleshooting; keep/storage; faq,,"Multiple core GRIS sections missing/shallow/generic: whyItWorks, skills, troubleshooting, keep/storage, faq"
garnish_recipe_global_143_102_36229b49,بریانی مرغ هندی,Global 143,Foreign,NEEDS_FULL_GRIS_REPAIR,70,LOW,LOW,whyItWorks; skills; troubleshooting; keep/storage; faq,,"Multiple core GRIS sections missing/shallow/generic: whyItWorks, skills, troubleshooting, keep/storage, faq"
garnish_recipe_global_143_103_bc22d718,مرغ تیکا ماسالا,Global 143,Foreign,NEEDS_FULL_GRIS_REPAIR,70,LOW,LOW,whyItWorks; skills; troubleshooting; keep/storage; faq,,"Multiple core GRIS sections missing/shallow/generic: whyItWorks, skills, troubleshooting, keep/storage, faq"
garnish_recipe_global_143_104_31c06413,اردک پکنی خانگی,Global 143,Foreign,NEEDS_FULL_GRIS_REPAIR,73,LOW,LOW,whyItWorks; skills; troubleshooting; keep/storage; faq,,"Multiple core GRIS sections missing/shallow/generic: whyItWorks, skills, troubleshooting, keep/storage, faq"
garnish_recipe_global_143_105_a30b590b,دامپلینگ سوپی چینی,Global 143,Foreign,NEEDS_FULL_GRIS_REPAIR,70,LOW,LOW,whyItWorks; skills; troubleshooting; keep/storage; faq,,"Multiple core GRIS sections missing/shallow/generic: whyItWorks, skills, troubleshooting, keep/storage, faq"
garnish_recipe_global_143_106_6371564f,ناسی گورنگ اندونزیایی,Global 143,Foreign,NEEDS_FULL_GRIS_REPAIR,70,LOW,LOW,whyItWorks; skills; troubleshooting; keep/storage; faq,,"Multiple core GRIS sections missing/shallow/generic: whyItWorks, skills, troubleshooting, keep/storage, faq"
garnish_recipe_global_143_107_dbd1eb92,رندانگ گوشت اندونزیایی,Global 143,Foreign,NEEDS_FULL_GRIS_REPAIR,70,LOW,LOW,whyItWorks; skills; troubleshooting; keep/storage; faq,,"Multiple core GRIS sections missing/shallow/generic: whyItWorks, skills, troubleshooting, keep/storage, faq"
garnish_recipe_global_143_108_c446d87d,آدوبوی مرغ فیلیپینی,Global 143,Foreign,NEEDS_FULL_GRIS_REPAIR,70,LOW,LOW,whyItWorks; skills; troubleshooting; keep/storage; faq,,"Multiple core GRIS sections missing/shallow/generic: whyItWorks, skills, troubleshooting, keep/storage, faq"
garnish_recipe_global_143_109_3275e597,لاکسا نارگیلی,Global 143,Foreign,NEEDS_FULL_GRIS_REPAIR,73,LOW,LOW,whyItWorks; skills; troubleshooting; keep/storage; faq,,"Multiple core GRIS sections missing/shallow/generic: whyItWorks, skills, troubleshooting, keep/storage, faq"
garnish_recipe_global_143_110_9b1cffdd,کبسه مرغ عربی,Global 143,Foreign,NEEDS_FULL_GRIS_REPAIR,70,LOW,LOW,whyItWorks; skills; troubleshooting; keep/storage; faq,,"Multiple core GRIS sections missing/shallow/generic: whyItWorks, skills, troubleshooting, keep/storage, faq"
garnish_recipe_global_143_111_f81cb103,منسف اردنی با بره و جمید,Global 143,Foreign,NEEDS_FULL_GRIS_REPAIR,70,LOW,LOW,whyItWorks; skills; troubleshooting; keep/storage; faq,,"Multiple core GRIS sections missing/shallow/generic: whyItWorks, skills, troubleshooting, keep/storage, faq"
garnish_recipe_global_143_112_ea1e7e26,قوزی عراقی با بره و برنج,Global 143,Foreign,NEEDS_FULL_GRIS_REPAIR,70,LOW,LOW,whyItWorks; skills; troubleshooting; keep/storage; faq,,"Multiple core GRIS sections missing/shallow/generic: whyItWorks, skills, troubleshooting, keep/storage, faq"
garnish_recipe_global_143_113_dcc8b929,کشری مصری,Global 143,Foreign,NEEDS_FULL_GRIS_REPAIR,70,LOW,LOW,whyItWorks; skills; troubleshooting; keep/storage; faq,,"Multiple core GRIS sections missing/shallow/generic: whyItWorks, skills, troubleshooting, keep/storage, faq"
garnish_recipe_global_143_114_cc474629,تاژین مراکشی مرغ و زردآلو,Global 143,Foreign,NEEDS_FULL_GRIS_REPAIR,70,LOW,LOW,whyItWorks; skills; troubleshooting; keep/storage; faq,,"Multiple core GRIS sections missing/shallow/generic: whyItWorks, skills, troubleshooting, keep/storage, faq"
garnish_recipe_global_143_115_0cc3ef7b,کُسکُس سبزیجات شمال آفریقا,Global 143,Foreign,NEEDS_FULL_GRIS_REPAIR,70,LOW,LOW,whyItWorks; skills; troubleshooting; keep/storage; faq,,"Multiple core GRIS sections missing/shallow/generic: whyItWorks, skills, troubleshooting, keep/storage, faq"
garnish_recipe_global_143_116_d25d42e2,جلوف رایس غرب آفریقا,Global 143,Foreign,NEEDS_FULL_GRIS_REPAIR,70,LOW,LOW,whyItWorks; skills; troubleshooting; keep/storage; faq,,"Multiple core GRIS sections missing/shallow/generic: whyItWorks, skills, troubleshooting, keep/storage, faq"
garnish_recipe_global_143_117_be424535,اینجرا با دورو وات,Global 143,Foreign,NEEDS_FULL_GRIS_REPAIR,73,LOW,LOW,whyItWorks; skills; troubleshooting; keep/storage; faq,,"Multiple core GRIS sections missing/shallow/generic: whyItWorks, skills, troubleshooting, keep/storage, faq"
garnish_recipe_global_143_118_67f4b795,بانی چاو آفریقای جنوبی,Global 143,Foreign,NEEDS_FULL_GRIS_REPAIR,70,LOW,LOW,whyItWorks; skills; troubleshooting; keep/storage; faq,,"Multiple core GRIS sections missing/shallow/generic: whyItWorks, skills, troubleshooting, keep/storage, faq"
garnish_recipe_global_143_119_e71710d8,فیجوآدای برزیلی,Global 143,Foreign,NEEDS_FULL_GRIS_REPAIR,70,LOW,LOW,whyItWorks; skills; troubleshooting; keep/storage; faq,,"Multiple core GRIS sections missing/shallow/generic: whyItWorks, skills, troubleshooting, keep/storage, faq"
garnish_recipe_global_143_120_8da4e4b0,سویچه ماهی پرویی,Global 143,Foreign,NEEDS_FULL_GRIS_REPAIR,70,LOW,LOW,whyItWorks; skills; troubleshooting; keep/storage; faq,,"Multiple core GRIS sections missing/shallow/generic: whyItWorks, skills, troubleshooting, keep/storage, faq"
garnish_recipe_global_143_121_ee99f013,لومو سالتادوی پرویی,Global 143,Foreign,NEEDS_FULL_GRIS_REPAIR,66,MEDIUM,LOW,whyItWorks; skills; troubleshooting; keep/storage; faq,generic phrase: کنترل حرارت، بافت را حفظ می‌کند; generic phrase: وقتی حرارت با نوع ماده هماهنگ باشد، غذا خشک یا آبکی نمی‌شود; generic phrase: استراحت کوتاه بعد از پخت، مزه را متعادل می‌کند; generic phrase: چند دقیقه مکث کمک می‌کند آب و چربی دوباره در بافت غذا پخش شود; generic phrase: کنترل حرارت; generic phrase: تشخیص نشانه پایان پخت; generic phrase: تنظیم مزه نهایی,"Has a major blocker (internal term leak, arrow-only/empty troubleshooting, or 3+ generic-phrase hits)."
garnish_recipe_global_143_122_fef6d7d8,آسادوی آرژانتینی با چیمی‌چوری,Global 143,Foreign,NEEDS_FULL_GRIS_REPAIR,66,MEDIUM,LOW,whyItWorks; skills; troubleshooting; keep/storage; faq,generic phrase: کنترل حرارت، بافت را حفظ می‌کند; generic phrase: وقتی حرارت با نوع ماده هماهنگ باشد، غذا خشک یا آبکی نمی‌شود; generic phrase: استراحت کوتاه بعد از پخت، مزه را متعادل می‌کند; generic phrase: چند دقیقه مکث کمک می‌کند آب و چربی دوباره در بافت غذا پخش شود; generic phrase: کنترل حرارت; generic phrase: تشخیص نشانه پایان پخت; generic phrase: تنظیم مزه نهایی,"Has a major blocker (internal term leak, arrow-only/empty troubleshooting, or 3+ generic-phrase hits)."
garnish_recipe_global_143_123_a69d6cde,آرپای ذرتی با پنیر و لوبیا,Global 143,Foreign,NEEDS_FULL_GRIS_REPAIR,66,MEDIUM,LOW,whyItWorks; skills; troubleshooting; keep/storage; faq,generic phrase: کنترل حرارت، بافت را حفظ می‌کند; generic phrase: وقتی حرارت با نوع ماده هماهنگ باشد، غذا خشک یا آبکی نمی‌شود; generic phrase: استراحت کوتاه بعد از پخت، مزه را متعادل می‌کند; generic phrase: چند دقیقه مکث کمک می‌کند آب و چربی دوباره در بافت غذا پخش شود; generic phrase: کنترل حرارت; generic phrase: تشخیص نشانه پایان پخت; generic phrase: تنظیم مزه نهایی,"Has a major blocker (internal term leak, arrow-only/empty troubleshooting, or 3+ generic-phrase hits)."
garnish_recipe_global_143_124_ce358cac,روپا ویه‌خای کوبایی,Global 143,Foreign,NEEDS_FULL_GRIS_REPAIR,66,MEDIUM,LOW,whyItWorks; skills; troubleshooting; keep/storage; faq,generic phrase: کنترل حرارت، بافت را حفظ می‌کند; generic phrase: وقتی حرارت با نوع ماده هماهنگ باشد، غذا خشک یا آبکی نمی‌شود; generic phrase: استراحت کوتاه بعد از پخت، مزه را متعادل می‌کند; generic phrase: چند دقیقه مکث کمک می‌کند آب و چربی دوباره در بافت غذا پخش شود; generic phrase: کنترل حرارت; generic phrase: تشخیص نشانه پایان پخت; generic phrase: تنظیم مزه نهایی,"Has a major blocker (internal term leak, arrow-only/empty troubleshooting, or 3+ generic-phrase hits)."
garnish_recipe_global_143_125_d0851524,مرغ جرک جامائیکایی,Global 143,Foreign,NEEDS_FULL_GRIS_REPAIR,66,MEDIUM,LOW,whyItWorks; skills; troubleshooting; keep/storage; faq,generic phrase: کنترل حرارت، بافت را حفظ می‌کند; generic phrase: وقتی حرارت با نوع ماده هماهنگ باشد، غذا خشک یا آبکی نمی‌شود; generic phrase: استراحت کوتاه بعد از پخت، مزه را متعادل می‌کند; generic phrase: چند دقیقه مکث کمک می‌کند آب و چربی دوباره در بافت غذا پخش شود; generic phrase: کنترل حرارت; generic phrase: تشخیص نشانه پایان پخت; generic phrase: تنظیم مزه نهایی,"Has a major blocker (internal term leak, arrow-only/empty troubleshooting, or 3+ generic-phrase hits)."
garnish_recipe_global_143_126_038964de,گامبوی مرغ و میگو,Global 143,Foreign,NEEDS_FULL_GRIS_REPAIR,66,MEDIUM,LOW,whyItWorks; skills; troubleshooting; keep/storage; faq,generic phrase: کنترل حرارت، بافت را حفظ می‌کند; generic phrase: وقتی حرارت با نوع ماده هماهنگ باشد، غذا خشک یا آبکی نمی‌شود; generic phrase: استراحت کوتاه بعد از پخت، مزه را متعادل می‌کند; generic phrase: چند دقیقه مکث کمک می‌کند آب و چربی دوباره در بافت غذا پخش شود; generic phrase: کنترل حرارت; generic phrase: تشخیص نشانه پایان پخت; generic phrase: تنظیم مزه نهایی,"Has a major blocker (internal term leak, arrow-only/empty troubleshooting, or 3+ generic-phrase hits)."
garnish_recipe_global_143_127_380e9b65,مک‌اندچیز کلاسیک,Global 143,Foreign,NEEDS_FULL_GRIS_REPAIR,66,MEDIUM,LOW,whyItWorks; skills; troubleshooting; keep/storage; faq,generic phrase: کنترل حرارت، بافت را حفظ می‌کند; generic phrase: وقتی حرارت با نوع ماده هماهنگ باشد، غذا خشک یا آبکی نمی‌شود; generic phrase: استراحت کوتاه بعد از پخت، مزه را متعادل می‌کند; generic phrase: چند دقیقه مکث کمک می‌کند آب و چربی دوباره در بافت غذا پخش شود; generic phrase: کنترل حرارت; generic phrase: تشخیص نشانه پایان پخت; generic phrase: تنظیم مزه نهایی,"Has a major blocker (internal term leak, arrow-only/empty troubleshooting, or 3+ generic-phrase hits)."
garnish_recipe_global_143_128_7b502579,چیلی کان کارنه,Global 143,Foreign,NEEDS_FULL_GRIS_REPAIR,66,MEDIUM,LOW,whyItWorks; skills; troubleshooting; keep/storage; faq,generic phrase: کنترل حرارت، بافت را حفظ می‌کند; generic phrase: وقتی حرارت با نوع ماده هماهنگ باشد، غذا خشک یا آبکی نمی‌شود; generic phrase: استراحت کوتاه بعد از پخت، مزه را متعادل می‌کند; generic phrase: چند دقیقه مکث کمک می‌کند آب و چربی دوباره در بافت غذا پخش شود; generic phrase: کنترل حرارت; generic phrase: تشخیص نشانه پایان پخت; generic phrase: تنظیم مزه نهایی,"Has a major blocker (internal term leak, arrow-only/empty troubleshooting, or 3+ generic-phrase hits)."
garnish_recipe_global_143_129_0a9a316a,پوتین کانادایی,Global 143,Foreign,NEEDS_FULL_GRIS_REPAIR,66,MEDIUM,LOW,whyItWorks; skills; troubleshooting; keep/storage; faq,generic phrase: کنترل حرارت، بافت را حفظ می‌کند; generic phrase: وقتی حرارت با نوع ماده هماهنگ باشد، غذا خشک یا آبکی نمی‌شود; generic phrase: استراحت کوتاه بعد از پخت، مزه را متعادل می‌کند; generic phrase: چند دقیقه مکث کمک می‌کند آب و چربی دوباره در بافت غذا پخش شود; generic phrase: کنترل حرارت; generic phrase: تشخیص نشانه پایان پخت; generic phrase: تنظیم مزه نهایی,"Has a major blocker (internal term leak, arrow-only/empty troubleshooting, or 3+ generic-phrase hits)."
garnish_recipe_global_143_130_c4a5fa79,بیف ولینگتون کلاسیک,Global 143,Foreign,NEEDS_FULL_GRIS_REPAIR,66,MEDIUM,LOW,whyItWorks; skills; troubleshooting; keep/storage; faq,generic phrase: کنترل حرارت، بافت را حفظ می‌کند; generic phrase: وقتی حرارت با نوع ماده هماهنگ باشد، غذا خشک یا آبکی نمی‌شود; generic phrase: استراحت کوتاه بعد از پخت، مزه را متعادل می‌کند; generic phrase: چند دقیقه مکث کمک می‌کند آب و چربی دوباره در بافت غذا پخش شود; generic phrase: کنترل حرارت; generic phrase: تشخیص نشانه پایان پخت; generic phrase: تنظیم مزه نهایی,"Has a major blocker (internal term leak, arrow-only/empty troubleshooting, or 3+ generic-phrase hits)."
garnish_recipe_global_143_131_e8f2c6f0,کوک او ون فرانسوی,Global 143,Foreign,NEEDS_FULL_GRIS_REPAIR,66,MEDIUM,LOW,whyItWorks; skills; troubleshooting; keep/storage; faq,generic phrase: کنترل حرارت، بافت را حفظ می‌کند; generic phrase: وقتی حرارت با نوع ماده هماهنگ باشد، غذا خشک یا آبکی نمی‌شود; generic phrase: استراحت کوتاه بعد از پخت، مزه را متعادل می‌کند; generic phrase: چند دقیقه مکث کمک می‌کند آب و چربی دوباره در بافت غذا پخش شود; generic phrase: کنترل حرارت; generic phrase: تشخیص نشانه پایان پخت; generic phrase: تنظیم مزه نهایی,"Has a major blocker (internal term leak, arrow-only/empty troubleshooting, or 3+ generic-phrase hits)."
garnish_recipe_global_143_132_32880128,بوف بورگینیون,Global 143,Foreign,NEEDS_FULL_GRIS_REPAIR,66,MEDIUM,LOW,whyItWorks; skills; troubleshooting; keep/storage; faq,generic phrase: کنترل حرارت، بافت را حفظ می‌کند; generic phrase: وقتی حرارت با نوع ماده هماهنگ باشد، غذا خشک یا آبکی نمی‌شود; generic phrase: استراحت کوتاه بعد از پخت، مزه را متعادل می‌کند; generic phrase: چند دقیقه مکث کمک می‌کند آب و چربی دوباره در بافت غذا پخش شود; generic phrase: کنترل حرارت; generic phrase: تشخیص نشانه پایان پخت; generic phrase: تنظیم مزه نهایی,"Has a major blocker (internal term leak, arrow-only/empty troubleshooting, or 3+ generic-phrase hits)."
garnish_recipe_global_143_133_b9eae9ad,کاسوله فرانسوی,Global 143,Foreign,NEEDS_FULL_GRIS_REPAIR,66,MEDIUM,LOW,whyItWorks; skills; troubleshooting; keep/storage; faq,generic phrase: کنترل حرارت، بافت را حفظ می‌کند; generic phrase: وقتی حرارت با نوع ماده هماهنگ باشد، غذا خشک یا آبکی نمی‌شود; generic phrase: استراحت کوتاه بعد از پخت، مزه را متعادل می‌کند; generic phrase: چند دقیقه مکث کمک می‌کند آب و چربی دوباره در بافت غذا پخش شود; generic phrase: کنترل حرارت; generic phrase: تشخیص نشانه پایان پخت; generic phrase: تنظیم مزه نهایی,"Has a major blocker (internal term leak, arrow-only/empty troubleshooting, or 3+ generic-phrase hits)."
garnish_recipe_global_143_134_b4cc12b5,باکالائو آ براس پرتغالی,Global 143,Foreign,NEEDS_FULL_GRIS_REPAIR,66,MEDIUM,LOW,whyItWorks; skills; troubleshooting; keep/storage; faq,generic phrase: کنترل حرارت، بافت را حفظ می‌کند; generic phrase: وقتی حرارت با نوع ماده هماهنگ باشد، غذا خشک یا آبکی نمی‌شود; generic phrase: استراحت کوتاه بعد از پخت، مزه را متعادل می‌کند; generic phrase: چند دقیقه مکث کمک می‌کند آب و چربی دوباره در بافت غذا پخش شود; generic phrase: کنترل حرارت; generic phrase: تشخیص نشانه پایان پخت; generic phrase: تنظیم مزه نهایی,"Has a major blocker (internal term leak, arrow-only/empty troubleshooting, or 3+ generic-phrase hits)."
garnish_recipe_global_143_135_2919e78e,اسپاگتی کاربونارای رومی,Global 143,Foreign,NEEDS_FULL_GRIS_REPAIR,66,MEDIUM,LOW,whyItWorks; skills; troubleshooting; keep/storage; faq,generic phrase: کنترل حرارت، بافت را حفظ می‌کند; generic phrase: وقتی حرارت با نوع ماده هماهنگ باشد، غذا خشک یا آبکی نمی‌شود; generic phrase: استراحت کوتاه بعد از پخت، مزه را متعادل می‌کند; generic phrase: چند دقیقه مکث کمک می‌کند آب و چربی دوباره در بافت غذا پخش شود; generic phrase: کنترل حرارت; generic phrase: تشخیص نشانه پایان پخت; generic phrase: تنظیم مزه نهایی,"Has a major blocker (internal term leak, arrow-only/empty troubleshooting, or 3+ generic-phrase hits)."
garnish_recipe_global_143_136_0ebb92f9,اوسوبوکو میلانی,Global 143,Foreign,NEEDS_FULL_GRIS_REPAIR,66,MEDIUM,LOW,whyItWorks; skills; troubleshooting; keep/storage; faq,generic phrase: کنترل حرارت، بافت را حفظ می‌کند; generic phrase: وقتی حرارت با نوع ماده هماهنگ باشد، غذا خشک یا آبکی نمی‌شود; generic phrase: استراحت کوتاه بعد از پخت، مزه را متعادل می‌کند; generic phrase: چند دقیقه مکث کمک می‌کند آب و چربی دوباره در بافت غذا پخش شود; generic phrase: کنترل حرارت; generic phrase: تشخیص نشانه پایان پخت; generic phrase: تنظیم مزه نهایی,"Has a major blocker (internal term leak, arrow-only/empty troubleshooting, or 3+ generic-phrase hits)."
garnish_recipe_global_143_137_6a99342c,شنیتسل وینی,Global 143,Foreign,NEEDS_FULL_GRIS_REPAIR,66,MEDIUM,LOW,whyItWorks; skills; troubleshooting; keep/storage; faq,generic phrase: کنترل حرارت، بافت را حفظ می‌کند; generic phrase: وقتی حرارت با نوع ماده هماهنگ باشد، غذا خشک یا آبکی نمی‌شود; generic phrase: استراحت کوتاه بعد از پخت، مزه را متعادل می‌کند; generic phrase: چند دقیقه مکث کمک می‌کند آب و چربی دوباره در بافت غذا پخش شود; generic phrase: کنترل حرارت; generic phrase: تشخیص نشانه پایان پخت; generic phrase: تنظیم مزه نهایی,"Has a major blocker (internal term leak, arrow-only/empty troubleshooting, or 3+ generic-phrase hits)."
garnish_recipe_global_143_138_ce0f10ba,فوندوی پنیر سوئیسی,Global 143,Foreign,NEEDS_FULL_GRIS_REPAIR,66,MEDIUM,LOW,whyItWorks; skills; troubleshooting; keep/storage; faq,generic phrase: کنترل حرارت، بافت را حفظ می‌کند; generic phrase: وقتی حرارت با نوع ماده هماهنگ باشد، غذا خشک یا آبکی نمی‌شود; generic phrase: استراحت کوتاه بعد از پخت، مزه را متعادل می‌کند; generic phrase: چند دقیقه مکث کمک می‌کند آب و چربی دوباره در بافت غذا پخش شود; generic phrase: کنترل حرارت; generic phrase: تشخیص نشانه پایان پخت; generic phrase: تنظیم مزه نهایی,"Has a major blocker (internal term leak, arrow-only/empty troubleshooting, or 3+ generic-phrase hits)."
garnish_recipe_global_143_139_91cb38b4,کلفتیکوی یونانی,Global 143,Foreign,NEEDS_FULL_GRIS_REPAIR,66,MEDIUM,LOW,whyItWorks; skills; troubleshooting; keep/storage; faq,generic phrase: کنترل حرارت، بافت را حفظ می‌کند; generic phrase: وقتی حرارت با نوع ماده هماهنگ باشد، غذا خشک یا آبکی نمی‌شود; generic phrase: استراحت کوتاه بعد از پخت، مزه را متعادل می‌کند; generic phrase: چند دقیقه مکث کمک می‌کند آب و چربی دوباره در بافت غذا پخش شود; generic phrase: کنترل حرارت; generic phrase: تشخیص نشانه پایان پخت; generic phrase: تنظیم مزه نهایی,"Has a major blocker (internal term leak, arrow-only/empty troubleshooting, or 3+ generic-phrase hits)."
garnish_recipe_global_143_140_78d46576,کارنیاریک ترکی,Global 143,Foreign,NEEDS_FULL_GRIS_REPAIR,66,MEDIUM,LOW,whyItWorks; skills; troubleshooting; keep/storage; faq,generic phrase: کنترل حرارت، بافت را حفظ می‌کند; generic phrase: وقتی حرارت با نوع ماده هماهنگ باشد، غذا خشک یا آبکی نمی‌شود; generic phrase: استراحت کوتاه بعد از پخت، مزه را متعادل می‌کند; generic phrase: چند دقیقه مکث کمک می‌کند آب و چربی دوباره در بافت غذا پخش شود; generic phrase: کنترل حرارت; generic phrase: تشخیص نشانه پایان پخت; generic phrase: تنظیم مزه نهایی,"Has a major blocker (internal term leak, arrow-only/empty troubleshooting, or 3+ generic-phrase hits)."
garnish_recipe_global_143_141_12664fc7,خینکالی گرجی,Global 143,Foreign,NEEDS_FULL_GRIS_REPAIR,66,MEDIUM,LOW,whyItWorks; skills; troubleshooting; keep/storage; faq,generic phrase: کنترل حرارت، بافت را حفظ می‌کند; generic phrase: وقتی حرارت با نوع ماده هماهنگ باشد، غذا خشک یا آبکی نمی‌شود; generic phrase: استراحت کوتاه بعد از پخت، مزه را متعادل می‌کند; generic phrase: چند دقیقه مکث کمک می‌کند آب و چربی دوباره در بافت غذا پخش شود; generic phrase: کنترل حرارت; generic phrase: تشخیص نشانه پایان پخت; generic phrase: تنظیم مزه نهایی,"Has a major blocker (internal term leak, arrow-only/empty troubleshooting, or 3+ generic-phrase hits)."
garnish_recipe_global_143_142_bd27951b,پلوف ازبکی,Global 143,Foreign,NEEDS_FULL_GRIS_REPAIR,66,MEDIUM,LOW,whyItWorks; skills; troubleshooting; keep/storage; faq,generic phrase: کنترل حرارت، بافت را حفظ می‌کند; generic phrase: وقتی حرارت با نوع ماده هماهنگ باشد، غذا خشک یا آبکی نمی‌شود; generic phrase: استراحت کوتاه بعد از پخت، مزه را متعادل می‌کند; generic phrase: چند دقیقه مکث کمک می‌کند آب و چربی دوباره در بافت غذا پخش شود; generic phrase: کنترل حرارت; generic phrase: تشخیص نشانه پایان پخت; generic phrase: تنظیم مزه نهایی; generic phrase: مواد را آماده کنید,"Has a major blocker (internal term leak, arrow-only/empty troubleshooting, or 3+ generic-phrase hits)."
garnish_recipe_global_143_143_6060b21f,اسموربرود دانمارکی با شاه‌ماهی,Global 143,Foreign,NEEDS_FULL_GRIS_REPAIR,66,MEDIUM,LOW,whyItWorks; skills; troubleshooting; keep/storage; faq,generic phrase: کنترل حرارت، بافت را حفظ می‌کند; generic phrase: وقتی حرارت با نوع ماده هماهنگ باشد، غذا خشک یا آبکی نمی‌شود; generic phrase: استراحت کوتاه بعد از پخت، مزه را متعادل می‌کند; generic phrase: چند دقیقه مکث کمک می‌کند آب و چربی دوباره در بافت غذا پخش شود; generic phrase: کنترل حرارت; generic phrase: تشخیص نشانه پایان پخت; generic phrase: تنظیم مزه نهایی,"Has a major blocker (internal term leak, arrow-only/empty troubleshooting, or 3+ generic-phrase hits)."
garnish_recipe_intl_001_a95ca931,ریزوتو میلانی زعفرانی,International Core,Foreign,NEEDS_FULL_GRIS_REPAIR,42,HIGH,MEDIUM,glance; whyItWorks; skills; finish; troubleshooting; keep/storage; faq,,"Multiple core GRIS sections missing/shallow/generic: glance, whyItWorks, skills, finish, troubleshooting, keep/storage, faq"
garnish_recipe_intl_003_5ed6583e,نیوکی سیب‌زمینی با سس گوجه,International Core,Foreign,NEEDS_FULL_GRIS_REPAIR,42,HIGH,MEDIUM,glance; whyItWorks; skills; finish; troubleshooting; keep/storage; faq,,"Multiple core GRIS sections missing/shallow/generic: glance, whyItWorks, skills, finish, troubleshooting, keep/storage, faq"
garnish_recipe_intl_004_e65ccfe3,بروسکتا با گوجه و ریحان,International Core,Foreign,NEEDS_FULL_GRIS_REPAIR,42,HIGH,MEDIUM,glance; whyItWorks; skills; finish; troubleshooting; keep/storage; faq,,"Multiple core GRIS sections missing/shallow/generic: glance, whyItWorks, skills, finish, troubleshooting, keep/storage, faq"
garnish_recipe_intl_005_1bc32e70,دامپلینگ مرغ چینی (جیائوزی),International Core,Foreign,NEEDS_FULL_GRIS_REPAIR,42,HIGH,MEDIUM,glance; whyItWorks; skills; finish; troubleshooting; keep/storage; faq,,"Multiple core GRIS sections missing/shallow/generic: glance, whyItWorks, skills, finish, troubleshooting, keep/storage, faq"
garnish_recipe_intl_006_0abe82db,مرغ کونگ پائو,International Core,Foreign,NEEDS_FULL_GRIS_REPAIR,42,HIGH,MEDIUM,glance; whyItWorks; skills; finish; troubleshooting; keep/storage; faq,,"Multiple core GRIS sections missing/shallow/generic: glance, whyItWorks, skills, finish, troubleshooting, keep/storage, faq"
garnish_recipe_intl_007_34f16382,برنج سرخ‌شده با تخم‌مرغ,International Core,Foreign,NEEDS_FULL_GRIS_REPAIR,42,HIGH,MEDIUM,glance; whyItWorks; skills; finish; troubleshooting; keep/storage; faq,,"Multiple core GRIS sections missing/shallow/generic: glance, whyItWorks, skills, finish, troubleshooting, keep/storage, faq"
garnish_recipe_intl_008_df43915b,فلافل,International Core,Foreign,NEEDS_FULL_GRIS_REPAIR,42,HIGH,MEDIUM,glance; whyItWorks; skills; finish; troubleshooting; keep/storage; faq,,"Multiple core GRIS sections missing/shallow/generic: glance, whyItWorks, skills, finish, troubleshooting, keep/storage, faq"
garnish_recipe_intl_009_ab044ed1,تبوله,International Core,Foreign,NEEDS_FULL_GRIS_REPAIR,42,HIGH,MEDIUM,glance; whyItWorks; skills; finish; troubleshooting; keep/storage; faq,,"Multiple core GRIS sections missing/shallow/generic: glance, whyItWorks, skills, finish, troubleshooting, keep/storage, faq"
garnish_recipe_intl_010_0e45be4c,بابا غنوج,International Core,Foreign,NEEDS_FULL_GRIS_REPAIR,42,HIGH,MEDIUM,glance; whyItWorks; skills; finish; troubleshooting; keep/storage; faq,,"Multiple core GRIS sections missing/shallow/generic: glance, whyItWorks, skills, finish, troubleshooting, keep/storage, faq"
garnish_recipe_intl_011_5a1d0ef8,منمن,International Core,Foreign,NEEDS_FULL_GRIS_REPAIR,42,HIGH,MEDIUM,glance; whyItWorks; skills; finish; troubleshooting; keep/storage; faq,,"Multiple core GRIS sections missing/shallow/generic: glance, whyItWorks, skills, finish, troubleshooting, keep/storage, faq"
garnish_recipe_intl_012_46d4828e,امام بایلدی,International Core,Foreign,NEEDS_FULL_GRIS_REPAIR,42,HIGH,MEDIUM,glance; whyItWorks; skills; finish; troubleshooting; keep/storage; faq,,"Multiple core GRIS sections missing/shallow/generic: glance, whyItWorks, skills, finish, troubleshooting, keep/storage, faq"
garnish_recipe_intl_013_4bcde1bc,مانتی ترکی,International Core,Foreign,NEEDS_FULL_GRIS_REPAIR,42,HIGH,MEDIUM,glance; whyItWorks; skills; finish; troubleshooting; keep/storage; faq,,"Multiple core GRIS sections missing/shallow/generic: glance, whyItWorks, skills, finish, troubleshooting, keep/storage, faq"
garnish_recipe_intl_015_bd5b6369,مرغ تریاکی,International Core,Foreign,NEEDS_FULL_GRIS_REPAIR,42,HIGH,MEDIUM,glance; whyItWorks; skills; finish; troubleshooting; keep/storage; faq,,"Multiple core GRIS sections missing/shallow/generic: glance, whyItWorks, skills, finish, troubleshooting, keep/storage, faq"
garnish_recipe_intl_016_a22d4b1d,گیودون (کاسه گوشت و برنج),International Core,Foreign,NEEDS_FULL_GRIS_REPAIR,42,HIGH,MEDIUM,glance; whyItWorks; skills; finish; troubleshooting; keep/storage; faq,,"Multiple core GRIS sections missing/shallow/generic: glance, whyItWorks, skills, finish, troubleshooting, keep/storage, faq"
garnish_recipe_intl_017_6bc0bdc6,کاری سبز تایلندی,International Core,Foreign,NEEDS_FULL_GRIS_REPAIR,42,HIGH,MEDIUM,glance; whyItWorks; skills; finish; troubleshooting; keep/storage; faq,,"Multiple core GRIS sections missing/shallow/generic: glance, whyItWorks, skills, finish, troubleshooting, keep/storage, faq"
garnish_recipe_intl_018_2d829900,پد تای,International Core,Foreign,NEEDS_FULL_GRIS_REPAIR,42,HIGH,MEDIUM,glance; whyItWorks; skills; finish; troubleshooting; keep/storage; faq,,"Multiple core GRIS sections missing/shallow/generic: glance, whyItWorks, skills, finish, troubleshooting, keep/storage, faq"
garnish_recipe_intl_020_a0837273,راتاتویی,International Core,Foreign,NEEDS_FULL_GRIS_REPAIR,42,HIGH,MEDIUM,glance; whyItWorks; skills; finish; troubleshooting; keep/storage; faq,,"Multiple core GRIS sections missing/shallow/generic: glance, whyItWorks, skills, finish, troubleshooting, keep/storage, faq"
garnish_recipe_intl_022_ac4d3143,تورتیای اسپانیایی,International Core,Foreign,NEEDS_FULL_GRIS_REPAIR,39,HIGH,HIGH,glance; whyItWorks; skills; finish; troubleshooting; keep/storage; faq,,"Multiple core GRIS sections missing/shallow/generic: glance, whyItWorks, skills, finish, troubleshooting, keep/storage, faq"
garnish_recipe_intl_023_bc7c6f90,گازپاچو,International Core,Foreign,NEEDS_FULL_GRIS_REPAIR,42,HIGH,MEDIUM,glance; whyItWorks; skills; finish; troubleshooting; keep/storage; faq,,"Multiple core GRIS sections missing/shallow/generic: glance, whyItWorks, skills, finish, troubleshooting, keep/storage, faq"
garnish_recipe_intl_024_ff4dc9ab,شپرد پای (پای گوشت و سیب‌زمینی),International Core,Foreign,NEEDS_FULL_GRIS_REPAIR,42,HIGH,MEDIUM,glance; whyItWorks; skills; finish; troubleshooting; keep/storage; faq,,"Multiple core GRIS sections missing/shallow/generic: glance, whyItWorks, skills, finish, troubleshooting, keep/storage, faq"
garnish_recipe_intl_026_b9f5a392,شنیتسل مرغ,International Core,Foreign,NEEDS_FULL_GRIS_REPAIR,42,HIGH,MEDIUM,glance; whyItWorks; skills; finish; troubleshooting; keep/storage; faq,,"Multiple core GRIS sections missing/shallow/generic: glance, whyItWorks, skills, finish, troubleshooting, keep/storage, faq"
garnish_recipe_intl_028_ecdcc65f,استامپوت (پوره سیب‌زمینی و کلم ترش),International Core,Foreign,NEEDS_FULL_GRIS_REPAIR,42,HIGH,MEDIUM,glance; whyItWorks; skills; finish; troubleshooting; keep/storage; faq,,"Multiple core GRIS sections missing/shallow/generic: glance, whyItWorks, skills, finish, troubleshooting, keep/storage, faq"
garnish_recipe_intl_029_0cafb54c,سالاد یونانی,International Core,Foreign,NEEDS_FULL_GRIS_REPAIR,42,HIGH,MEDIUM,glance; whyItWorks; skills; finish; troubleshooting; keep/storage; faq,,"Multiple core GRIS sections missing/shallow/generic: glance, whyItWorks, skills, finish, troubleshooting, keep/storage, faq"
garnish_recipe_intl_030_16d9e454,گولاش مجارستانی,International Core,Foreign,NEEDS_FULL_GRIS_REPAIR,42,HIGH,MEDIUM,glance; whyItWorks; skills; finish; troubleshooting; keep/storage; faq,,"Multiple core GRIS sections missing/shallow/generic: glance, whyItWorks, skills, finish, troubleshooting, keep/storage, faq"
garnish_recipe_intl_031_7e902faf,تیرامیسو,International Core,Foreign,NEEDS_FULL_GRIS_REPAIR,41,HIGH,MEDIUM,glance; whyItWorks; skills; finish; troubleshooting; keep/storage; faq,,"Multiple core GRIS sections missing/shallow/generic: glance, whyItWorks, skills, finish, troubleshooting, keep/storage, faq"
garnish_recipe_intl_033_8acac046,بادمجان پارمیجانا,International Core,Foreign,NEEDS_FULL_GRIS_REPAIR,42,HIGH,MEDIUM,glance; whyItWorks; skills; finish; troubleshooting; keep/storage; faq,,"Multiple core GRIS sections missing/shallow/generic: glance, whyItWorks, skills, finish, troubleshooting, keep/storage, faq"
garnish_recipe_intl_034_3035ba70,آرانچینی,International Core,Foreign,NEEDS_FULL_GRIS_REPAIR,42,HIGH,MEDIUM,glance; whyItWorks; skills; finish; troubleshooting; keep/storage; faq,,"Multiple core GRIS sections missing/shallow/generic: glance, whyItWorks, skills, finish, troubleshooting, keep/storage, faq"
garnish_recipe_intl_035_d46eacaf,موساکا,International Core,Foreign,NEEDS_FULL_GRIS_REPAIR,42,HIGH,MEDIUM,glance; whyItWorks; skills; finish; troubleshooting; keep/storage; faq,,"Multiple core GRIS sections missing/shallow/generic: glance, whyItWorks, skills, finish, troubleshooting, keep/storage, faq"
garnish_recipe_intl_036_e0780696,اسپاناکوپیتا,International Core,Foreign,NEEDS_FULL_GRIS_REPAIR,42,HIGH,MEDIUM,glance; whyItWorks; skills; finish; troubleshooting; keep/storage; faq,,"Multiple core GRIS sections missing/shallow/generic: glance, whyItWorks, skills, finish, troubleshooting, keep/storage, faq"
garnish_recipe_intl_037_7cf2e346,تزاتزیکی,International Core,Foreign,NEEDS_FULL_GRIS_REPAIR,41,HIGH,MEDIUM,glance; whyItWorks; skills; finish; troubleshooting; keep/storage; faq,,"Multiple core GRIS sections missing/shallow/generic: glance, whyItWorks, skills, finish, troubleshooting, keep/storage, faq"
garnish_recipe_intl_039_29544b7d,روشتی سوئیسی,International Core,Foreign,NEEDS_FULL_GRIS_REPAIR,39,HIGH,HIGH,glance; whyItWorks; skills; finish; troubleshooting; keep/storage; faq,,"Multiple core GRIS sections missing/shallow/generic: glance, whyItWorks, skills, finish, troubleshooting, keep/storage, faq"
garnish_recipe_intl_040_7d7b90a1,پیروگی لهستانی,International Core,Foreign,NEEDS_FULL_GRIS_REPAIR,42,HIGH,MEDIUM,glance; whyItWorks; skills; finish; troubleshooting; keep/storage; faq,,"Multiple core GRIS sections missing/shallow/generic: glance, whyItWorks, skills, finish, troubleshooting, keep/storage, faq"
garnish_recipe_intl_041_cd57d47e,مرغ ترش و شیرین,International Core,Foreign,NEEDS_FULL_GRIS_REPAIR,42,HIGH,MEDIUM,glance; whyItWorks; skills; finish; troubleshooting; keep/storage; faq,,"Multiple core GRIS sections missing/shallow/generic: glance, whyItWorks, skills, finish, troubleshooting, keep/storage, faq"
garnish_recipe_intl_042_c2aaf822,سوپ ترش و تند,International Core,Foreign,NEEDS_FULL_GRIS_REPAIR,42,HIGH,MEDIUM,glance; whyItWorks; skills; finish; troubleshooting; keep/storage; faq,,"Multiple core GRIS sections missing/shallow/generic: glance, whyItWorks, skills, finish, troubleshooting, keep/storage, faq"
garnish_recipe_intl_043_fbe26aba,حمص,International Core,Foreign,NEEDS_FULL_GRIS_REPAIR,42,HIGH,MEDIUM,glance; whyItWorks; skills; finish; troubleshooting; keep/storage; faq,,"Multiple core GRIS sections missing/shallow/generic: glance, whyItWorks, skills, finish, troubleshooting, keep/storage, faq"
garnish_recipe_intl_044_2e127ee1,شکشوکا,International Core,Foreign,NEEDS_FULL_GRIS_REPAIR,42,HIGH,MEDIUM,glance; whyItWorks; skills; finish; troubleshooting; keep/storage; faq,,"Multiple core GRIS sections missing/shallow/generic: glance, whyItWorks, skills, finish, troubleshooting, keep/storage, faq"
garnish_recipe_intl_045_88dbb554,لاهماجون,International Core,Foreign,NEEDS_FULL_GRIS_REPAIR,42,HIGH,MEDIUM,glance; whyItWorks; skills; finish; troubleshooting; keep/storage; faq,,"Multiple core GRIS sections missing/shallow/generic: glance, whyItWorks, skills, finish, troubleshooting, keep/storage, faq"
garnish_recipe_intl_047_f6cbcbb5,کاتسوی مرغ,International Core,Foreign,NEEDS_FULL_GRIS_REPAIR,42,HIGH,MEDIUM,glance; whyItWorks; skills; finish; troubleshooting; keep/storage; faq,,"Multiple core GRIS sections missing/shallow/generic: glance, whyItWorks, skills, finish, troubleshooting, keep/storage, faq"
garnish_recipe_intl_048_5b5471e4,اویاکودون (کاسه مرغ و تخم‌مرغ),International Core,Foreign,NEEDS_FULL_GRIS_REPAIR,42,HIGH,MEDIUM,glance; whyItWorks; skills; finish; troubleshooting; keep/storage; faq,,"Multiple core GRIS sections missing/shallow/generic: glance, whyItWorks, skills, finish, troubleshooting, keep/storage, faq"
garnish_recipe_intl_050_23b57a98,کاری قرمز تایلندی,International Core,Foreign,NEEDS_FULL_GRIS_REPAIR,42,HIGH,MEDIUM,glance; whyItWorks; skills; finish; troubleshooting; keep/storage; faq,,"Multiple core GRIS sections missing/shallow/generic: glance, whyItWorks, skills, finish, troubleshooting, keep/storage, faq"
garnish_recipe_intl_051_38dcc2df,سوسیس و پورهٔ سیب‌زمینی,International Core,Foreign,NEEDS_FULL_GRIS_REPAIR,42,HIGH,MEDIUM,glance; whyItWorks; skills; finish; troubleshooting; keep/storage; faq,,"Multiple core GRIS sections missing/shallow/generic: glance, whyItWorks, skills, finish, troubleshooting, keep/storage, faq"
garnish_recipe_intl_052_a57a621f,پودینگ تافی خرما,International Core,Foreign,NEEDS_FULL_GRIS_REPAIR,42,HIGH,MEDIUM,glance; whyItWorks; skills; finish; troubleshooting; keep/storage; faq,,"Multiple core GRIS sections missing/shallow/generic: glance, whyItWorks, skills, finish, troubleshooting, keep/storage, faq"
garnish_recipe_intl_053_54c002d0,کرم بروله,International Core,Foreign,NEEDS_FULL_GRIS_REPAIR,40,HIGH,MEDIUM,glance; whyItWorks; skills; finish; troubleshooting; keep/storage; faq,,"Multiple core GRIS sections missing/shallow/generic: glance, whyItWorks, skills, finish, troubleshooting, keep/storage, faq"
garnish_recipe_intl_054_7d3ead5b,گراتن دوفینوآ,International Core,Foreign,NEEDS_FULL_GRIS_REPAIR,42,HIGH,MEDIUM,glance; whyItWorks; skills; finish; troubleshooting; keep/storage; faq,,"Multiple core GRIS sections missing/shallow/generic: glance, whyItWorks, skills, finish, troubleshooting, keep/storage, faq"
garnish_recipe_intl_055_0182b616,سوپ نخود سبز هلندی,International Core,Foreign,NEEDS_FULL_GRIS_REPAIR,42,HIGH,MEDIUM,glance; whyItWorks; skills; finish; troubleshooting; keep/storage; faq,,"Multiple core GRIS sections missing/shallow/generic: glance, whyItWorks, skills, finish, troubleshooting, keep/storage, faq"
garnish_recipe_intl_056_1509959b,بیتربالن,International Core,Foreign,NEEDS_FULL_GRIS_REPAIR,42,HIGH,MEDIUM,glance; whyItWorks; skills; finish; troubleshooting; keep/storage; faq,,"Multiple core GRIS sections missing/shallow/generic: glance, whyItWorks, skills, finish, troubleshooting, keep/storage, faq"
garnish_recipe_intl_059_1736c8ad,زاوربراتن,International Core,Foreign,NEEDS_FULL_GRIS_REPAIR,42,HIGH,MEDIUM,glance; whyItWorks; skills; finish; troubleshooting; keep/storage; faq,,"Multiple core GRIS sections missing/shallow/generic: glance, whyItWorks, skills, finish, troubleshooting, keep/storage, faq"
garnish_recipe_intl_060_9fe40da5,کازه‌اشپتسله,International Core,Foreign,NEEDS_FULL_GRIS_REPAIR,42,HIGH,MEDIUM,glance; whyItWorks; skills; finish; troubleshooting; keep/storage; faq,,"Multiple core GRIS sections missing/shallow/generic: glance, whyItWorks, skills, finish, troubleshooting, keep/storage, faq"
garnish_recipe_intl_061_0bfbb206,پلنتا با قارچ,International Core,Foreign,NEEDS_FULL_GRIS_REPAIR,42,HIGH,MEDIUM,glance; whyItWorks; skills; finish; troubleshooting; keep/storage; faq,,"Multiple core GRIS sections missing/shallow/generic: glance, whyItWorks, skills, finish, troubleshooting, keep/storage, faq"
garnish_recipe_intl_062_ce31c267,اسپاگتی سیر و روغن,International Core,Foreign,NEEDS_FULL_GRIS_REPAIR,40,HIGH,MEDIUM,glance; whyItWorks; skills; finish; troubleshooting; keep/storage; faq,,"Multiple core GRIS sections missing/shallow/generic: glance, whyItWorks, skills, finish, troubleshooting, keep/storage, faq"
garnish_recipe_intl_063_30b082f3,پانا کوتا,International Core,Foreign,NEEDS_FULL_GRIS_REPAIR,40,HIGH,MEDIUM,glance; whyItWorks; skills; finish; troubleshooting; keep/storage; faq,,"Multiple core GRIS sections missing/shallow/generic: glance, whyItWorks, skills, finish, troubleshooting, keep/storage, faq"
garnish_recipe_intl_064_1aa2311f,فوکاچا,International Core,Foreign,NEEDS_FULL_GRIS_REPAIR,39,HIGH,HIGH,glance; whyItWorks; skills; finish; troubleshooting; keep/storage; faq,,"Multiple core GRIS sections missing/shallow/generic: glance, whyItWorks, skills, finish, troubleshooting, keep/storage, faq"
garnish_recipe_intl_065_d91803a7,بیف استروگانف,International Core,Foreign,NEEDS_FULL_GRIS_REPAIR,42,HIGH,MEDIUM,glance; whyItWorks; skills; finish; troubleshooting; keep/storage; faq,,"Multiple core GRIS sections missing/shallow/generic: glance, whyItWorks, skills, finish, troubleshooting, keep/storage, faq"
garnish_recipe_intl_066_d22397d4,بورش,International Core,Foreign,NEEDS_FULL_GRIS_REPAIR,42,HIGH,MEDIUM,glance; whyItWorks; skills; finish; troubleshooting; keep/storage; faq,,"Multiple core GRIS sections missing/shallow/generic: glance, whyItWorks, skills, finish, troubleshooting, keep/storage, faq"
garnish_recipe_intl_067_995a81a6,سوولاکی مرغ,International Core,Foreign,NEEDS_FULL_GRIS_REPAIR,42,HIGH,MEDIUM,glance; whyItWorks; skills; finish; troubleshooting; keep/storage; faq,,"Multiple core GRIS sections missing/shallow/generic: glance, whyItWorks, skills, finish, troubleshooting, keep/storage, faq"
garnish_recipe_intl_068_c9d33098,پاستل د ناتا,International Core,Foreign,NEEDS_FULL_GRIS_REPAIR,42,HIGH,MEDIUM,glance; whyItWorks; skills; finish; troubleshooting; keep/storage; faq,,"Multiple core GRIS sections missing/shallow/generic: glance, whyItWorks, skills, finish, troubleshooting, keep/storage, faq"
garnish_recipe_intl_069_b980b37b,اشترودل سیب,International Core,Foreign,NEEDS_FULL_GRIS_REPAIR,42,HIGH,MEDIUM,glance; whyItWorks; skills; finish; troubleshooting; keep/storage; faq,,"Multiple core GRIS sections missing/shallow/generic: glance, whyItWorks, skills, finish, troubleshooting, keep/storage, faq"
garnish_recipe_intl_070_ef1a1272,استروپ‌وافل,International Core,Foreign,NEEDS_FULL_GRIS_REPAIR,42,HIGH,MEDIUM,glance; whyItWorks; skills; finish; troubleshooting; keep/storage; faq,,"Multiple core GRIS sections missing/shallow/generic: glance, whyItWorks, skills, finish, troubleshooting, keep/storage, faq"
garnish_recipe_intl_071_48a67e24,پوفِرتیِس,International Core,Foreign,NEEDS_FULL_GRIS_REPAIR,41,HIGH,MEDIUM,glance; whyItWorks; skills; finish; troubleshooting; keep/storage; faq,,"Multiple core GRIS sections missing/shallow/generic: glance, whyItWorks, skills, finish, troubleshooting, keep/storage, faq"
garnish_recipe_intl_072_60d498d9,هاخه,International Core,Foreign,NEEDS_FULL_GRIS_REPAIR,42,HIGH,MEDIUM,glance; whyItWorks; skills; finish; troubleshooting; keep/storage; faq,,"Multiple core GRIS sections missing/shallow/generic: glance, whyItWorks, skills, finish, troubleshooting, keep/storage, faq"
garnish_recipe_intl_073_b02d8fd5,ماپو توفو,International Core,Foreign,NEEDS_FULL_GRIS_REPAIR,42,HIGH,MEDIUM,glance; whyItWorks; skills; finish; troubleshooting; keep/storage; faq,,"Multiple core GRIS sections missing/shallow/generic: glance, whyItWorks, skills, finish, troubleshooting, keep/storage, faq"
garnish_recipe_intl_074_79385dd1,چاو مین,International Core,Foreign,NEEDS_FULL_GRIS_REPAIR,42,HIGH,MEDIUM,glance; whyItWorks; skills; finish; troubleshooting; keep/storage; faq,,"Multiple core GRIS sections missing/shallow/generic: glance, whyItWorks, skills, finish, troubleshooting, keep/storage, faq"
garnish_recipe_intl_075_adf77e6a,فتوش,International Core,Foreign,NEEDS_FULL_GRIS_REPAIR,42,HIGH,MEDIUM,glance; whyItWorks; skills; finish; troubleshooting; keep/storage; faq,,"Multiple core GRIS sections missing/shallow/generic: glance, whyItWorks, skills, finish, troubleshooting, keep/storage, faq"
garnish_recipe_intl_076_aee6a297,مجدّره,International Core,Foreign,NEEDS_FULL_GRIS_REPAIR,42,HIGH,MEDIUM,glance; whyItWorks; skills; finish; troubleshooting; keep/storage; faq,,"Multiple core GRIS sections missing/shallow/generic: glance, whyItWorks, skills, finish, troubleshooting, keep/storage, faq"
garnish_recipe_intl_078_c3975f3a,باقلوا,International Core,Foreign,NEEDS_FULL_GRIS_REPAIR,42,HIGH,MEDIUM,glance; whyItWorks; skills; finish; troubleshooting; keep/storage; faq,,"Multiple core GRIS sections missing/shallow/generic: glance, whyItWorks, skills, finish, troubleshooting, keep/storage, faq"
garnish_recipe_intl_079_bc51f8e5,رامن,International Core,Foreign,NEEDS_FULL_GRIS_REPAIR,42,HIGH,MEDIUM,glance; whyItWorks; skills; finish; troubleshooting; keep/storage; faq,,"Multiple core GRIS sections missing/shallow/generic: glance, whyItWorks, skills, finish, troubleshooting, keep/storage, faq"
garnish_recipe_intl_080_5dbc4315,تمپورا,International Core,Foreign,NEEDS_FULL_GRIS_REPAIR,42,HIGH,MEDIUM,glance; whyItWorks; skills; finish; troubleshooting; keep/storage; faq,,"Multiple core GRIS sections missing/shallow/generic: glance, whyItWorks, skills, finish, troubleshooting, keep/storage, faq"
garnish_recipe_intl_081_d8416e42,پد کاپرائو مرغ,International Core,Foreign,NEEDS_FULL_GRIS_REPAIR,42,HIGH,MEDIUM,glance; whyItWorks; skills; finish; troubleshooting; keep/storage; faq,,"Multiple core GRIS sections missing/shallow/generic: glance, whyItWorks, skills, finish, troubleshooting, keep/storage, faq"
garnish_recipe_intl_082_7d443f56,لارب مرغ,International Core,Foreign,NEEDS_FULL_GRIS_REPAIR,42,HIGH,MEDIUM,glance; whyItWorks; skills; finish; troubleshooting; keep/storage; faq,,"Multiple core GRIS sections missing/shallow/generic: glance, whyItWorks, skills, finish, troubleshooting, keep/storage, faq"
garnish_recipe_intl_083_57ce313d,کورنیش پستی,International Core,Foreign,NEEDS_FULL_GRIS_REPAIR,42,HIGH,MEDIUM,glance; whyItWorks; skills; finish; troubleshooting; keep/storage; faq,,"Multiple core GRIS sections missing/shallow/generic: glance, whyItWorks, skills, finish, troubleshooting, keep/storage, faq"
garnish_recipe_intl_084_fb10b1a9,اسکونز,International Core,Foreign,NEEDS_FULL_GRIS_REPAIR,42,HIGH,MEDIUM,glance; whyItWorks; skills; finish; troubleshooting; keep/storage; faq,,"Multiple core GRIS sections missing/shallow/generic: glance, whyItWorks, skills, finish, troubleshooting, keep/storage, faq"
garnish_recipe_intl_085_31af330d,سالاد نیسواز,International Core,Foreign,NEEDS_FULL_GRIS_REPAIR,42,HIGH,MEDIUM,glance; whyItWorks; skills; finish; troubleshooting; keep/storage; faq,,"Multiple core GRIS sections missing/shallow/generic: glance, whyItWorks, skills, finish, troubleshooting, keep/storage, faq"
garnish_recipe_intl_086_a2184266,پروفیترول,International Core,Foreign,NEEDS_FULL_GRIS_REPAIR,42,HIGH,MEDIUM,glance; whyItWorks; skills; finish; troubleshooting; keep/storage; faq,,"Multiple core GRIS sections missing/shallow/generic: glance, whyItWorks, skills, finish, troubleshooting, keep/storage, faq"
garnish_recipe_intl_087_afad4d60,پایلا,International Core,Foreign,NEEDS_FULL_GRIS_REPAIR,42,HIGH,MEDIUM,glance; whyItWorks; skills; finish; troubleshooting; keep/storage; faq,,"Multiple core GRIS sections missing/shallow/generic: glance, whyItWorks, skills, finish, troubleshooting, keep/storage, faq"
garnish_recipe_intl_088_7da35d2c,چوروس,International Core,Foreign,NEEDS_FULL_GRIS_REPAIR,41,HIGH,MEDIUM,glance; whyItWorks; skills; finish; troubleshooting; keep/storage; faq,,"Multiple core GRIS sections missing/shallow/generic: glance, whyItWorks, skills, finish, troubleshooting, keep/storage, faq"
garnish_recipe_intl_089_91d816cb,پرتزل,International Core,Foreign,NEEDS_FULL_GRIS_REPAIR,40,HIGH,MEDIUM,glance; whyItWorks; skills; finish; troubleshooting; keep/storage; faq,,"Multiple core GRIS sections missing/shallow/generic: glance, whyItWorks, skills, finish, troubleshooting, keep/storage, faq"
garnish_recipe_intl_090_07e88d0b,کیک جنگل سیاه,International Core,Foreign,NEEDS_FULL_GRIS_REPAIR,42,HIGH,MEDIUM,glance; whyItWorks; skills; finish; troubleshooting; keep/storage; faq,,"Multiple core GRIS sections missing/shallow/generic: glance, whyItWorks, skills, finish, troubleshooting, keep/storage, faq"
garnish_recipe_intl_091_7dcadc00,پاستا آلا آرابیاتا,International Core,Foreign,NEEDS_FULL_GRIS_REPAIR,42,HIGH,MEDIUM,glance; whyItWorks; skills; finish; troubleshooting; keep/storage; faq,,"Multiple core GRIS sections missing/shallow/generic: glance, whyItWorks, skills, finish, troubleshooting, keep/storage, faq"
garnish_recipe_intl_092_3046ff5e,پاستا آلا نورما,International Core,Foreign,NEEDS_FULL_GRIS_REPAIR,42,HIGH,MEDIUM,glance; whyItWorks; skills; finish; troubleshooting; keep/storage; faq,,"Multiple core GRIS sections missing/shallow/generic: glance, whyItWorks, skills, finish, troubleshooting, keep/storage, faq"
garnish_recipe_intl_093_1d61d86b,مرغ کاچیاتورا,International Core,Foreign,NEEDS_FULL_GRIS_REPAIR,42,HIGH,MEDIUM,glance; whyItWorks; skills; finish; troubleshooting; keep/storage; faq,,"Multiple core GRIS sections missing/shallow/generic: glance, whyItWorks, skills, finish, troubleshooting, keep/storage, faq"
garnish_recipe_intl_094_a48d62c1,پاستا ای فاجولی,International Core,Foreign,NEEDS_FULL_GRIS_REPAIR,42,HIGH,MEDIUM,glance; whyItWorks; skills; finish; troubleshooting; keep/storage; faq,,"Multiple core GRIS sections missing/shallow/generic: glance, whyItWorks, skills, finish, troubleshooting, keep/storage, faq"
garnish_recipe_intl_095_c9024579,آوگولمونو,International Core,Foreign,NEEDS_FULL_GRIS_REPAIR,42,HIGH,MEDIUM,glance; whyItWorks; skills; finish; troubleshooting; keep/storage; faq,,"Multiple core GRIS sections missing/shallow/generic: glance, whyItWorks, skills, finish, troubleshooting, keep/storage, faq"
garnish_recipe_intl_096_697dba10,مرغ پاپریکاش,International Core,Foreign,NEEDS_FULL_GRIS_REPAIR,42,HIGH,MEDIUM,glance; whyItWorks; skills; finish; troubleshooting; keep/storage; faq,,"Multiple core GRIS sections missing/shallow/generic: glance, whyItWorks, skills, finish, troubleshooting, keep/storage, faq"
garnish_recipe_intl_097_428092c3,گومبکی,International Core,Foreign,NEEDS_FULL_GRIS_REPAIR,42,HIGH,MEDIUM,glance; whyItWorks; skills; finish; troubleshooting; keep/storage; faq,,"Multiple core GRIS sections missing/shallow/generic: glance, whyItWorks, skills, finish, troubleshooting, keep/storage, faq"
garnish_recipe_intl_099_594a1fb5,کولکانن,International Core,Foreign,NEEDS_FULL_GRIS_REPAIR,41,HIGH,MEDIUM,glance; whyItWorks; skills; finish; troubleshooting; keep/storage; faq,,"Multiple core GRIS sections missing/shallow/generic: glance, whyItWorks, skills, finish, troubleshooting, keep/storage, faq"
garnish_recipe_intl_100_b2b7f06b,وافل بلژیکی,International Core,Foreign,NEEDS_FULL_GRIS_REPAIR,42,HIGH,MEDIUM,glance; whyItWorks; skills; finish; troubleshooting; keep/storage; faq,,"Multiple core GRIS sections missing/shallow/generic: glance, whyItWorks, skills, finish, troubleshooting, keep/storage, faq"
garnish_recipe_intl_101_b76754a7,مرغ پیری‌پیری,International Core,Foreign,NEEDS_FULL_GRIS_REPAIR,39,HIGH,HIGH,glance; whyItWorks; skills; finish; troubleshooting; keep/storage; faq,,"Multiple core GRIS sections missing/shallow/generic: glance, whyItWorks, skills, finish, troubleshooting, keep/storage, faq"
garnish_recipe_intl_102_44ec3a0b,کالدو ورده,International Core,Foreign,NEEDS_FULL_GRIS_REPAIR,42,HIGH,MEDIUM,glance; whyItWorks; skills; finish; troubleshooting; keep/storage; faq,,"Multiple core GRIS sections missing/shallow/generic: glance, whyItWorks, skills, finish, troubleshooting, keep/storage, faq"
garnish_recipe_intl_103_ab3619d0,یمیستا,International Core,Foreign,NEEDS_FULL_GRIS_REPAIR,42,HIGH,MEDIUM,glance; whyItWorks; skills; finish; troubleshooting; keep/storage; faq,,"Multiple core GRIS sections missing/shallow/generic: glance, whyItWorks, skills, finish, troubleshooting, keep/storage, faq"
garnish_recipe_intl_104_f1da6144,گوشت و بروکلی,International Core,Foreign,NEEDS_FULL_GRIS_REPAIR,42,HIGH,MEDIUM,glance; whyItWorks; skills; finish; troubleshooting; keep/storage; faq,,"Multiple core GRIS sections missing/shallow/generic: glance, whyItWorks, skills, finish, troubleshooting, keep/storage, faq"
garnish_recipe_intl_105_f093f056,کبه,International Core,Foreign,NEEDS_FULL_GRIS_REPAIR,42,HIGH,MEDIUM,glance; whyItWorks; skills; finish; troubleshooting; keep/storage; faq,,"Multiple core GRIS sections missing/shallow/generic: glance, whyItWorks, skills, finish, troubleshooting, keep/storage, faq"
garnish_recipe_intl_107_41491dea,کاراآگه,International Core,Foreign,NEEDS_FULL_GRIS_REPAIR,42,HIGH,MEDIUM,glance; whyItWorks; skills; finish; troubleshooting; keep/storage; faq,,"Multiple core GRIS sections missing/shallow/generic: glance, whyItWorks, skills, finish, troubleshooting, keep/storage, faq"
garnish_recipe_intl_108_d102f5f2,اوکونومی‌یاکی,International Core,Foreign,NEEDS_FULL_GRIS_REPAIR,42,HIGH,MEDIUM,glance; whyItWorks; skills; finish; troubleshooting; keep/storage; faq,,"Multiple core GRIS sections missing/shallow/generic: glance, whyItWorks, skills, finish, troubleshooting, keep/storage, faq"
garnish_recipe_intl_109_997edbdb,خائو سوی,International Core,Foreign,NEEDS_FULL_GRIS_REPAIR,42,HIGH,MEDIUM,glance; whyItWorks; skills; finish; troubleshooting; keep/storage; faq,,"Multiple core GRIS sections missing/shallow/generic: glance, whyItWorks, skills, finish, troubleshooting, keep/storage, faq"
garnish_recipe_intl_110_d9922059,ساته مرغ,International Core,Foreign,NEEDS_FULL_GRIS_REPAIR,42,HIGH,MEDIUM,glance; whyItWorks; skills; finish; troubleshooting; keep/storage; faq,,"Multiple core GRIS sections missing/shallow/generic: glance, whyItWorks, skills, finish, troubleshooting, keep/storage, faq"
garnish_recipe_intl_111_248a08a4,تود این د هول,International Core,Foreign,NEEDS_FULL_GRIS_REPAIR,41,HIGH,MEDIUM,glance; whyItWorks; skills; finish; troubleshooting; keep/storage; faq,,"Multiple core GRIS sections missing/shallow/generic: glance, whyItWorks, skills, finish, troubleshooting, keep/storage, faq"
garnish_recipe_intl_112_cb59927d,اتن مس,International Core,Foreign,NEEDS_FULL_GRIS_REPAIR,40,HIGH,MEDIUM,glance; whyItWorks; skills; finish; troubleshooting; keep/storage; faq,,"Multiple core GRIS sections missing/shallow/generic: glance, whyItWorks, skills, finish, troubleshooting, keep/storage, faq"
garnish_recipe_intl_113_e0e7753e,کرپ,International Core,Foreign,NEEDS_FULL_GRIS_REPAIR,41,HIGH,MEDIUM,glance; whyItWorks; skills; finish; troubleshooting; keep/storage; faq,,"Multiple core GRIS sections missing/shallow/generic: glance, whyItWorks, skills, finish, troubleshooting, keep/storage, faq"
garnish_recipe_intl_114_6e7c743d,کیش,International Core,Foreign,NEEDS_FULL_GRIS_REPAIR,42,HIGH,MEDIUM,glance; whyItWorks; skills; finish; troubleshooting; keep/storage; faq,,"Multiple core GRIS sections missing/shallow/generic: glance, whyItWorks, skills, finish, troubleshooting, keep/storage, faq"
garnish_recipe_intl_115_bd72c652,اسپکولاس,International Core,Foreign,NEEDS_FULL_GRIS_REPAIR,42,HIGH,MEDIUM,glance; whyItWorks; skills; finish; troubleshooting; keep/storage; faq,,"Multiple core GRIS sections missing/shallow/generic: glance, whyItWorks, skills, finish, troubleshooting, keep/storage, faq"
garnish_recipe_intl_116_c3a0982f,اولی‌بولن,International Core,Foreign,NEEDS_FULL_GRIS_REPAIR,42,HIGH,MEDIUM,glance; whyItWorks; skills; finish; troubleshooting; keep/storage; faq,,"Multiple core GRIS sections missing/shallow/generic: glance, whyItWorks, skills, finish, troubleshooting, keep/storage, faq"
garnish_recipe_intl_117_d8d3d0ac,اسپیناکاس کن گاربانثوس,International Core,Foreign,NEEDS_FULL_GRIS_REPAIR,42,HIGH,MEDIUM,glance; whyItWorks; skills; finish; troubleshooting; keep/storage; faq,,"Multiple core GRIS sections missing/shallow/generic: glance, whyItWorks, skills, finish, troubleshooting, keep/storage, faq"
garnish_recipe_intl_118_9ecd21c7,پویو آل آخیو,International Core,Foreign,NEEDS_FULL_GRIS_REPAIR,42,HIGH,MEDIUM,glance; whyItWorks; skills; finish; troubleshooting; keep/storage; faq,,"Multiple core GRIS sections missing/shallow/generic: glance, whyItWorks, skills, finish, troubleshooting, keep/storage, faq"
garnish_recipe_intl_119_9dd64dfc,کارتوفل‌پوفر,International Core,Foreign,NEEDS_FULL_GRIS_REPAIR,42,HIGH,MEDIUM,glance; whyItWorks; skills; finish; troubleshooting; keep/storage; faq,,"Multiple core GRIS sections missing/shallow/generic: glance, whyItWorks, skills, finish, troubleshooting, keep/storage, faq"
garnish_recipe_intl_120_ae775732,کونیگسبرگر کلوپسه,International Core,Foreign,NEEDS_FULL_GRIS_REPAIR,39,HIGH,HIGH,glance; whyItWorks; skills; finish; troubleshooting; keep/storage; faq,,"Multiple core GRIS sections missing/shallow/generic: glance, whyItWorks, skills, finish, troubleshooting, keep/storage, faq"
garnish_recipe_intl_121_c6d25626,ریبولیتا,International Core,Foreign,NEEDS_FULL_GRIS_REPAIR,42,HIGH,MEDIUM,glance; whyItWorks; skills; finish; troubleshooting; keep/storage; faq,,"Multiple core GRIS sections missing/shallow/generic: glance, whyItWorks, skills, finish, troubleshooting, keep/storage, faq"
garnish_recipe_intl_122_2f006614,کاپوناتا,International Core,Foreign,NEEDS_FULL_GRIS_REPAIR,42,HIGH,MEDIUM,glance; whyItWorks; skills; finish; troubleshooting; keep/storage; faq,,"Multiple core GRIS sections missing/shallow/generic: glance, whyItWorks, skills, finish, troubleshooting, keep/storage, faq"
garnish_recipe_intl_123_e8fa3267,اسپاگتی آل لیمونه,International Core,Foreign,NEEDS_FULL_GRIS_REPAIR,42,HIGH,MEDIUM,glance; whyItWorks; skills; finish; troubleshooting; keep/storage; faq,,"Multiple core GRIS sections missing/shallow/generic: glance, whyItWorks, skills, finish, troubleshooting, keep/storage, faq"
garnish_recipe_intl_124_ee006e03,بیستکا آلا فیورنتینا,International Core,Foreign,NEEDS_FULL_GRIS_REPAIR,41,HIGH,MEDIUM,glance; whyItWorks; skills; finish; troubleshooting; keep/storage; faq,,"Multiple core GRIS sections missing/shallow/generic: glance, whyItWorks, skills, finish, troubleshooting, keep/storage, faq"
garnish_recipe_intl_125_19f26215,کلوچهٔ پیازچه,International Core,Foreign,NEEDS_FULL_GRIS_REPAIR,40,HIGH,MEDIUM,glance; whyItWorks; skills; finish; troubleshooting; keep/storage; faq,,"Multiple core GRIS sections missing/shallow/generic: glance, whyItWorks, skills, finish, troubleshooting, keep/storage, faq"
garnish_recipe_intl_126_dc234f18,مرغ و برنج هایننی,International Core,Foreign,NEEDS_FULL_GRIS_REPAIR,42,HIGH,MEDIUM,glance; whyItWorks; skills; finish; troubleshooting; keep/storage; faq,,"Multiple core GRIS sections missing/shallow/generic: glance, whyItWorks, skills, finish, troubleshooting, keep/storage, faq"
garnish_recipe_intl_128_22442750,فته,International Core,Foreign,NEEDS_FULL_GRIS_REPAIR,41,HIGH,MEDIUM,glance; whyItWorks; skills; finish; troubleshooting; keep/storage; faq,,"Multiple core GRIS sections missing/shallow/generic: glance, whyItWorks, skills, finish, troubleshooting, keep/storage, faq"
garnish_recipe_intl_129_382f9727,گوزلمه,International Core,Foreign,NEEDS_FULL_GRIS_REPAIR,40,HIGH,MEDIUM,glance; whyItWorks; skills; finish; troubleshooting; keep/storage; faq,,"Multiple core GRIS sections missing/shallow/generic: glance, whyItWorks, skills, finish, troubleshooting, keep/storage, faq"
garnish_recipe_intl_130_95dea58b,مرجیمک کوفته‌سی,International Core,Foreign,NEEDS_FULL_GRIS_REPAIR,42,HIGH,MEDIUM,glance; whyItWorks; skills; finish; troubleshooting; keep/storage; faq,,"Multiple core GRIS sections missing/shallow/generic: glance, whyItWorks, skills, finish, troubleshooting, keep/storage, faq"
garnish_recipe_intl_131_76428aa8,نیکوجاگا,International Core,Foreign,NEEDS_FULL_GRIS_REPAIR,42,HIGH,MEDIUM,glance; whyItWorks; skills; finish; troubleshooting; keep/storage; faq,,"Multiple core GRIS sections missing/shallow/generic: glance, whyItWorks, skills, finish, troubleshooting, keep/storage, faq"
garnish_recipe_intl_132_71d57108,پد سی‌اِو,International Core,Foreign,NEEDS_FULL_GRIS_REPAIR,42,HIGH,MEDIUM,glance; whyItWorks; skills; finish; troubleshooting; keep/storage; faq,,"Multiple core GRIS sections missing/shallow/generic: glance, whyItWorks, skills, finish, troubleshooting, keep/storage, faq"
garnish_recipe_intl_133_db15257e,کیک ویکتوریا,International Core,Foreign,NEEDS_FULL_GRIS_REPAIR,42,HIGH,MEDIUM,glance; whyItWorks; skills; finish; troubleshooting; keep/storage; faq,,"Multiple core GRIS sections missing/shallow/generic: glance, whyItWorks, skills, finish, troubleshooting, keep/storage, faq"
garnish_recipe_intl_134_a0dcc7ea,ولش ربیت,International Core,Foreign,NEEDS_FULL_GRIS_REPAIR,42,HIGH,MEDIUM,glance; whyItWorks; skills; finish; troubleshooting; keep/storage; faq,,"Multiple core GRIS sections missing/shallow/generic: glance, whyItWorks, skills, finish, troubleshooting, keep/storage, faq"
garnish_recipe_intl_135_6e8e303d,مادلن,International Core,Foreign,NEEDS_FULL_GRIS_REPAIR,42,HIGH,MEDIUM,glance; whyItWorks; skills; finish; troubleshooting; keep/storage; faq,,"Multiple core GRIS sections missing/shallow/generic: glance, whyItWorks, skills, finish, troubleshooting, keep/storage, faq"
garnish_recipe_intl_136_76743d5b,پوت‌او‌فو,International Core,Foreign,NEEDS_FULL_GRIS_REPAIR,42,HIGH,MEDIUM,glance; whyItWorks; skills; finish; troubleshooting; keep/storage; faq,,"Multiple core GRIS sections missing/shallow/generic: glance, whyItWorks, skills, finish, troubleshooting, keep/storage, faq"
garnish_recipe_intl_137_46d41946,کیبلینگ,International Core,Foreign,NEEDS_FULL_GRIS_REPAIR,42,HIGH,MEDIUM,glance; whyItWorks; skills; finish; troubleshooting; keep/storage; faq,,"Multiple core GRIS sections missing/shallow/generic: glance, whyItWorks, skills, finish, troubleshooting, keep/storage, faq"
garnish_recipe_intl_138_4f5d8e11,تمپوس,International Core,Foreign,NEEDS_FULL_GRIS_REPAIR,42,HIGH,MEDIUM,glance; whyItWorks; skills; finish; troubleshooting; keep/storage; faq,,"Multiple core GRIS sections missing/shallow/generic: glance, whyItWorks, skills, finish, troubleshooting, keep/storage, faq"
garnish_recipe_intl_139_fb85376e,کالاماره,International Core,Foreign,NEEDS_FULL_GRIS_REPAIR,41,HIGH,MEDIUM,glance; whyItWorks; skills; finish; troubleshooting; keep/storage; faq,,"Multiple core GRIS sections missing/shallow/generic: glance, whyItWorks, skills, finish, troubleshooting, keep/storage, faq"
garnish_recipe_intl_140_e00e3df2,تارتا د سانتیاگو,International Core,Foreign,NEEDS_FULL_GRIS_REPAIR,40,HIGH,MEDIUM,glance; whyItWorks; skills; finish; troubleshooting; keep/storage; faq,,"Multiple core GRIS sections missing/shallow/generic: glance, whyItWorks, skills, finish, troubleshooting, keep/storage, faq"
garnish_recipe_intl_141_16bce5b8,زنف‌آیر,International Core,Foreign,NEEDS_FULL_GRIS_REPAIR,42,HIGH,MEDIUM,glance; whyItWorks; skills; finish; troubleshooting; keep/storage; faq,,"Multiple core GRIS sections missing/shallow/generic: glance, whyItWorks, skills, finish, troubleshooting, keep/storage, faq"
garnish_recipe_intl_142_44b006d6,زمل‌کنودل,International Core,Foreign,NEEDS_FULL_GRIS_REPAIR,42,HIGH,MEDIUM,glance; whyItWorks; skills; finish; troubleshooting; keep/storage; faq,,"Multiple core GRIS sections missing/shallow/generic: glance, whyItWorks, skills, finish, troubleshooting, keep/storage, faq"
garnish_recipe_intl_143_7a372ddf,گالاکتوبوریکو,International Core,Foreign,NEEDS_FULL_GRIS_REPAIR,42,HIGH,MEDIUM,glance; whyItWorks; skills; finish; troubleshooting; keep/storage; faq,,"Multiple core GRIS sections missing/shallow/generic: glance, whyItWorks, skills, finish, troubleshooting, keep/storage, faq"
garnish_recipe_intl_144_5774ae78,ساگاناکی,International Core,Foreign,NEEDS_FULL_GRIS_REPAIR,39,HIGH,HIGH,glance; whyItWorks; skills; finish; troubleshooting; keep/storage; faq,,"Multiple core GRIS sections missing/shallow/generic: glance, whyItWorks, skills, finish, troubleshooting, keep/storage, faq"
garnish_recipe_intl_145_098dd406,کایزرشمارن,International Core,Foreign,NEEDS_FULL_GRIS_REPAIR,42,HIGH,MEDIUM,glance; whyItWorks; skills; finish; troubleshooting; keep/storage; faq,,"Multiple core GRIS sections missing/shallow/generic: glance, whyItWorks, skills, finish, troubleshooting, keep/storage, faq"
garnish_recipe_intl_146_5a7a3b3f,سیرنیکی,International Core,Foreign,NEEDS_FULL_GRIS_REPAIR,42,HIGH,MEDIUM,glance; whyItWorks; skills; finish; troubleshooting; keep/storage; faq,,"Multiple core GRIS sections missing/shallow/generic: glance, whyItWorks, skills, finish, troubleshooting, keep/storage, faq"
garnish_recipe_intl_147_bb62e7e1,واترزویی,International Core,Foreign,NEEDS_FULL_GRIS_REPAIR,42,HIGH,MEDIUM,glance; whyItWorks; skills; finish; troubleshooting; keep/storage; faq,,"Multiple core GRIS sections missing/shallow/generic: glance, whyItWorks, skills, finish, troubleshooting, keep/storage, faq"
garnish_recipe_intl_148_2f745b64,نانِ سودا,International Core,Foreign,NEEDS_FULL_GRIS_REPAIR,40,HIGH,MEDIUM,glance; whyItWorks; skills; finish; troubleshooting; keep/storage; faq,,"Multiple core GRIS sections missing/shallow/generic: glance, whyItWorks, skills, finish, troubleshooting, keep/storage, faq"
garnish_recipe_intl_149_71c64832,لانگوش,International Core,Foreign,NEEDS_FULL_GRIS_REPAIR,42,HIGH,MEDIUM,glance; whyItWorks; skills; finish; troubleshooting; keep/storage; faq,,"Multiple core GRIS sections missing/shallow/generic: glance, whyItWorks, skills, finish, troubleshooting, keep/storage, faq"
garnish_recipe_intl_150_951c615d,ریسالاماند,International Core,Foreign,NEEDS_FULL_GRIS_REPAIR,42,HIGH,MEDIUM,glance; whyItWorks; skills; finish; troubleshooting; keep/storage; faq,,"Multiple core GRIS sections missing/shallow/generic: glance, whyItWorks, skills, finish, troubleshooting, keep/storage, faq"