"recipeId","slug","title","sourceGroup","country","province","city","ingredientCount","stepCount","grisSectionCount","culinaryRisk","worstSeverity","issues","evidence"
"garnish_recipe_fa_1521_13feed66","cheese-omelet","املت پنیر","phase-one-v0.6.1","ایران","","","6","5","18","NOT_RULED","P2","P2:WEAK_GRIS_STEPS:بعضی مراحل GRIS کوتاه/کم‌جزئیات‌اند. (6/6) | P2:WEAK_GRIS_INGREDIENTS:مواد GRIS نقش/نکته خرید/گروه کامل ندارند. (6/6) | P3:IRANIAN_LOCALITY_MISSING:غذای ایرانی است اما شهر/استان مشخص ندارد.","مواد: تخم‌مرغ کامل خام، پنیر موزارلا، روغن آفتابگردان، نمک خوراکی، فلفل سیاه آسیاب‌شده، پاپریکا آسیاب‌شده | کدها: whole_egg_raw, mozzarella_cheese, sunflower_oil, salt_table, black_pepper_ground, paprika_ground"
"garnish_recipe_fa_121_b6f01192","omelet-rob","املت رب","phase-one-v0.6.1","ایران","","","6","6","18","NOT_RULED","P2","P2:WEAK_GRIS_STEPS:بعضی مراحل GRIS کوتاه/کم‌جزئیات‌اند. (6/6) | P2:WEAK_GRIS_INGREDIENTS:مواد GRIS نقش/نکته خرید/گروه کامل ندارند. (6/6) | P3:IRANIAN_LOCALITY_MISSING:غذای ایرانی است اما شهر/استان مشخص ندارد.","مواد: رب گوجه‌فرنگی، تخم‌مرغ کامل خام، روغن آفتابگردان، زردچوبه آسیاب‌شده، نمک خوراکی، فلفل سیاه آسیاب‌شده | کدها: tomato_paste, whole_egg_raw, sunflower_oil, turmeric_ground, salt_table, black_pepper_ground"
"garnish_recipe_fa_126_76675c2f","borani-esfenaj","بورانی اسفناج","phase-one-v0.6.1","ایران","","","6","6","18","NOT_RULED","P2","P2:WEAK_GRIS_STEPS:بعضی مراحل GRIS کوتاه/کم‌جزئیات‌اند. (6/6) | P2:WEAK_GRIS_INGREDIENTS:مواد GRIS نقش/نکته خرید/گروه کامل ندارند. (6/6) | P3:IRANIAN_LOCALITY_MISSING:غذای ایرانی است اما شهر/استان مشخص ندارد.","مواد: اسفناج خام، ماست ساده، سیر خام، روغن زیتون، نعناع خشک، نمک خوراکی | کدها: spinach_raw, plain_yogurt, garlic_raw, olive_oil, dried_mint, salt_table"
"garnish_recipe_fa_127_38980a7f","borani-bademjan","بورانی بادمجان","phase-one-v0.6.1","ایران","","","6","6","18","NOT_RULED","P2","P2:WEAK_GRIS_STEPS:بعضی مراحل GRIS کوتاه/کم‌جزئیات‌اند. (6/6) | P2:WEAK_GRIS_INGREDIENTS:مواد GRIS نقش/نکته خرید/گروه کامل ندارند. (6/6) | P3:IRANIAN_LOCALITY_MISSING:غذای ایرانی است اما شهر/استان مشخص ندارد.","مواد: بادمجان خام، ماست ساده، سیر خام، نعناع خشک، روغن آفتابگردان، نمک خوراکی | کدها: eggplant_raw, plain_yogurt, garlic_raw, dried_mint, sunflower_oil, salt_table"
"garnish_recipe_fa_1496_5705c3de","ranginak","رنگینک","phase-one-v0.6.1","ایران","","","7","5","18","NOT_RULED","P2","P2:WEAK_GRIS_STEPS:بعضی مراحل GRIS کوتاه/کم‌جزئیات‌اند. (6/6) | P2:WEAK_GRIS_INGREDIENTS:مواد GRIS نقش/نکته خرید/گروه کامل ندارند. (7/7) | P3:IRANIAN_LOCALITY_MISSING:غذای ایرانی است اما شهر/استان مشخص ندارد.","مواد: خرمای خشک، گردو خام، آرد گندم سفید، روغن آفتابگردان، دارچین آسیاب‌شده، شکر دانه‌ریز، پسته خام | کدها: date_dried, walnuts_raw, all_purpose_flour, sunflower_oil, cinnamon_ground, caster_sugar, pistachios_raw"
"garnish_recipe_fa_1762_ecb03b4e","potato-salad","سالاد سیب زمینی","phase-one-v0.6.1","ایران","","","11","5","18","NOT_RULED","P2","P2:WEAK_GRIS_STEPS:بعضی مراحل GRIS کوتاه/کم‌جزئیات‌اند. (6/6) | P2:WEAK_GRIS_INGREDIENTS:مواد GRIS نقش/نکته خرید/گروه کامل ندارند. (11/11) | P3:IRANIAN_LOCALITY_MISSING:غذای ایرانی است اما شهر/استان مشخص ندارد.","مواد: سیب‌زمینی خام، پیازچه خام، خیارشور، شوید تازه، ذرت کنسروی، تخم‌مرغ کامل خام، ماست ساده، مایونز، نمک خوراکی، فلفل سیاه آسیاب‌شده | کدها: potato_raw, scallion_raw, cucumber_pickled, dill_fresh, corn_kernels_canned, whole_egg_raw, plain_yogurt, mayonnaise, salt_table, black_pepper_ground"
"garnish_recipe_fa_1751_cd7bc7b8","chicken-salad","سالاد مرغ","phase-one-v0.6.1","ایران","","","15","5","18","NOT_RULED","P2","P2:WEAK_GRIS_STEPS:بعضی مراحل GRIS کوتاه/کم‌جزئیات‌اند. (6/6) | P2:WEAK_GRIS_INGREDIENTS:مواد GRIS نقش/نکته خرید/گروه کامل ندارند. (15/15) | P3:IRANIAN_LOCALITY_MISSING:غذای ایرانی است اما شهر/استان مشخص ندارد.","مواد: سینه مرغ خام، پیاز خام، کاهو خام، خیارشور، هویج خام، کشمش، جعفری تازه، گردو خام، ذرت کنسروی، مایونز | کدها: chicken_breast_raw, onion_raw, lettuce_raw, cucumber_pickled, carrot_raw, raisins, parsley_fresh, walnuts_raw, corn_kernels_canned, mayonnaise"
"garnish_recipe_fa_2018_2572b935","bechamel-sauce","سس بشامل","phase-one-v0.6.1","نامشخص در داده؛ بین‌المللی","","","8","5","18","NOT_RULED","P2","P2:WEAK_GRIS_STEPS:بعضی مراحل GRIS کوتاه/کم‌جزئیات‌اند. (6/6) | P2:WEAK_GRIS_INGREDIENTS:مواد GRIS نقش/نکته خرید/گروه کامل ندارند. (8/8) | P2:ORIGIN_WEAK:کشور/مبدا از داده به‌وضوح قابل استخراج نیست.","مواد: کره بدون نمک، آرد گندم سفید، شیر کامل، سیر خام، پنیر پارمزان، نمک خوراکی، فلفل سفید آسیاب‌شده، جوز هندی آسیاب‌شده | کدها: butter_unsalted, all_purpose_flour, whole_milk, garlic_raw, parmesan_cheese, salt_table, white_pepper_ground, nutmeg_ground"
"garnish_recipe_fa_2032_c2aacc2c","burger-sauce","سس همبرگر","phase-one-v0.6.1","ایران","","","8","5","18","NOT_RULED","P2","P2:WEAK_GRIS_STEPS:بعضی مراحل GRIS کوتاه/کم‌جزئیات‌اند. (6/6) | P2:WEAK_GRIS_INGREDIENTS:مواد GRIS نقش/نکته خرید/گروه کامل ندارند. (8/8) | P3:IRANIAN_LOCALITY_MISSING:غذای ایرانی است اما شهر/استان مشخص ندارد.","مواد: مایونز، ماست ساده، کچاپ، سس خردل، نمک خوراکی، فلفل سیاه آسیاب‌شده، پرک فلفل قرمز، پیاز خام | کدها: mayonnaise, plain_yogurt, ketchup, mustard_prepared, salt_table, black_pepper_ground, red_pepper_flakes, onion_raw"
"garnish_recipe_fa_185_c892351b","samanu","سمنو","phase-one-v0.6.1","ایران","","","2","6","18","NOT_RULED","P2","P2:WEAK_GRIS_STEPS:بعضی مراحل GRIS کوتاه/کم‌جزئیات‌اند. (6/6) | P2:WEAK_GRIS_INGREDIENTS:مواد GRIS نقش/نکته خرید/گروه کامل ندارند. (2/2) | P3:IRANIAN_LOCALITY_MISSING:غذای ایرانی است اما شهر/استان مشخص ندارد.","مواد: جوانه گندم، آرد گندم سفید | کدها: wheat_germ, all_purpose_flour"
"garnish_recipe_fa_1332_682d694b","french-fries","سیب زمینی سرخ کرده","phase-one-v0.6.1","ایران","","","4","5","18","NOT_RULED","P2","P2:WEAK_GRIS_STEPS:بعضی مراحل GRIS کوتاه/کم‌جزئیات‌اند. (6/6) | P2:WEAK_GRIS_INGREDIENTS:مواد GRIS نقش/نکته خرید/گروه کامل ندارند. (4/4) | P3:IRANIAN_LOCALITY_MISSING:غذای ایرانی است اما شهر/استان مشخص ندارد.","مواد: سیب‌زمینی خام، روغن آفتابگردان، نمک خوراکی، پاپریکا آسیاب‌شده | کدها: potato_raw, sunflower_oil, salt_table, paprika_ground"
"garnish_recipe_fa_1250_cb9a971c","shirin-polo","شیرین‌پلو (مرصع‌پلو)","phase-one-v0.6.1","ایران","","","13","5","18","NOT_RULED","P2","P2:WEAK_GRIS_STEPS:بعضی مراحل GRIS کوتاه/کم‌جزئیات‌اند. (6/6) | P2:WEAK_GRIS_INGREDIENTS:مواد GRIS نقش/نکته خرید/گروه کامل ندارند. (13/13) | P3:IRANIAN_LOCALITY_MISSING:غذای ایرانی است اما شهر/استان مشخص ندارد.","مواد: برنج باسماتی خام، ران مرغ خام، پوست پرتقال شکری، هویج خام، زرشک خشک، خلال بادام، خلال پسته، زعفران، شکر دانه‌ریز، کره بدون نمک | کدها: basmati_rice_raw, chicken_thigh_raw, candied_orange_peel, carrot_raw, barberries_dry, slivered_almonds, slivered_pistachios, saffron, caster_sugar, butter_unsalted"
"garnish_recipe_fa_1547_eade852f","kachi","کاچی","phase-one-v0.6.1","ایران","","","7","5","18","NOT_RULED","P2","P2:WEAK_GRIS_STEPS:بعضی مراحل GRIS کوتاه/کم‌جزئیات‌اند. (6/6) | P2:WEAK_GRIS_INGREDIENTS:مواد GRIS نقش/نکته خرید/گروه کامل ندارند. (7/7) | P3:IRANIAN_LOCALITY_MISSING:غذای ایرانی است اما شهر/استان مشخص ندارد.","مواد: آرد گندم سفید، روغن آفتابگردان، شکر دانه‌ریز، زعفران، گلاب، دارچین آسیاب‌شده، هل آسیاب‌شده | کدها: all_purpose_flour, sunflower_oil, caster_sugar, saffron, rose_water, cinnamon_ground, cardamom_ground"
"garnish_recipe_fa_1196_6cbbd3af","kabab-tabei-goosht","کباب تابه‌ای گوشت","phase-one-v0.6.1","ایران","","","8","6","18","NOT_RULED","P2","P2:WEAK_GRIS_STEPS:بعضی مراحل GRIS کوتاه/کم‌جزئیات‌اند. (6/6) | P2:WEAK_GRIS_INGREDIENTS:مواد GRIS نقش/نکته خرید/گروه کامل ندارند. (8/8) | P3:IRANIAN_LOCALITY_MISSING:غذای ایرانی است اما شهر/استان مشخص ندارد.","مواد: گوشت چرخ‌کرده گاو خام، پیاز خام، گوجه‌فرنگی خام، سماق آسیاب‌شده، روغن آفتابگردان، نمک خوراکی، فلفل سیاه آسیاب‌شده، زردچوبه آسیاب‌شده | کدها: ground_beef_raw, onion_raw, tomato_raw, sumac_ground, sunflower_oil, salt_table, black_pepper_ground, turmeric_ground"
"garnish_recipe_intl_101_b76754a7","piri-piri-chicken","مرغ پیری‌پیری","international-core-150-v0.6.0","نامشخص در داده؛ بین‌المللی","","","10","5","18","NOT_RULED","P2","P2:WEAK_GRIS_STEPS:بعضی مراحل GRIS کوتاه/کم‌جزئیات‌اند. (7/7) | P2:WEAK_GRIS_INGREDIENTS:مواد GRIS نقش/نکته خرید/گروه کامل ندارند. (9/9) | P2:ORIGIN_WEAK:کشور/مبدا از داده به‌وضوح قابل استخراج نیست.","مواد: ران مرغ خام، فلفل تند خام، سیر خام، لیمو زرد خام، پاپریکا آسیاب‌شده، سرکه شراب قرمز، روغن زیتون، برگ بو خشک، نمک خوراکی، فلفل سیاه آسیاب‌شده | کدها: chicken_thigh_raw, chili_pepper_raw, garlic_raw, lemon_raw, paprika_ground, red_wine_vinegar, olive_oil, bay_leaf_dried, salt_table, black_pepper_ground"
"garnish_recipe_global_143_123_a69d6cde","arepas-with-cheese-and-beans","آرپای ذرتی با پنیر و لوبیا","global-143-v0.3","نامشخص در داده؛ بین‌المللی","","","7","5","18","NOT_RULED","P2","P2:WEAK_GRIS_STEPS:بعضی مراحل GRIS کوتاه/کم‌جزئیات‌اند. (5/5) | P2:ORIGIN_WEAK:کشور/مبدا از داده به‌وضوح قابل استخراج نیست.","مواد: آرد ماسا، آب، نمک خوراکی، روغن آفتابگردان، پنیر موزارلا، لوبیا سیاه کنسروی آبکش‌شده، آووکادو خام | کدها: masa_harina, water, salt_table, sunflower_oil, mozzarella_cheese, black_beans_canned_drained, avocado_raw"
"garnish_recipe_fa_148_554e136f","ash-e-anar","آش انار","phase-one-v0.6.1","ایران","","","11","5","18","NOT_RULED","P2","P2:WEAK_GRIS_STEPS:بعضی مراحل GRIS کوتاه/کم‌جزئیات‌اند. (6/6) | P3:IRANIAN_LOCALITY_MISSING:غذای ایرانی است اما شهر/استان مشخص ندارد.","مواد: گوشت چرخ‌کرده گوسفند خام، رب انار، دانه انار خام، لپه خشک، برنج سفید خام، سبزی آش، پیاز خام، شکر دانه‌ریز، زردچوبه آسیاب‌شده، روغن آفتابگردان | کدها: ground_lamb_raw, pomegranate_molasses, pomegranate_raw, split_peas_dry, white_rice_raw, ash_sabzi_mix, onion_raw, caster_sugar, turmeric_ground, sunflower_oil"
"garnish_recipe_fa_147_3b1b07c5","ash-e-jo","آش جو","phase-one-v0.6.1","ایران","","","10","5","18","NOT_RULED","P2","P2:WEAK_GRIS_STEPS:بعضی مراحل GRIS کوتاه/کم‌جزئیات‌اند. (7/7) | P3:IRANIAN_LOCALITY_MISSING:غذای ایرانی است اما شهر/استان مشخص ندارد.","مواد: جو پوست‌کنده، لپه خشک، نخود خشک، سبزی آش، پیاز خام، خامه پرچرب، نعناع خشک، زردچوبه آسیاب‌شده، روغن آفتابگردان، نمک خوراکی | کدها: pearl_barley, split_peas_dry, chickpeas_dry, ash_sabzi_mix, onion_raw, heavy_cream, dried_mint, turmeric_ground, sunflower_oil, salt_table"
"garnish_recipe_fa_79_792d1196","ash-dandooni","آش دندونی","phase-one-v0.6.1","ایران","","","10","5","18","NOT_RULED","P2","P2:WEAK_GRIS_STEPS:بعضی مراحل GRIS کوتاه/کم‌جزئیات‌اند. (6/6) | P3:IRANIAN_LOCALITY_MISSING:غذای ایرانی است اما شهر/استان مشخص ندارد.","مواد: دانه گندم کامل خشک، نخود خشک، عدس خشک، لوبیا سفید خشک، سبزی آش، پیاز خام، نعناع خشک، زردچوبه آسیاب‌شده، روغن آفتابگردان، نمک خوراکی | کدها: wheat_berries_dry, chickpeas_dry, lentils_dry, white_beans_dry, ash_sabzi_mix, onion_raw, dried_mint, turmeric_ground, sunflower_oil, salt_table"
"garnish_recipe_global_143_022_a1009be1","smashed-avocado-toast","آووکادو تست له‌شده","global-143-v0.3","نامشخص در داده؛ بین‌المللی","","","7","3","18","NOT_RULED","P2","P2:WEAK_GRIS_STEPS:بعضی مراحل GRIS کوتاه/کم‌جزئیات‌اند. (5/5) | P2:ORIGIN_WEAK:کشور/مبدا از داده به‌وضوح قابل استخراج نیست.","مواد: نان خمیرترش، آووکادو خام، لیمو سبز تازه، روغن زیتون، نمک خوراکی، فلفل سیاه آسیاب‌شده، فلفل قرمز پولکی | کدها: sourdough_bread, avocado_raw, lime_raw, olive_oil, salt_table, black_pepper_ground, red_pepper_flakes"
"garnish_recipe_intl_112_cb59927d","eton-mess","اتن مس","international-core-150-v0.6.0","بریتانیا","","","6","5","18","NOT_RULED","P2","P2:WEAK_GRIS_STEPS:بعضی مراحل GRIS کوتاه/کم‌جزئیات‌اند. (6/6) | P2:WEAK_GRIS_INGREDIENTS:مواد GRIS نقش/نکته خرید/گروه کامل ندارند. (6/6)","مواد: سفیده تخم‌مرغ خام، شکر دانه‌ریز، خامه پرچرب، توت‌فرنگی خام، پودر قند، عصاره وانیل | کدها: egg_white_raw, caster_sugar, heavy_cream, strawberry_raw, powdered_sugar, vanilla_extract"
"garnish_recipe_intl_062_ce31c267","spaghetti-aglio-e-olio","اسپاگتی سیر و روغن","international-core-150-v0.6.0","ایتالیا","","","6","5","18","NOT_RULED","P2","P2:WEAK_GRIS_STEPS:بعضی مراحل GRIS کوتاه/کم‌جزئیات‌اند. (6/6) | P2:WEAK_GRIS_INGREDIENTS:مواد GRIS نقش/نکته خرید/گروه کامل ندارند. (6/6)","مواد: اسپاگتی خشک، سیر خام، روغن زیتون، پرک فلفل قرمز، جعفری تازه، نمک خوراکی | کدها: spaghetti_dry, garlic_raw, olive_oil, red_pepper_flakes, parsley_fresh, salt_table"
"garnish_recipe_global_143_039_d8dc5a96","vietnamese-fresh-spring-rolls","اسپرینگ رول تازه ویتنامی","global-143-v0.3","نامشخص در داده؛ بین‌المللی","","","12","5","18","NOT_RULED","P2","P2:WEAK_GRIS_STEPS:بعضی مراحل GRIS کوتاه/کم‌جزئیات‌اند. (6/6) | P2:ORIGIN_WEAK:کشور/مبدا از داده به‌وضوح قابل استخراج نیست.","مواد: ورق برنج، میگو خام، نودل برنج خشک، کاهو خام، خیار خام، هویج خام، نعناع تازه، گشنیز تازه، سس ماهی، لیمو سبز خام | کدها: rice_paper, shrimp_raw, rice_noodles_dry, lettuce_raw, cucumber_raw, carrot_raw, mint_fresh, cilantro_fresh, fish_sauce, lime_raw"
"garnish_recipe_fa_120_502ae408","omelet-ghahvekhaneh","املت قهوه‌خانه‌ای","phase-one-v0.6.1","ایران","","","7","6","18","NOT_RULED","P2","P2:WEAK_GRIS_STEPS:بعضی مراحل GRIS کوتاه/کم‌جزئیات‌اند. (6/6) | P3:IRANIAN_LOCALITY_MISSING:غذای ایرانی است اما شهر/استان مشخص ندارد.","مواد: گوجه‌فرنگی خام، رب گوجه‌فرنگی، تخم‌مرغ کامل خام، روغن آفتابگردان، زردچوبه آسیاب‌شده، نمک خوراکی، فلفل سیاه آسیاب‌شده | کدها: tomato_raw, tomato_paste, whole_egg_raw, sunflower_oil, turmeric_ground, salt_table, black_pepper_ground"
"garnish_recipe_global_143_013_d4a1df19","idli-with-sambar","ایدلی با سامبار","global-143-v0.3","نامشخص در داده؛ بین‌المللی","","","13","6","18","NOT_RULED","P2","P2:WEAK_GRIS_STEPS:بعضی مراحل GRIS کوتاه/کم‌جزئیات‌اند. (7/7) | P2:ORIGIN_WEAK:کشور/مبدا از داده به‌وضوح قابل استخراج نیست.","مواد: برنج ایدلی خام، ماش سیاه پوست‌کنده خشک، دانه شنبلیله، دال توور خشک، خمیر تمر هندی، پودر سامبار، دانه خردل، برگ کاری تازه، پیاز خام، گوجه‌فرنگی خام | کدها: idli_rice_raw, urad_dal_dry, fenugreek_seeds, toor_dal_dry, tamarind_paste, sambar_powder, mustard_seeds, curry_leaves_fresh, onion_raw, tomato_raw"
"garnish_recipe_global_143_117_be424535","injera-with-doro-wat","اینجرا با دورو وات","global-143-v0.3","نامشخص در داده؛ بین‌المللی","","","11","5","18","NOT_RULED","P2","P2:WEAK_GRIS_STEPS:بعضی مراحل GRIS کوتاه/کم‌جزئیات‌اند. (7/7) | P2:ORIGIN_WEAK:کشور/مبدا از داده به‌وضوح قابل استخراج نیست.","مواد: نان اینجرا، ساق مرغ خام، پیاز قرمز خام، ادویه بربره، کره بدون نمک، سیر خام، زنجبیل تازه، آب مرغ، تخم‌مرغ کامل خام، لیمو زرد خام | کدها: injera_flatbread, chicken_drumstick_raw, red_onion_raw, berbere_spice, butter_unsalted, garlic_raw, ginger_root_raw, chicken_stock_liquid, whole_egg_raw, lemon_raw"
"garnish_recipe_global_143_044_051125e5","steamed-pork-baozi","بائوی بخارپز شکم‌پر","global-143-v0.3","نامشخص در داده؛ بین‌المللی","","","12","5","18","NOT_RULED","P2","P2:WEAK_GRIS_STEPS:بعضی مراحل GRIS کوتاه/کم‌جزئیات‌اند. (7/7) | P2:ORIGIN_WEAK:کشور/مبدا از داده به‌وضوح قابل استخراج نیست.","مواد: آرد گندم سفید، خمیرمایه خشک فعال، شکر دانه‌ریز، آب، روغن کانولا، گوشت چرخ‌کرده خوک خام، کلم سفید خام، پیازچه خام، زنجبیل تازه، سس سویا | کدها: all_purpose_flour, active_dry_yeast, caster_sugar, water, canola_oil, ground_pork_raw, cabbage_raw, scallion_raw, ginger_root_raw, soy_sauce"
"garnish_recipe_global_143_071_32ff2f21","classic-banoffee-pie","بانوفی پای","global-143-v0.3","نامشخص در داده؛ بین‌المللی","","","9","5","18","NOT_RULED","P2","P2:WEAK_GRIS_STEPS:بعضی مراحل GRIS کوتاه/کم‌جزئیات‌اند. (6/6) | P2:ORIGIN_WEAK:کشور/مبدا از داده به‌وضوح قابل استخراج نیست.","مواد: بیسکویت دایجستیو، کره بدون نمک، شیر عسلی، شکر قهوه‌ای، کره بدون نمک، موز خام، خامه پرچرب، عصاره وانیل، چیپس شکلات تلخ | کدها: digestive_biscuits, butter_unsalted, sweetened_condensed_milk, brown_sugar, butter_unsalted, banana_raw, heavy_cream, vanilla_extract, dark_chocolate_chips"
"garnish_recipe_global_143_089_59f271c3","brigadeiro-chocolate-truffles","بریگادیرو شکلاتی","global-143-v0.3","نامشخص در داده؛ بین‌المللی","","","6","4","18","NOT_RULED","P2","P2:WEAK_GRIS_STEPS:بعضی مراحل GRIS کوتاه/کم‌جزئیات‌اند. (6/6) | P2:ORIGIN_WEAK:کشور/مبدا از داده به‌وضوح قابل استخراج نیست.","مواد: شیر عسلی، پودر کاکائو بدون شکر، کره بدون نمک، چیپس شکلات تلخ، شربت شکلات، پودر کاکائو بدون شکر | کدها: sweetened_condensed_milk, cocoa_powder_unsweetened, butter_unsalted, dark_chocolate_chips, chocolate_syrup, cocoa_powder_unsweetened"
"garnish_recipe_fa_173_ab17534c","bastani-sonnati","بستنی سنتی","phase-one-v0.6.1","ایران","","","8","6","18","NOT_RULED","P2","P2:WEAK_GRIS_STEPS:بعضی مراحل GRIS کوتاه/کم‌جزئیات‌اند. (6/6) | P3:IRANIAN_LOCALITY_MISSING:غذای ایرانی است اما شهر/استان مشخص ندارد.","مواد: شیر کامل، خامه پرچرب، شکر دانه‌ریز، زعفران، گلاب، نشاسته ذرت، سرشیر، خلال پسته | کدها: whole_milk, heavy_cream, caster_sugar, saffron, rose_water, cornstarch, clotted_cream, slivered_pistachios"
"garnish_recipe_global_143_059_1049b27a","buckwheat-blini-with-caviar","بلینی گندم سیاه با خاویار","global-143-v0.3","نامشخص در داده؛ بین‌المللی","","","10","5","18","NOT_RULED","P2","P2:WEAK_GRIS_STEPS:بعضی مراحل GRIS کوتاه/کم‌جزئیات‌اند. (6/6) | P2:ORIGIN_WEAK:کشور/مبدا از داده به‌وضوح قابل استخراج نیست.","مواد: آرد گندم سیاه، آرد گندم سفید، خمیرمایه خشک فعال، شیر کامل، تخم‌مرغ کامل خام، کره بدون نمک، نمک خوراکی، خامه ترش، خاویار، شوید تازه | کدها: buckwheat_flour, all_purpose_flour, active_dry_yeast, whole_milk, whole_egg_raw, butter_unsalted, salt_table, sour_cream, caviar, dill_fresh"
"garnish_recipe_intl_066_d22397d4","borscht","بورش","international-core-150-v0.6.0","نامشخص در داده؛ بین‌المللی","","","13","5","18","NOT_RULED","P2","P2:WEAK_GRIS_STEPS:بعضی مراحل GRIS کوتاه/کم‌جزئیات‌اند. (5/5) | P2:ORIGIN_WEAK:کشور/مبدا از داده به‌وضوح قابل استخراج نیست.","مواد: چغندر خام، کلم سفید خام، سیب‌زمینی خام، هویج خام، پیاز خام، رب گوجه‌فرنگی، آب سبزیجات، سرکه سفید، خامه ترش، شوید تازه | کدها: beetroot_raw, cabbage_raw, potato_raw, carrot_raw, onion_raw, tomato_paste, vegetable_stock_liquid, white_vinegar, sour_cream, dill_fresh"
"garnish_recipe_intl_124_ee006e03","bistecca-alla-fiorentina","بیستکا آلا فیورنتینا","international-core-150-v0.6.0","نامشخص در داده؛ بین‌المللی","","","7","5","18","NOT_RULED","P2","P2:WEAK_GRIS_STEPS:بعضی مراحل GRIS کوتاه/کم‌جزئیات‌اند. (5/5) | P2:ORIGIN_WEAK:کشور/مبدا از داده به‌وضوح قابل استخراج نیست.","مواد: راسته گاو خام، رزماری خشک، سیر خام، روغن زیتون، لیمو زرد خام، نمک خوراکی، فلفل سیاه آسیاب‌شده | کدها: beef_sirloin_raw, rosemary_dried, garlic_raw, olive_oil, lemon_raw, salt_table, black_pepper_ground"
"garnish_recipe_intl_065_d91803a7","beef-stroganoff","بیف استروگانف","international-core-150-v0.6.0","نامشخص در داده؛ بین‌المللی","","","10","5","18","NOT_RULED","P2","P2:WEAK_GRIS_STEPS:بعضی مراحل GRIS کوتاه/کم‌جزئیات‌اند. (6/6) | P2:ORIGIN_WEAK:کشور/مبدا از داده به‌وضوح قابل استخراج نیست.","مواد: سردست گاو خام، قارچ دکمه‌ای خام، پیاز خام، خامه ترش، آب گوشت گاو، آرد گندم سفید، کره بدون نمک، روغن آفتابگردان، نمک خوراکی، فلفل سیاه آسیاب‌شده | کدها: beef_chuck_raw, button_mushroom_raw, onion_raw, sour_cream, beef_stock_liquid, all_purpose_flour, butter_unsalted, sunflower_oil, salt_table, black_pepper_ground"
"garnish_recipe_intl_092_3046ff5e","pasta-alla-norma","پاستا آلا نورما","international-core-150-v0.6.0","نامشخص در داده؛ بین‌المللی","","","9","5","18","NOT_RULED","P2","P2:WEAK_GRIS_STEPS:بعضی مراحل GRIS کوتاه/کم‌جزئیات‌اند. (5/5) | P2:ORIGIN_WEAK:کشور/مبدا از داده به‌وضوح قابل استخراج نیست.","مواد: ماکارونی خشک، بادمجان خام، پاساتای گوجه‌فرنگی، سیر خام، پنیر ریکوتا، ریحان تازه، روغن زیتون، نمک خوراکی، فلفل سیاه آسیاب‌شده | کدها: macaroni_dry, eggplant_raw, tomato_passata, garlic_raw, ricotta_cheese, basil_fresh, olive_oil, salt_table, black_pepper_ground"
"garnish_recipe_intl_068_c9d33098","pastel-de-nata","پاستل د ناتا","international-core-150-v0.6.0","نامشخص در داده؛ بین‌المللی","","","9","5","18","NOT_RULED","P2","P2:WEAK_GRIS_STEPS:بعضی مراحل GRIS کوتاه/کم‌جزئیات‌اند. (6/6) | P2:ORIGIN_WEAK:کشور/مبدا از داده به‌وضوح قابل استخراج نیست.","مواد: خمیر هزارلا، زرده تخم‌مرغ خام، خامه پرچرب، شیر کامل، شکر دانه‌ریز، آرد گندم سفید، دارچین آسیاب‌شده، عصاره وانیل، لیمو زرد خام | کدها: puff_pastry, egg_yolk_raw, heavy_cream, whole_milk, caster_sugar, all_purpose_flour, cinnamon_ground, vanilla_extract, lemon_raw"
"garnish_recipe_intl_063_30b082f3","panna-cotta","پانا کوتا","international-core-150-v0.6.0","ایتالیا","","","6","5","18","NOT_RULED","P2","P2:WEAK_GRIS_STEPS:بعضی مراحل GRIS کوتاه/کم‌جزئیات‌اند. (6/6) | P2:WEAK_GRIS_INGREDIENTS:مواد GRIS نقش/نکته خرید/گروه کامل ندارند. (6/6)","مواد: خامه پرچرب، شیر کامل، شکر دانه‌ریز، پودر ژلاتین، عصاره وانیل، نمک خوراکی | کدها: heavy_cream, whole_milk, caster_sugar, gelatin_powder, vanilla_extract, salt_table"
"garnish_recipe_intl_089_91d816cb","pretzel","پرتزل","international-core-150-v0.6.0","آلمان","","","6","5","18","NOT_RULED","P2","P2:WEAK_GRIS_STEPS:بعضی مراحل GRIS کوتاه/کم‌جزئیات‌اند. (8/8) | P2:WEAK_GRIS_INGREDIENTS:مواد GRIS نقش/نکته خرید/گروه کامل ندارند. (3/7)","مواد: آرد نان، خمیرمایه خشک فعال، شکر دانه‌ریز، جوش شیرین، روغن آفتابگردان، نمک خوراکی | کدها: bread_flour, active_dry_yeast, caster_sugar, baking_soda, sunflower_oil, salt_table"
"garnish_recipe_fa_1780_c3b8ce04","pancake","پنکیک","phase-one-v0.6.1","ایران","","","8","5","18","NOT_RULED","P2","P2:WEAK_GRIS_STEPS:بعضی مراحل GRIS کوتاه/کم‌جزئیات‌اند. (5/5) | P3:IRANIAN_LOCALITY_MISSING:غذای ایرانی است اما شهر/استان مشخص ندارد.","مواد: تخم‌مرغ کامل خام، شکر دانه‌ریز، شیر کامل، کره بدون نمک، بکینگ پودر، عصاره وانیل، آرد گندم سفید، نمک خوراکی | کدها: whole_egg_raw, caster_sugar, whole_milk, butter_unsalted, baking_powder, vanilla_extract, all_purpose_flour, salt_table"
"garnish_recipe_fa_2082_eaf326bf","steak-pizza","پیتزا استیک گوشت","phase-one-v0.6.1","نامشخص در داده؛ بین‌المللی","","","12","5","18","NOT_RULED","P2","P2:WEAK_GRIS_STEPS:بعضی مراحل GRIS کوتاه/کم‌جزئیات‌اند. (5/5) | P2:ORIGIN_WEAK:کشور/مبدا از داده به‌وضوح قابل استخراج نیست.","مواد: خمیر پیتزا، گوشت گاو کم‌چرب خام، پنیر موزارلا، سس مارینارا، روغن زیتون، سرکه بالزامیک، نمک خوراکی، فلفل سیاه آسیاب‌شده، سیر خام، آویشن خشک | کدها: pizza_dough, beef_lean_raw, mozzarella_cheese, marinara_sauce, olive_oil, balsamic_vinegar, salt_table, black_pepper_ground, garlic_raw, thyme_dried"
"garnish_recipe_fa_2107_5f30a146","bacon-pizza","پیتزا بیکن","phase-one-v0.6.1","نامشخص در داده؛ بین‌المللی","","","6","5","18","NOT_RULED","P2","P2:WEAK_GRIS_STEPS:بعضی مراحل GRIS کوتاه/کم‌جزئیات‌اند. (6/6) | P2:ORIGIN_WEAK:کشور/مبدا از داده به‌وضوح قابل استخراج نیست.","مواد: خمیر پیتزا، بیکن خام، قارچ دکمه‌ای خام، سس پیتزا، پنیر موزارلا، روغن زیتون | کدها: pizza_dough, bacon_raw, button_mushroom_raw, pizza_sauce, mozzarella_cheese, olive_oil"
"garnish_recipe_fa_2099_2ce15e17","pizza-margherita","پیتزا مارگاریتا","phase-one-v0.6.1","ایتالیا","","","6","5","18","NOT_RULED","P2","P2:WEAK_GRIS_STEPS:بعضی مراحل GRIS کوتاه/کم‌جزئیات‌اند. (6/6) | P2:WEAK_GRIS_INGREDIENTS:مواد GRIS نقش/نکته خرید/گروه کامل ندارند. (6/6)","مواد: خمیر پیتزا، سس پیتزا، پنیر موزارلا، ریحان تازه، پنیر پارمزان، روغن زیتون | کدها: pizza_dough, pizza_sauce, mozzarella_cheese, basil_fresh, parmesan_cheese, olive_oil"
"garnish_recipe_intl_040_7d7b90a1","pierogi","پیروگی لهستانی","international-core-150-v0.6.0","نامشخص در داده؛ بین‌المللی","","","9","5","18","NOT_RULED","P2","P2:WEAK_GRIS_STEPS:بعضی مراحل GRIS کوتاه/کم‌جزئیات‌اند. (5/5) | P2:ORIGIN_WEAK:کشور/مبدا از داده به‌وضوح قابل استخراج نیست.","مواد: آرد گندم سفید، تخم‌مرغ کامل خام، سیب‌زمینی خام، پنیر چدار، پیاز خام، کره بدون نمک، روغن آفتابگردان، نمک خوراکی، فلفل سیاه آسیاب‌شده | کدها: all_purpose_flour, whole_egg_raw, potato_raw, cheddar_cheese, onion_raw, butter_unsalted, sunflower_oil, salt_table, black_pepper_ground"
"garnish_recipe_global_143_114_cc474629","moroccan-chicken-tagine-apricot","تاژین مراکشی مرغ و زردآلو","global-143-v0.3","نامشخص در داده؛ بین‌المللی","","","13","5","18","NOT_RULED","P2","P2:WEAK_GRIS_STEPS:بعضی مراحل GRIS کوتاه/کم‌جزئیات‌اند. (6/6) | P2:ORIGIN_WEAK:کشور/مبدا از داده به‌وضوح قابل استخراج نیست.","مواد: ران مرغ خام، پیاز خام، سیر خام، راس‌الحانوت، زردچوبه آسیاب‌شده، زنجبیل تازه، چوب دارچین، قیسی خشک، زیتون سبز بدون هسته، لیموی شور مراکشی | کدها: chicken_thigh_raw, onion_raw, garlic_raw, ras_el_hanout, turmeric_ground, ginger_root_raw, cinnamon_stick, dried_apricots, green_olives_pitted, preserved_lemons"
"garnish_recipe_intl_022_ac4d3143","tortilla-espanola","تورتیای اسپانیایی","international-core-150-v0.6.0","اسپانیا","","","5","5","18","NOT_RULED","P2","P2:WEAK_GRIS_STEPS:بعضی مراحل GRIS کوتاه/کم‌جزئیات‌اند. (6/6) | P2:WEAK_GRIS_INGREDIENTS:مواد GRIS نقش/نکته خرید/گروه کامل ندارند. (5/5)","مواد: سیب‌زمینی خام، تخم‌مرغ کامل خام، پیاز خام، روغن زیتون، نمک خوراکی | کدها: potato_raw, whole_egg_raw, onion_raw, olive_oil, salt_table"
"garnish_recipe_fa_115_ba80ef7c","tahandaz-morgh","ته‌انداز مرغ","phase-one-v0.6.1","ایران","","","10","5","18","NOT_RULED","P2","P2:WEAK_GRIS_STEPS:بعضی مراحل GRIS کوتاه/کم‌جزئیات‌اند. (5/5) | P3:IRANIAN_LOCALITY_MISSING:غذای ایرانی است اما شهر/استان مشخص ندارد.","مواد: ران مرغ خام، برنج سفید خام، پیاز خام، زعفران، کره بدون نمک، زرشک خشک، زردچوبه آسیاب‌شده، روغن آفتابگردان، نمک خوراکی، فلفل سیاه آسیاب‌شده | کدها: chicken_thigh_raw, white_rice_raw, onion_raw, saffron, butter_unsalted, barberries_dry, turmeric_ground, sunflower_oil, salt_table, black_pepper_ground"
"garnish_recipe_fa_92_397baf20","jigar-kababi","جگر کبابی","phase-one-v0.6.1","ایران","","","6","5","18","NOT_RULED","P2","P2:WEAK_GRIS_STEPS:بعضی مراحل GRIS کوتاه/کم‌جزئیات‌اند. (6/6) | P3:IRANIAN_LOCALITY_MISSING:غذای ایرانی است اما شهر/استان مشخص ندارد.","مواد: جگر گوسفند خام، پیاز خام، سماق آسیاب‌شده، نمک خوراکی، فلفل سیاه آسیاب‌شده، نان لواش | کدها: lamb_liver_raw, onion_raw, sumac_ground, salt_table, black_pepper_ground, lavash_bread"
"garnish_recipe_global_143_074_7b07ce2a","vanilla-bean-gelato","جلاتوی وانیلی","global-143-v0.3","نامشخص در داده؛ بین‌المللی","","","6","6","18","NOT_RULED","P2","P2:WEAK_GRIS_STEPS:بعضی مراحل GRIS کوتاه/کم‌جزئیات‌اند. (6/6) | P2:ORIGIN_WEAK:کشور/مبدا از داده به‌وضوح قابل استخراج نیست.","مواد: شیر کامل، خامه پرچرب، زرده تخم‌مرغ خام، شکر دانه‌ریز، غلاف وانیل، نمک خوراکی | کدها: whole_milk, heavy_cream, egg_yolk_raw, caster_sugar, vanilla_bean, salt_table"
"garnish_recipe_global_143_116_d25d42e2","west-african-jollof-rice","جلوف رایس غرب آفریقا","global-143-v0.3","نامشخص در داده؛ بین‌المللی","","","13","5","18","NOT_RULED","P2","P2:WEAK_GRIS_STEPS:بعضی مراحل GRIS کوتاه/کم‌جزئیات‌اند. (7/7) | P2:ORIGIN_WEAK:کشور/مبدا از داده به‌وضوح قابل استخراج نیست.","مواد: برنج نیم‌پز خشک، گوجه له‌شده کنسروی، رب گوجه‌فرنگی، پیاز قرمز خام، فلفل دلمه‌ای خام، فلفل تند خام، سیر خام، زنجبیل تازه، آویشن خشک، پودر کاری | کدها: parboiled_rice_raw, canned_crushed_tomatoes, tomato_paste, red_onion_raw, bell_pepper_raw, chili_pepper_raw, garlic_raw, ginger_root_raw, thyme_dried, curry_powder"
"garnish_recipe_fa_216_1bfdfe55","saffron-joojeh-kabab","جوجه کباب زعفرانی","phase-one-v0.6.1","ایران","","","11","6","16","RULE_PASS","P2","P2:WEAK_GRIS_INGREDIENTS:مواد GRIS نقش/نکته خرید/گروه کامل ندارند. (1/11) | P3:IRANIAN_LOCALITY_MISSING:غذای ایرانی است اما شهر/استان مشخص ندارد.","مواد: ران مرغ خام، پیاز خام، ماست ساده، زعفران، لیمو زرد خام، روغن زیتون، کره بدون نمک، نمک خوراکی، فلفل سیاه آسیاب‌شده، فلفل دلمه‌ای خام | کدها: chicken_thigh_raw, onion_raw, plain_yogurt, saffron, lemon_raw, olive_oil, butter_unsalted, salt_table, black_pepper_ground, bell_pepper_raw"
"garnish_recipe_fa_1483_557ee839","saffron-halva","حلوا زعفرانی","phase-one-v0.6.1","ایران","","","8","5","18","NOT_RULED","P2","P2:WEAK_GRIS_STEPS:بعضی مراحل GRIS کوتاه/کم‌جزئیات‌اند. (5/5) | P3:IRANIAN_LOCALITY_MISSING:غذای ایرانی است اما شهر/استان مشخص ندارد.","مواد: آرد گندم سفید، روغن آفتابگردان، شکر دانه‌ریز، زعفران، گلاب، هل آسیاب‌شده، خلال پسته، خلال بادام | کدها: all_purpose_flour, sunflower_oil, caster_sugar, saffron, rose_water, cardamom_ground, slivered_pistachios, slivered_almonds"
"garnish_recipe_global_143_061_6a6023a1","grilled-halloumi-lemon-herbs","حلومی گریل‌شده با لیمو و سبزی","global-143-v0.3","نامشخص در داده؛ بین‌المللی","","","5","4","18","NOT_RULED","P2","P2:WEAK_GRIS_STEPS:بعضی مراحل GRIS کوتاه/کم‌جزئیات‌اند. (4/4) | P2:ORIGIN_WEAK:کشور/مبدا از داده به‌وضوح قابل استخراج نیست.","مواد: پنیر حلومی، روغن زیتون، لیمو زرد خام، جعفری تازه، فلفل سیاه آسیاب‌شده | کدها: halloumi_cheese, olive_oil, lemon_raw, parsley_fresh, black_pepper_ground"
"garnish_recipe_fa_2014_249aa268","italian-pizza-dough","خمیر پیتزا ایتالیایی","phase-one-v0.6.1","ایتالیا","","","5","5","18","NOT_RULED","P2","P2:WEAK_GRIS_STEPS:بعضی مراحل GRIS کوتاه/کم‌جزئیات‌اند. (6/6) | P2:WEAK_GRIS_INGREDIENTS:مواد GRIS نقش/نکته خرید/گروه کامل ندارند. (5/5)","مواد: آرد گندم سفید، مخمر خشک، شکر دانه‌ریز، نمک خوراکی، روغن زیتون | کدها: all_purpose_flour, yeast_dry, caster_sugar, salt_table, olive_oil"
"garnish_recipe_fa_107_5765c9eb","khoresht-chaghartameh","خورش چغرتمه","phase-one-v0.6.1","ایران","","","11","5","18","NOT_RULED","P2","P2:WEAK_GRIS_STEPS:بعضی مراحل GRIS کوتاه/کم‌جزئیات‌اند. (6/6) | P3:IRANIAN_LOCALITY_MISSING:غذای ایرانی است اما شهر/استان مشخص ندارد.","مواد: ران مرغ خام، تخم‌مرغ کامل خام، پیاز خام، آب نارنج، زعفران، دارچین آسیاب‌شده، چغندر خام، زردچوبه آسیاب‌شده، روغن آفتابگردان، نمک خوراکی | کدها: chicken_thigh_raw, whole_egg_raw, onion_raw, sour_orange_juice, saffron, cinnamon_ground, beetroot_raw, turmeric_ground, sunflower_oil, salt_table"
"garnish_recipe_fa_109_7c2e92a0","khoresh-ghooreh-bademjan","خورش غوره بادمجان","phase-one-v0.6.1","ایران","","","9","5","18","NOT_RULED","P2","P2:WEAK_GRIS_STEPS:بعضی مراحل GRIS کوتاه/کم‌جزئیات‌اند. (5/5) | P3:IRANIAN_LOCALITY_MISSING:غذای ایرانی است اما شهر/استان مشخص ندارد.","مواد: گوشت گوسفند خام، بادمجان خام، غوره، پیاز خام، رب گوجه‌فرنگی، زردچوبه آسیاب‌شده، روغن آفتابگردان، نمک خوراکی، فلفل سیاه آسیاب‌شده | کدها: lamb_meat_raw, eggplant_raw, unripe_grapes, onion_raw, tomato_paste, turmeric_ground, sunflower_oil, salt_table, black_pepper_ground"
"garnish_recipe_fa_108_441adb29","khoresh-kadoo","خورش کدو","phase-one-v0.6.1","ایران","","","10","5","18","NOT_RULED","P2","P2:WEAK_GRIS_STEPS:بعضی مراحل GRIS کوتاه/کم‌جزئیات‌اند. (5/5) | P3:IRANIAN_LOCALITY_MISSING:غذای ایرانی است اما شهر/استان مشخص ندارد.","مواد: گوشت گوسفند خام، کدو سبز خام، پیاز خام، رب گوجه‌فرنگی، آبغوره، نعناع خشک، زردچوبه آسیاب‌شده، روغن آفتابگردان، نمک خوراکی، فلفل سیاه آسیاب‌شده | کدها: lamb_meat_raw, zucchini_raw, onion_raw, tomato_paste, verjuice, dried_mint, turmeric_ground, sunflower_oil, salt_table, black_pepper_ground"
"garnish_recipe_fa_872_529097b4","dolmeh-barg-mo","دلمه برگ مو (دلمه‌ی برگ انگور)","phase-one-v0.6.1","ایران/منطقه قفقاز","","","14","6","16","RULE_PASS","P2","P2:WEAK_GRIS_INGREDIENTS:مواد GRIS نقش/نکته خرید/گروه کامل ندارند. (8/14) | P3:IRANIAN_LOCALITY_MISSING:غذای ایرانی است اما شهر/استان مشخص ندارد.","مواد: برگ مو، برنج باسماتی خام، لپه زرد خشک، گوشت چرخ‌کرده گاو خام، پیاز خام، جعفری تازه، شوید تازه، نعناع تازه، رب انار، آبغوره | کدها: grape_leaves, basmati_rice_raw, yellow_split_peas_dry, ground_beef_raw, onion_raw, parsley_fresh, dill_fresh, mint_fresh, pomegranate_molasses, verjuice"
"garnish_recipe_global_143_014_8a86b8a0","masala-dosa","دوسا ماسالا","global-143-v0.3","نامشخص در داده؛ بین‌المللی","","","11","5","18","NOT_RULED","P2","P2:WEAK_GRIS_STEPS:بعضی مراحل GRIS کوتاه/کم‌جزئیات‌اند. (7/7) | P2:ORIGIN_WEAK:کشور/مبدا از داده به‌وضوح قابل استخراج نیست.","مواد: برنج ایدلی خام، ماش سیاه پوست‌کنده خشک، دانه شنبلیله، سیب‌زمینی خام، پیاز خام، دانه خردل، برگ کاری تازه، زردچوبه آسیاب‌شده، فلفل تند خام، روغن حیوانی/گی | کدها: idli_rice_raw, urad_dal_dry, fenugreek_seeds, potato_raw, onion_raw, mustard_seeds, curry_leaves_fresh, turmeric_ground, chili_pepper_raw, ghee"
"garnish_recipe_global_143_087_3d227836","glazed-yeast-doughnuts","دونات مخمری لعابی","global-143-v0.3","نامشخص در داده؛ بین‌المللی","","","9","4","18","NOT_RULED","P2","P2:WEAK_GRIS_STEPS:بعضی مراحل GRIS کوتاه/کم‌جزئیات‌اند. (6/6) | P2:ORIGIN_WEAK:کشور/مبدا از داده به‌وضوح قابل استخراج نیست.","مواد: آرد گندم سفید، خمیرمایه خشک فعال، شیر کامل، شکر دانه‌ریز، تخم‌مرغ کامل خام، کره بدون نمک، روغن آفتابگردان، پودر قند، عصاره وانیل | کدها: all_purpose_flour, active_dry_yeast, whole_milk, caster_sugar, whole_egg_raw, butter_unsalted, sunflower_oil, powdered_sugar, vanilla_extract"
"garnish_recipe_fa_123_a52aadf1","doymaj","دویماج","phase-one-v0.6.1","ایران","","","7","6","18","NOT_RULED","P2","P2:WEAK_GRIS_STEPS:بعضی مراحل GRIS کوتاه/کم‌جزئیات‌اند. (6/6) | P3:IRANIAN_LOCALITY_MISSING:غذای ایرانی است اما شهر/استان مشخص ندارد.","مواد: نان لواش، گردو خام، پنیر فتا، پیازچه خام، نعناع خشک، کره بدون نمک، روغن زیتون | کدها: lavash_bread, walnuts_raw, feta_cheese, scallion_raw, dried_mint, butter_unsalted, olive_oil"
"garnish_recipe_global_143_124_ce358cac","cuban-ropa-vieja","روپا ویه‌خای کوبایی","global-143-v0.3","نامشخص در داده؛ بین‌المللی","","","11","5","18","NOT_RULED","P2","P2:WEAK_GRIS_STEPS:بعضی مراحل GRIS کوتاه/کم‌جزئیات‌اند. (5/5) | P2:ORIGIN_WEAK:کشور/مبدا از داده به‌وضوح قابل استخراج نیست.","مواد: قلوه‌گاه گاو خام، پیاز خام، فلفل دلمه‌ای خام، سیر خام، گوجه له‌شده کنسروی، رب گوجه‌فرنگی، آب گوشت گاو، زیتون سبز بدون هسته، کاپاریس، زیره سبز آسیاب‌شده | کدها: beef_flank_raw, onion_raw, bell_pepper_raw, garlic_raw, canned_crushed_tomatoes, tomato_paste, beef_stock_liquid, green_olives_pitted, capers, cumin_ground"
"garnish_recipe_intl_039_29544b7d","rosti","روشتی سوئیسی","international-core-150-v0.6.0","سوئیس","","","5","5","18","NOT_RULED","P2","P2:WEAK_GRIS_STEPS:بعضی مراحل GRIS کوتاه/کم‌جزئیات‌اند. (6/6) | P2:WEAK_GRIS_INGREDIENTS:مواد GRIS نقش/نکته خرید/گروه کامل ندارند. (5/5)","مواد: سیب‌زمینی خام، کره بدون نمک، روغن آفتابگردان، نمک خوراکی، فلفل سیاه آسیاب‌شده | کدها: potato_raw, butter_unsalted, sunflower_oil, salt_table, black_pepper_ground"
"garnish_recipe_fa_1272_b3180a59","zireh-polo-kermani","زیره‌پلو کرمانی","phase-one-v0.6.1","ایران","کرمان","کرمان","10","5","18","NOT_RULED","P2","P2:WEAK_GRIS_STEPS:بعضی مراحل GRIS کوتاه/کم‌جزئیات‌اند. (6/6) | P2:WEAK_GRIS_INGREDIENTS:مواد GRIS نقش/نکته خرید/گروه کامل ندارند. (10/10)","مواد: برنج باسماتی خام، زیره سیاه ایرانی، گوشت گوسفند خام، پیاز خام، زعفران، کره بدون نمک، روغن آفتابگردان، نمک خوراکی، فلفل سیاه آسیاب‌شده، زردچوبه آسیاب‌شده | کدها: basmati_rice_raw, black_cumin_seeds, lamb_meat_raw, onion_raw, saffron, butter_unsalted, sunflower_oil, salt_table, black_pepper_ground, turmeric_ground"
"garnish_recipe_intl_144_5774ae78","saganaki","ساگاناکی","international-core-150-v0.6.0","یونان","","","5","5","18","NOT_RULED","P2","P2:WEAK_GRIS_STEPS:بعضی مراحل GRIS کوتاه/کم‌جزئیات‌اند. (6/6) | P2:WEAK_GRIS_INGREDIENTS:مواد GRIS نقش/نکته خرید/گروه کامل ندارند. (5/5)","مواد: پنیر فتا، آرد گندم سفید، لیمو زرد خام، روغن زیتون، فلفل سیاه آسیاب‌شده | کدها: feta_cheese, all_purpose_flour, lemon_raw, olive_oil, black_pepper_ground"
"garnish_recipe_fa_1808_788119ed","macaroni-salad","سالاد ماکارونی","phase-one-v0.6.1","ایران","","","13","5","16","NOT_RULED","P2","P2:WEAK_GRIS_INGREDIENTS:مواد GRIS نقش/نکته خرید/گروه کامل ندارند. (1/13) | P3:IRANIAN_LOCALITY_MISSING:غذای ایرانی است اما شهر/استان مشخص ندارد.","مواد: ماکارونی خشک، ژامبون ورقه‌ای، فلفل دلمه‌ای خام، هویج خام، خیارشور، ذرت کنسروی، نخودفرنگی خام، مایونز، ماست ساده، آبلیموی بطری | کدها: macaroni_dry, ham_sliced, bell_pepper_raw, carrot_raw, cucumber_pickled, corn_kernels_canned, green_peas_raw, mayonnaise, plain_yogurt, lemon_juice_bottled"
"garnish_recipe_global_143_096_0e548c27","vietnamese-pork-banh-mi","ساندویچ بان می با گوشت و ترشی","global-143-v0.3","نامشخص در داده؛ بین‌المللی","","","11","5","18","NOT_RULED","P2","P2:WEAK_GRIS_STEPS:بعضی مراحل GRIS کوتاه/کم‌جزئیات‌اند. (6/6) | P2:ORIGIN_WEAK:کشور/مبدا از داده به‌وضوح قابل استخراج نیست.","مواد: باگت، شانه خوک خام، سس سویا، سس ماهی، سیر خام، شکر دانه‌ریز، ترشی هویج و ترب سفید، خیار خام، گشنیز تازه، مایونز | کدها: baguette, pork_shoulder_raw, soy_sauce, fish_sauce, garlic_raw, caster_sugar, pickled_daikon_carrot, cucumber_raw, cilantro_fresh, mayonnaise"
"garnish_recipe_fa_2035_e1080e79","marinara-sauce","سس مارینارا","phase-one-v0.6.1","نامشخص در داده؛ بین‌المللی","","","9","5","16","NOT_RULED","P2","P2:WEAK_GRIS_INGREDIENTS:مواد GRIS نقش/نکته خرید/گروه کامل ندارند. (1/9) | P2:ORIGIN_WEAK:کشور/مبدا از داده به‌وضوح قابل استخراج نیست.","مواد: گوجه‌فرنگی خام، روغن زیتون، سیر خام، پیاز خام، پونه کوهی خشک، نمک خوراکی، فلفل سیاه آسیاب‌شده، شکر دانه‌ریز، رب گوجه‌فرنگی | کدها: tomato_raw, olive_oil, garlic_raw, onion_raw, oregano_dried, salt_table, black_pepper_ground, caster_sugar, tomato_paste"
"garnish_recipe_global_143_120_8da4e4b0","peruvian-fish-ceviche","سویچه ماهی پرویی","global-143-v0.3","نامشخص در داده؛ بین‌المللی","","","9","5","18","NOT_RULED","P2","P2:WEAK_GRIS_STEPS:بعضی مراحل GRIS کوتاه/کم‌جزئیات‌اند. (6/6) | P2:ORIGIN_WEAK:کشور/مبدا از داده به‌وضوح قابل استخراج نیست.","مواد: ماهی سی‌باس خام، لیمو سبز خام، پیاز قرمز خام، فلفل تند خام، گشنیز تازه، نمک خوراکی، سیب‌زمینی شیرین خام، بلال خام، یخ | کدها: sea_bass_raw, lime_raw, red_onion_raw, chili_pepper_raw, cilantro_fresh, salt_table, sweet_potato_raw, corn_on_cob_raw, ice_cubes"
"garnish_recipe_global_143_002_5f663504","full-english-breakfast","صبحانه کامل انگلیسی","global-143-v0.3","نامشخص در داده؛ بین‌المللی","","","13","6","18","NOT_RULED","P2","P2:WEAK_GRIS_STEPS:بعضی مراحل GRIS کوتاه/کم‌جزئیات‌اند. (6/6) | P2:ORIGIN_WEAK:کشور/مبدا از داده به‌وضوح قابل استخراج نیست.","مواد: سوسیس خوک خام، بیکن پشت خوک خام، تخم‌مرغ کامل خام، گوجه‌فرنگی خام، قارچ دکمه‌ای خام، کنسرو لوبیا در سس، بلک پودینگ، نان سفید، کره بدون نمک، روغن آفتابگردان | کدها: pork_sausage_raw, pork_back_bacon_raw, whole_egg_raw, tomato_raw, button_mushroom_raw, canned_baked_beans, black_pudding, bread_white, butter_unsalted, sunflower_oil"
"garnish_recipe_intl_128_22442750","fatteh","فته","international-core-150-v0.6.0","نامشخص در داده؛ بین‌المللی","","","7","5","18","NOT_RULED","P2","P2:WEAK_GRIS_STEPS:بعضی مراحل GRIS کوتاه/کم‌جزئیات‌اند. (5/5) | P2:ORIGIN_WEAK:کشور/مبدا از داده به‌وضوح قابل استخراج نیست.","مواد: نخود خشک، ماست یونانی ساده، نان پیتا، سیر خام، زیره سبز آسیاب‌شده، روغن زیتون، نمک خوراکی | کدها: chickpeas_dry, greek_yogurt_plain, pita_bread, garlic_raw, cumin_ground, olive_oil, salt_table"
"garnish_recipe_global_143_021_7cee5181","classic-french-toast","فرنچ تست کلاسیک","global-143-v0.3","نامشخص در داده؛ بین‌المللی","","","10","4","18","NOT_RULED","P2","P2:WEAK_GRIS_STEPS:بعضی مراحل GRIS کوتاه/کم‌جزئیات‌اند. (6/6) | P2:ORIGIN_WEAK:کشور/مبدا از داده به‌وضوح قابل استخراج نیست.","مواد: بریوش، تخم‌مرغ کامل خام، شیر کامل، خامه پرچرب، شکر دانه‌ریز، دارچین آسیاب‌شده، عصاره وانیل، نمک خوراکی، کره بدون نمک، شربت افرا | کدها: brioche, whole_egg_raw, whole_milk, heavy_cream, caster_sugar, cinnamon_ground, vanilla_extract, salt_table, butter_unsalted, maple_syrup"
"garnish_recipe_global_143_076_72b1d9d1","classic-caramel-flan","فلان کاراملی","global-143-v0.3","نامشخص در داده؛ بین‌المللی","","","8","6","18","NOT_RULED","P2","P2:WEAK_GRIS_STEPS:بعضی مراحل GRIS کوتاه/کم‌جزئیات‌اند. (6/6) | P2:ORIGIN_WEAK:کشور/مبدا از داده به‌وضوح قابل استخراج نیست.","مواد: شکر دانه‌ریز، آب، شیر کامل، شیر عسلی، تخم‌مرغ کامل خام، زرده تخم‌مرغ خام، عصاره وانیل، نمک خوراکی | کدها: caster_sugar, water, whole_milk, sweetened_condensed_milk, whole_egg_raw, egg_yolk_raw, vanilla_extract, salt_table"
"garnish_recipe_intl_064_1aa2311f","focaccia","فوکاچا","international-core-150-v0.6.0","ایتالیا","","","5","5","18","NOT_RULED","P2","P2:WEAK_GRIS_STEPS:بعضی مراحل GRIS کوتاه/کم‌جزئیات‌اند. (6/6) | P2:WEAK_GRIS_INGREDIENTS:مواد GRIS نقش/نکته خرید/گروه کامل ندارند. (5/5)","مواد: آرد نان، خمیرمایه خشک فعال، روغن زیتون، رزماری خشک، نمک خوراکی | کدها: bread_flour, active_dry_yeast, olive_oil, rosemary_dried, salt_table"
"garnish_recipe_global_143_119_e71710d8","brazilian-feijoada-black-beans","فیجوآدای برزیلی","global-143-v0.3","نامشخص در داده؛ بین‌المللی","","","12","5","18","NOT_RULED","P2","P2:WEAK_GRIS_STEPS:بعضی مراحل GRIS کوتاه/کم‌جزئیات‌اند. (6/6) | P2:ORIGIN_WEAK:کشور/مبدا از داده به‌وضوح قابل استخراج نیست.","مواد: لوبیا سیاه خشک، شانه خوک خام، سوسیس خوک خام، شکم خوک خام، پیاز خام، سیر خام، برگ بو خشک، پرتقال خام، کلم برگ سبز خام، برنج سفید خام | کدها: black_beans_dry, pork_shoulder_raw, pork_sausage_raw, pork_belly_raw, onion_raw, garlic_raw, bay_leaf_dried, orange_raw, collard_greens_raw, white_rice_raw"
"garnish_recipe_global_143_112_ea1e7e26","iraqi-lamb-quzi-rice","قوزی عراقی با بره و برنج","global-143-v0.3","نامشخص در داده؛ بین‌المللی","","","12","5","18","NOT_RULED","P2","P2:WEAK_GRIS_STEPS:بعضی مراحل GRIS کوتاه/کم‌جزئیات‌اند. (6/6) | P2:ORIGIN_WEAK:کشور/مبدا از داده به‌وضوح قابل استخراج نیست.","مواد: سردست گوسفند خام، برنج باسماتی خام، پیاز خام، ادویه بهارات، چوب دارچین، هل سبز، برگ بو خشک، روغن حیوانی/گی، کشمش، خلال بادام | کدها: lamb_shoulder_raw, basmati_rice_raw, onion_raw, baharat_blend, cinnamon_stick, green_cardamom_pods, bay_leaf_dried, ghee, raisins, slivered_almonds"
"garnish_recipe_fa_1239_1be04a64","gheymeh-nesar","قیمه نثار","phase-one-v0.6.1","ایران","","","15","5","16","NOT_RULED","P2","P2:WEAK_GRIS_INGREDIENTS:مواد GRIS نقش/نکته خرید/گروه کامل ندارند. (1/15) | P3:IRANIAN_LOCALITY_MISSING:غذای ایرانی است اما شهر/استان مشخص ندارد.","مواد: برنج باسماتی خام، گوشت گوسفند خام، زرشک خشک، خلال بادام، خلال پسته، رنده پوست پرتقال، زعفران، گلاب، هل آسیاب‌شده، دارچین آسیاب‌شده | کدها: basmati_rice_raw, lamb_meat_raw, barberries_dry, slivered_almonds, slivered_pistachios, orange_zest, saffron, rose_water, cardamom_ground, cinnamon_ground"
"garnish_recipe_global_143_023_07bead9c","singapore-kaya-toast","کایا تست سنگاپوری","global-143-v0.3","نامشخص در داده؛ بین‌المللی","","","10","4","18","NOT_RULED","P2","P2:WEAK_GRIS_STEPS:بعضی مراحل GRIS کوتاه/کم‌جزئیات‌اند. (6/6) | P2:ORIGIN_WEAK:کشور/مبدا از داده به‌وضوح قابل استخراج نیست.","مواد: نان سفید، تخم‌مرغ کامل خام، زرده تخم‌مرغ خام، خامه نارگیل کنسروی، شکر دانه‌ریز، برگ پاندان، نمک خوراکی، کره بدون نمک، تخم‌مرغ کامل خام، سس سویا | کدها: bread_white, whole_egg_raw, egg_yolk_raw, coconut_cream_canned, caster_sugar, pandan_leaves, salt_table, butter_unsalted, whole_egg_raw, soy_sauce"
"garnish_recipe_fa_1214_189349a1","kabab-torsh","کباب ترش","phase-one-v0.6.1","ایران","گیلان","","10","6","18","RULE_PASS","P2","P2:WEAK_GRIS_STEPS:بعضی مراحل GRIS کوتاه/کم‌جزئیات‌اند. (6/6) | P2:WEAK_GRIS_INGREDIENTS:مواد GRIS نقش/نکته خرید/گروه کامل ندارند. (10/10)","مواد: استیک گاو خام، گردو خام، رب انار، پیاز خام، سیر خام، جعفری تازه، روغن زیتون، نمک خوراکی، فلفل سیاه آسیاب‌شده، زردچوبه آسیاب‌شده | کدها: beef_steak_raw, walnuts_raw, pomegranate_molasses, onion_raw, garlic_raw, parsley_fresh, olive_oil, salt_table, black_pepper_ground, turmeric_ground"
"garnish_recipe_global_143_110_9b1cffdd","saudi-chicken-kabsa","کبسه مرغ عربی","global-143-v0.3","نامشخص در داده؛ بین‌المللی","","","13","5","18","NOT_RULED","P2","P2:WEAK_GRIS_STEPS:بعضی مراحل GRIS کوتاه/کم‌جزئیات‌اند. (6/6) | P2:ORIGIN_WEAK:کشور/مبدا از داده به‌وضوح قابل استخراج نیست.","مواد: ساق مرغ خام، برنج باسماتی خام، پیاز خام، گوجه‌فرنگی خام، رب گوجه‌فرنگی، ادویه بهارات، هل آسیاب‌شده، چوب دارچین، برگ بو خشک، آب مرغ | کدها: chicken_drumstick_raw, basmati_rice_raw, onion_raw, tomato_raw, tomato_paste, baharat_blend, cardamom_ground, cinnamon_stick, bay_leaf_dried, chicken_stock_liquid"
"garnish_recipe_fa_111_4cb37a1a","kateh-shomali","کته شمالی","phase-one-v0.6.1","ایران","گیلان","","4","6","18","NOT_RULED","P2","P2:WEAK_GRIS_STEPS:بعضی مراحل GRIS کوتاه/کم‌جزئیات‌اند. (6/6) | P2:WEAK_GRIS_INGREDIENTS:مواد GRIS نقش/نکته خرید/گروه کامل ندارند. (4/4)","مواد: برنج سفید خام، کره بدون نمک، روغن آفتابگردان، نمک خوراکی | کدها: white_rice_raw, butter_unsalted, sunflower_oil, salt_table"
"garnish_recipe_global_143_115_0cc3ef7b","north-african-vegetable-couscous","کُسکُس سبزیجات شمال آفریقا","global-143-v0.3","نامشخص در داده؛ بین‌المللی","","","11","5","18","NOT_RULED","P2","P2:WEAK_GRIS_STEPS:بعضی مراحل GRIS کوتاه/کم‌جزئیات‌اند. (6/6) | P2:ORIGIN_WEAK:کشور/مبدا از داده به‌وضوح قابل استخراج نیست.","مواد: کوسکوس خشک، نخود کنسروی آبکش‌شده، هویج خام، کدو سبز خام، شلغم خام، پیاز خام، گوجه له‌شده کنسروی، راس‌الحانوت، آب سبزیجات، روغن زیتون | کدها: couscous_dry, chickpeas_canned_drained, carrot_raw, zucchini_raw, turnip_raw, onion_raw, canned_crushed_tomatoes, ras_el_hanout, vegetable_stock_liquid, olive_oil"
"garnish_recipe_fa_134_34e1816f","kuku-bademjan","کوکو بادمجان","phase-one-v0.6.1","ایران","","","9","5","16","NOT_RULED","P2","P2:WEAK_GRIS_INGREDIENTS:مواد GRIS نقش/نکته خرید/گروه کامل ندارند. (1/9) | P3:IRANIAN_LOCALITY_MISSING:غذای ایرانی است اما شهر/استان مشخص ندارد.","مواد: بادمجان خام، تخم‌مرغ کامل خام، سیر خام، زردچوبه آسیاب‌شده، بکینگ پودر، گردو خام، روغن آفتابگردان، نمک خوراکی، فلفل سیاه آسیاب‌شده | کدها: eggplant_raw, whole_egg_raw, garlic_raw, turmeric_ground, baking_powder, walnuts_raw, sunflower_oil, salt_table, black_pepper_ground"
"garnish_recipe_fa_133_139b05e2","kuku-sibzamini","کوکو سیب‌زمینی","phase-one-v0.6.1","ایران","","","9","6","16","NOT_RULED","P2","P2:WEAK_GRIS_INGREDIENTS:مواد GRIS نقش/نکته خرید/گروه کامل ندارند. (1/9) | P3:IRANIAN_LOCALITY_MISSING:غذای ایرانی است اما شهر/استان مشخص ندارد.","مواد: سیب‌زمینی خام، تخم‌مرغ کامل خام، پیاز خام، زردچوبه آسیاب‌شده، نمک خوراکی، فلفل سیاه آسیاب‌شده، آرد گندم سفید، روغن آفتابگردان، زعفران | کدها: potato_raw, whole_egg_raw, onion_raw, turmeric_ground, salt_table, black_pepper_ground, all_purpose_flour, sunflower_oil, saffron"
"garnish_recipe_intl_099_594a1fb5","colcannon","کولکانن","international-core-150-v0.6.0","نامشخص در داده؛ بین‌المللی","","","7","5","18","NOT_RULED","P2","P2:WEAK_GRIS_STEPS:بعضی مراحل GRIS کوتاه/کم‌جزئیات‌اند. (6/6) | P2:ORIGIN_WEAK:کشور/مبدا از داده به‌وضوح قابل استخراج نیست.","مواد: سیب‌زمینی خام، کِیل خام، کره بدون نمک، شیر کامل، پیازچه خام، نمک خوراکی، فلفل سیاه آسیاب‌شده | کدها: potato_raw, kale_raw, butter_unsalted, whole_milk, scallion_raw, salt_table, black_pepper_ground"
"garnish_recipe_global_143_077_de99681c","classic-tres-leches-cake","کیک تره‌لچس","global-143-v0.3","نامشخص در داده؛ بین‌المللی","","","10","6","18","NOT_RULED","P2","P2:WEAK_GRIS_STEPS:بعضی مراحل GRIS کوتاه/کم‌جزئیات‌اند. (7/7) | P2:ORIGIN_WEAK:کشور/مبدا از داده به‌وضوح قابل استخراج نیست.","مواد: آرد گندم سفید، بکینگ پودر، نمک خوراکی، تخم‌مرغ کامل خام، شکر دانه‌ریز، شیر کامل، عصاره وانیل، شیر تبخیرشده، شیر عسلی، خامه پرچرب | کدها: all_purpose_flour, baking_powder, salt_table, whole_egg_raw, caster_sugar, whole_milk, vanilla_extract, evaporated_milk, sweetened_condensed_milk, heavy_cream"
"garnish_recipe_global_143_086_6c72c640","medovik-russian-honey-cake","کیک عسلی روسی لایه‌ای","global-143-v0.3","نامشخص در داده؛ بین‌المللی","","","8","4","18","NOT_RULED","P2","P2:WEAK_GRIS_STEPS:بعضی مراحل GRIS کوتاه/کم‌جزئیات‌اند. (7/7) | P2:ORIGIN_WEAK:کشور/مبدا از داده به‌وضوح قابل استخراج نیست.","مواد: عسل، کره بدون نمک، شکر دانه‌ریز، تخم‌مرغ کامل خام، جوش شیرین، آرد گندم سفید، خامه ترش، پودر قند | کدها: honey, butter_unsalted, caster_sugar, whole_egg_raw, baking_soda, all_purpose_flour, sour_cream, powdered_sugar"
"garnish_recipe_global_143_092_87b53529","chocolate-lava-cake","کیک لاوای شکلاتی","global-143-v0.3","نامشخص در داده؛ بین‌المللی","","","7","4","18","NOT_RULED","P2","P2:WEAK_GRIS_STEPS:بعضی مراحل GRIS کوتاه/کم‌جزئیات‌اند. (7/7) | P2:ORIGIN_WEAK:کشور/مبدا از داده به‌وضوح قابل استخراج نیست.","مواد: چیپس شکلات تلخ، کره بدون نمک، تخم‌مرغ کامل خام، زرده تخم‌مرغ خام، شکر دانه‌ریز، آرد گندم سفید، پودر کاکائو بدون شکر | کدها: dark_chocolate_chips, butter_unsalted, whole_egg_raw, egg_yolk_raw, caster_sugar, all_purpose_flour, cocoa_powder_unsweetened"
"garnish_recipe_intl_030_16d9e454","hungarian-goulash","گولاش مجارستانی","international-core-150-v0.6.0","نامشخص در داده؛ بین‌المللی","","","12","5","18","NOT_RULED","P2","P2:WEAK_GRIS_STEPS:بعضی مراحل GRIS کوتاه/کم‌جزئیات‌اند. (6/6) | P2:ORIGIN_WEAK:کشور/مبدا از داده به‌وضوح قابل استخراج نیست.","مواد: سردست گاو خام، پیاز خام، پاپریکا آسیاب‌شده، فلفل دلمه‌ای خام، گوجه‌فرنگی خام، سیب‌زمینی خام، سیر خام، دانه زیره سیاه اروپایی، آب گوشت گاو، روغن آفتابگردان | کدها: beef_chuck_raw, onion_raw, paprika_ground, bell_pepper_raw, tomato_raw, potato_raw, garlic_raw, caraway_seeds, beef_stock_liquid, sunflower_oil"
"garnish_recipe_intl_097_428092c3","golabki","گومبکی","international-core-150-v0.6.0","نامشخص در داده؛ بین‌المللی","","","10","5","18","NOT_RULED","P2","P2:WEAK_GRIS_STEPS:بعضی مراحل GRIS کوتاه/کم‌جزئیات‌اند. (6/6) | P2:ORIGIN_WEAK:کشور/مبدا از داده به‌وضوح قابل استخراج نیست.","مواد: کلم سفید خام، گوشت چرخ‌کرده گاو خام، برنج سفید خام، پیاز خام، پاساتای گوجه‌فرنگی، سیر خام، برگ بو خشک، روغن آفتابگردان، نمک خوراکی، فلفل سیاه آسیاب‌شده | کدها: cabbage_raw, ground_beef_raw, white_rice_raw, onion_raw, tomato_passata, garlic_raw, bay_leaf_dried, sunflower_oil, salt_table, black_pepper_ground"
"garnish_recipe_fa_142_3215f0b5","gondi","گوندی","phase-one-v0.6.1","ایران","","","9","5","18","NOT_RULED","P2","P2:WEAK_GRIS_STEPS:بعضی مراحل GRIS کوتاه/کم‌جزئیات‌اند. (6/6) | P3:IRANIAN_LOCALITY_MISSING:غذای ایرانی است اما شهر/استان مشخص ندارد.","مواد: ران مرغ خام، آرد نخودچی، پیاز خام، هل آسیاب‌شده، زیره سبز آسیاب‌شده، زردچوبه آسیاب‌شده، روغن آفتابگردان، نمک خوراکی، فلفل سیاه آسیاب‌شده | کدها: chicken_thigh_raw, chickpea_flour, onion_raw, cardamom_ground, cumin_ground, turmeric_ground, sunflower_oil, salt_table, black_pepper_ground"
"garnish_recipe_intl_149_71c64832","langos","لانگوش","international-core-150-v0.6.0","نامشخص در داده؛ بین‌المللی","","","8","5","18","NOT_RULED","P2","P2:WEAK_GRIS_STEPS:بعضی مراحل GRIS کوتاه/کم‌جزئیات‌اند. (5/5) | P2:ORIGIN_WEAK:کشور/مبدا از داده به‌وضوح قابل استخراج نیست.","مواد: آرد گندم سفید، خمیرمایه خشک فعال، شیر کامل، سیر خام، خامه ترش، پنیر چدار، روغن آفتابگردان، نمک خوراکی | کدها: all_purpose_flour, active_dry_yeast, whole_milk, garlic_raw, sour_cream, cheddar_cheese, sunflower_oil, salt_table"
"garnish_recipe_global_143_085_cb35078b","turkish-delight-rose-pistachio","لوکوم پسته‌ای با گلاب","global-143-v0.3","نامشخص در داده؛ بین‌المللی","","","8","4","18","NOT_RULED","P2","P2:WEAK_GRIS_STEPS:بعضی مراحل GRIS کوتاه/کم‌جزئیات‌اند. (7/7) | P2:ORIGIN_WEAK:کشور/مبدا از داده به‌وضوح قابل استخراج نیست.","مواد: شکر دانه‌ریز، آب، نشاسته ذرت، شربت ذرت روشن، لیمو زرد خام، گلاب، پسته خام، پودر قند | کدها: caster_sugar, water, cornstarch, corn_syrup_light, lemon_raw, rose_water, pistachios_raw, powdered_sugar"
"garnish_recipe_global_143_121_ee99f013","peruvian-lomo-saltado","لومو سالتادوی پرویی","global-143-v0.3","نامشخص در داده؛ بین‌المللی","","","11","5","18","NOT_RULED","P2","P2:WEAK_GRIS_STEPS:بعضی مراحل GRIS کوتاه/کم‌جزئیات‌اند. (6/6) | P2:ORIGIN_WEAK:کشور/مبدا از داده به‌وضوح قابل استخراج نیست.","مواد: قلوه‌گاه گاو خام، پیاز قرمز خام، گوجه‌فرنگی خام، سیب‌زمینی خام، سس سویا، سرکه شراب قرمز، سس ووسترشر، سیر خام، زیره سبز آسیاب‌شده، گشنیز تازه | کدها: beef_flank_raw, red_onion_raw, tomato_raw, potato_raw, soy_sauce, red_wine_vinegar, worcestershire_sauce, garlic_raw, cumin_ground, cilantro_fresh"
"garnish_recipe_fa_114_4d182f15","mash-polo","ماش‌پلو","phase-one-v0.6.1","ایران","","","8","6","18","NOT_RULED","P2","P2:WEAK_GRIS_STEPS:بعضی مراحل GRIS کوتاه/کم‌جزئیات‌اند. (6/6) | P3:IRANIAN_LOCALITY_MISSING:غذای ایرانی است اما شهر/استان مشخص ندارد.","مواد: برنج سفید خام، ماش خشک، پیاز خام، خرمای بدون هسته، کشمش، زردچوبه آسیاب‌شده، روغن آفتابگردان، نمک خوراکی | کدها: white_rice_raw, mung_beans_dry, onion_raw, pitted_dates, raisins, turmeric_ground, sunflower_oil, salt_table"
"garnish_recipe_global_143_084_87b7230c","malva-pudding-caramel-sauce","مالوا پودینگ با سس گرم","global-143-v0.3","نامشخص در داده؛ بین‌المللی","","","9","4","18","NOT_RULED","P2","P2:WEAK_GRIS_STEPS:بعضی مراحل GRIS کوتاه/کم‌جزئیات‌اند. (7/7) | P2:ORIGIN_WEAK:کشور/مبدا از داده به‌وضوح قابل استخراج نیست.","مواد: آرد گندم سفید، مربای زردآلو، تخم‌مرغ کامل خام، شکر قهوه‌ای، شیر کامل، جوش شیرین، سرکه سیب، کره بدون نمک، خامه پرچرب | کدها: all_purpose_flour, apricot_jam, whole_egg_raw, brown_sugar, whole_milk, baking_soda, apple_cider_vinegar, butter_unsalted, heavy_cream"
"garnish_recipe_global_143_060_17a8b6d3","smoky-mutabbal-eggplant-tahini","متبل بادمجان دودی","global-143-v0.3","نامشخص در داده؛ بین‌المللی","","","9","5","18","NOT_RULED","P2","P2:WEAK_GRIS_STEPS:بعضی مراحل GRIS کوتاه/کم‌جزئیات‌اند. (6/6) | P2:ORIGIN_WEAK:کشور/مبدا از داده به‌وضوح قابل استخراج نیست.","مواد: بادمجان خام، ارده، لیمو زرد خام، سیر خام، نمک خوراکی، روغن زیتون، جعفری تازه، سماق آسیاب‌شده، نان پیتا | کدها: eggplant_raw, tahini, lemon_raw, garlic_raw, salt_table, olive_oil, parsley_fresh, sumac_ground, pita_bread"
"garnish_recipe_intl_076_aee6a297","mujadara","مجدّره","international-core-150-v0.6.0","نامشخص در داده؛ بین‌المللی","","","8","5","18","NOT_RULED","P2","P2:WEAK_GRIS_STEPS:بعضی مراحل GRIS کوتاه/کم‌جزئیات‌اند. (5/5) | P2:ORIGIN_WEAK:کشور/مبدا از داده به‌وضوح قابل استخراج نیست.","مواد: عدس قهوه‌ای خشک، برنج سفید خام، پیاز خام، زیره سبز آسیاب‌شده، روغن زیتون، گشنیز تازه، نمک خوراکی، فلفل سیاه آسیاب‌شده | کدها: brown_lentils_dry, white_rice_raw, onion_raw, cumin_ground, olive_oil, cilantro_fresh, salt_table, black_pepper_ground"
"garnish_recipe_intl_096_697dba10","chicken-paprikash","مرغ پاپریکاش","international-core-150-v0.6.0","نامشخص در داده؛ بین‌المللی","","","10","5","18","NOT_RULED","P2","P2:WEAK_GRIS_STEPS:بعضی مراحل GRIS کوتاه/کم‌جزئیات‌اند. (5/5) | P2:ORIGIN_WEAK:کشور/مبدا از داده به‌وضوح قابل استخراج نیست.","مواد: ران مرغ خام، پیاز خام، پاپریکا آسیاب‌شده، فلفل دلمه‌ای خام، گوجه‌فرنگی خام، خامه ترش، آب مرغ، روغن آفتابگردان، نمک خوراکی، فلفل سیاه آسیاب‌شده | کدها: chicken_thigh_raw, onion_raw, paprika_ground, bell_pepper_raw, tomato_raw, sour_cream, chicken_stock_liquid, sunflower_oil, salt_table, black_pepper_ground"
"garnish_recipe_fa_1296_5d4fca2c","morgh-torsh-gilani","مرغ ترش گیلانی","phase-one-v0.6.1","ایران","گیلان","","12","6","18","NOT_RULED","P2","P2:WEAK_GRIS_STEPS:بعضی مراحل GRIS کوتاه/کم‌جزئیات‌اند. (7/7) | P2:WEAK_GRIS_INGREDIENTS:مواد GRIS نقش/نکته خرید/گروه کامل ندارند. (10/10)","مواد: ران مرغ خام، گردو خام، رب انار، جعفری تازه، گشنیز تازه، نعناع تازه، سیر خام، پیاز خام، روغن آفتابگردان، نمک خوراکی | کدها: chicken_thigh_raw, walnuts_raw, pomegranate_molasses, parsley_fresh, cilantro_fresh, mint_fresh, garlic_raw, onion_raw, sunflower_oil, salt_table"
"garnish_recipe_global_143_125_d0851524","jamaican-jerk-chicken","مرغ جرک جامائیکایی","global-143-v0.3","نامشخص در داده؛ بین‌المللی","","","10","5","18","NOT_RULED","P2","P2:WEAK_GRIS_STEPS:بعضی مراحل GRIS کوتاه/کم‌جزئیات‌اند. (6/6) | P2:ORIGIN_WEAK:کشور/مبدا از داده به‌وضوح قابل استخراج نیست.","مواد: ران مرغ خام، پیازچه خام، فلفل هابانرو خام، سیر خام، زنجبیل تازه، ادویه آل‌اسپایس آسیاب‌شده، آویشن خشک، شکر قهوه‌ای تیره، لیمو سبز خام، سس سویا | کدها: chicken_thigh_raw, scallion_raw, habanero_pepper_raw, garlic_raw, ginger_root_raw, allspice_ground, thyme_dried, dark_brown_sugar, lime_raw, soy_sauce"
"garnish_recipe_fa_91_a3224405","morgh-shekam-por","مرغ شکم‌پر","phase-one-v0.6.1","ایران","","","10","6","18","NOT_RULED","P2","P2:WEAK_GRIS_STEPS:بعضی مراحل GRIS کوتاه/کم‌جزئیات‌اند. (6/6) | P3:IRANIAN_LOCALITY_MISSING:غذای ایرانی است اما شهر/استان مشخص ندارد.","مواد: مرغ کامل خام، گردو خام، زرشک خشک، رب انار، پیاز خام، زردچوبه آسیاب‌شده، کره بدون نمک، روغن آفتابگردان، نمک خوراکی، فلفل سیاه آسیاب‌شده | کدها: whole_chicken_raw, walnuts_raw, barberries_dry, pomegranate_molasses, onion_raw, turmeric_ground, butter_unsalted, sunflower_oil, salt_table, black_pepper_ground"
"garnish_recipe_fa_1484_ccebf63e","masghati","مسقطی","phase-one-v0.6.1","ایران","","","7","5","18","NOT_RULED","P2","P2:WEAK_GRIS_STEPS:بعضی مراحل GRIS کوتاه/کم‌جزئیات‌اند. (6/6) | P3:IRANIAN_LOCALITY_MISSING:غذای ایرانی است اما شهر/استان مشخص ندارد.","مواد: شکر دانه‌ریز، نشاسته ذرت، گلاب، زعفران، خلال پسته، خلال بادام، عصاره وانیل | کدها: caster_sugar, cornstarch, rose_water, saffron, slivered_pistachios, slivered_almonds, vanilla_extract"
"garnish_recipe_global_143_111_f81cb103","jordanian-mansaf-lamb-jameed","منسف اردنی با بره و جمید","global-143-v0.3","نامشخص در داده؛ بین‌المللی","","","12","5","18","NOT_RULED","P2","P2:WEAK_GRIS_STEPS:بعضی مراحل GRIS کوتاه/کم‌جزئیات‌اند. (7/7) | P2:ORIGIN_WEAK:کشور/مبدا از داده به‌وضوح قابل استخراج نیست.","مواد: ماهیچه گوسفندی خام، کشک خشک جَمید، برنج باسماتی خام، روغن حیوانی/گی، هل آسیاب‌شده، برگ بو خشک، چوب دارچین، زردچوبه آسیاب‌شده، نان پیتا، خلال بادام | کدها: lamb_shank_raw, jameed, basmati_rice_raw, ghee, cardamom_ground, bay_leaf_dried, cinnamon_stick, turmeric_ground, pita_bread, slivered_almonds"
"garnish_recipe_global_143_078_0b996a59","daifuku-mochi-red-bean","موچی دایفوکو با خمیر لوبیا","global-143-v0.3","نامشخص در داده؛ بین‌المللی","","","5","6","18","NOT_RULED","P2","P2:WEAK_GRIS_STEPS:بعضی مراحل GRIS کوتاه/کم‌جزئیات‌اند. (6/6) | P2:ORIGIN_WEAK:کشور/مبدا از داده به‌وضوح قابل استخراج نیست.","مواد: آرد برنج چسبناک، شکر دانه‌ریز، آب، نشاسته ذرت، خمیر لوبیای قرمز شیرین | کدها: glutinous_rice_flour, caster_sugar, water, cornstarch, sweet_red_bean_paste"
"garnish_recipe_intl_148_2f745b64","soda-bread","نانِ سودا","international-core-150-v0.6.0","نامشخص در داده؛ بین‌المللی","","","6","5","18","NOT_RULED","P2","P2:WEAK_GRIS_STEPS:بعضی مراحل GRIS کوتاه/کم‌جزئیات‌اند. (6/6) | P2:ORIGIN_WEAK:کشور/مبدا از داده به‌وضوح قابل استخراج نیست.","مواد: آرد گندم سفید، جوش شیرین، شیر کامل، سرکه سفید، کره بدون نمک، نمک خوراکی | کدها: all_purpose_flour, baking_soda, whole_milk, white_vinegar, butter_unsalted, salt_table"
"garnish_recipe_fa_181_40d368f2","nan-nokhodchi","نان نخودچی","phase-one-v0.6.1","ایران","","","6","5","18","NOT_RULED","P2","P2:WEAK_GRIS_STEPS:بعضی مراحل GRIS کوتاه/کم‌جزئیات‌اند. (6/6) | P3:IRANIAN_LOCALITY_MISSING:غذای ایرانی است اما شهر/استان مشخص ندارد.","مواد: آرد نخودچی، شکر دانه‌ریز، کره بدون نمک، هل آسیاب‌شده، گلاب، خلال پسته | کدها: chickpea_flour, caster_sugar, butter_unsalted, cardamom_ground, rose_water, slivered_pistachios"
"garnish_recipe_fa_122_dc5bb310","nargesi-esfenaj","نرگسی اسفناج","phase-one-v0.6.1","ایران","","","8","6","18","NOT_RULED","P2","P2:WEAK_GRIS_STEPS:بعضی مراحل GRIS کوتاه/کم‌جزئیات‌اند. (6/6) | P3:IRANIAN_LOCALITY_MISSING:غذای ایرانی است اما شهر/استان مشخص ندارد.","مواد: اسفناج خام، تخم‌مرغ کامل خام، پیاز خام، سیر خام، زردچوبه آسیاب‌شده، روغن آفتابگردان، نمک خوراکی، فلفل سیاه آسیاب‌شده | کدها: spinach_raw, whole_egg_raw, onion_raw, garlic_raw, turmeric_ground, sunflower_oil, salt_table, black_pepper_ground"
"garnish_recipe_intl_147_bb62e7e1","waterzooi","واترزویی","international-core-150-v0.6.0","نامشخص در داده؛ بین‌المللی","","","12","5","18","NOT_RULED","P2","P2:WEAK_GRIS_STEPS:بعضی مراحل GRIS کوتاه/کم‌جزئیات‌اند. (6/6) | P2:ORIGIN_WEAK:کشور/مبدا از داده به‌وضوح قابل استخراج نیست.","مواد: ران مرغ خام، تره‌فرنگی خام، هویج خام، کرفس خام، سیب‌زمینی خام، خامه پرچرب، تخم‌مرغ کامل خام، کره بدون نمک، آب مرغ، جعفری تازه | کدها: chicken_thigh_raw, leek_raw, carrot_raw, celery_raw, potato_raw, heavy_cream, whole_egg_raw, butter_unsalted, chicken_stock_liquid, parsley_fresh"
"garnish_recipe_global_143_020_0b2a0961","buttermilk-waffles","وافل باترمیلک","global-143-v0.3","نامشخص در داده؛ بین‌المللی","","","10","5","18","NOT_RULED","P2","P2:WEAK_GRIS_STEPS:بعضی مراحل GRIS کوتاه/کم‌جزئیات‌اند. (7/7) | P2:ORIGIN_WEAK:کشور/مبدا از داده به‌وضوح قابل استخراج نیست.","مواد: آرد گندم سفید، دوغ کره، تخم‌مرغ کامل خام، کره بدون نمک، شکر دانه‌ریز، بکینگ پودر، جوش شیرین، نمک خوراکی، عصاره وانیل، شربت افرا | کدها: all_purpose_flour, buttermilk, whole_egg_raw, butter_unsalted, caster_sugar, baking_powder, baking_soda, salt_table, vanilla_extract, maple_syrup"
"garnish_recipe_intl_100_b2b7f06b","belgian-waffles","وافل بلژیکی","international-core-150-v0.6.0","نامشخص در داده؛ بین‌المللی","","","9","5","18","NOT_RULED","P2","P2:WEAK_GRIS_STEPS:بعضی مراحل GRIS کوتاه/کم‌جزئیات‌اند. (7/7) | P2:ORIGIN_WEAK:کشور/مبدا از داده به‌وضوح قابل استخراج نیست.","مواد: آرد گندم سفید، تخم‌مرغ کامل خام، شیر کامل، کره بدون نمک، خمیرمایه خشک فعال، شکر دانه‌ریز، عصاره وانیل، پودر قند، نمک خوراکی | کدها: all_purpose_flour, whole_egg_raw, whole_milk, butter_unsalted, active_dry_yeast, caster_sugar, vanilla_extract, powdered_sugar, salt_table"
"garnish_recipe_fa_1706_34be3c2d","havij-polo","هویج پلو","phase-one-v0.6.1","ایران","","","8","5","18","NOT_RULED","P2","P2:WEAK_GRIS_STEPS:بعضی مراحل GRIS کوتاه/کم‌جزئیات‌اند. (7/7) | P3:IRANIAN_LOCALITY_MISSING:غذای ایرانی است اما شهر/استان مشخص ندارد.","مواد: برنج سفید خام، هویج خام، شکر دانه‌ریز، زعفران، دارچین آسیاب‌شده، نمک خوراکی، فلفل سیاه آسیاب‌شده، روغن آفتابگردان | کدها: white_rice_raw, carrot_raw, caster_sugar, saffron, cinnamon_ground, salt_table, black_pepper_ground, sunflower_oil"
"garnish_recipe_global_143_108_c446d87d","filipino-chicken-adobo","آدوبوی مرغ فیلیپینی","global-143-v0.3","فیلیپین","","","9","5","18","NOT_RULED","P2","P2:WEAK_GRIS_STEPS:بعضی مراحل GRIS کوتاه/کم‌جزئیات‌اند. (6/6)","مواد: ران مرغ خام، سس سویا، سرکه سفید، سیر خام، برگ بو خشک، فلفل سیاه آسیاب‌شده، شکر قهوه‌ای، روغن آفتابگردان، برنج سفید خام | کدها: chicken_thigh_raw, soy_sauce, white_vinegar, garlic_raw, bay_leaf_dried, black_pepper_ground, brown_sugar, sunflower_oil, white_rice_raw"
"garnish_recipe_intl_034_3035ba70","arancini","آرانچینی","international-core-150-v0.6.0","ایتالیا","","","9","5","18","NOT_RULED","P2","P2:WEAK_GRIS_STEPS:بعضی مراحل GRIS کوتاه/کم‌جزئیات‌اند. (7/7)","مواد: برنج آربوریو خام، پنیر موزارلا، پنیر پارمزان، تخم‌مرغ کامل خام، آرد سوخاری، آرد گندم سفید، زعفران، روغن آفتابگردان، نمک خوراکی | کدها: arborio_rice_raw, mozzarella_cheese, parmesan_cheese, whole_egg_raw, breadcrumbs, all_purpose_flour, saffron, sunflower_oil, salt_table"
"garnish_recipe_global_143_122_fef6d7d8","argentinian-asado-with-chimichurri","آسادوی آرژانتینی با چیمی‌چوری","global-143-v0.3","آرژانتین","","","10","5","18","NOT_RULED","P2","P2:WEAK_GRIS_STEPS:بعضی مراحل GRIS کوتاه/کم‌جزئیات‌اند. (6/6)","مواد: دنده کوتاه گاو خام، استیک ریب‌آی خام، سوسیس چوریتسو، نمک خوراکی، جعفری تازه، سیر خام، پونه کوهی خشک، سرکه شراب قرمز، روغن زیتون، پرک فلفل قرمز | کدها: beef_short_ribs_raw, beef_ribeye_raw, chorizo_sausage, salt_table, parsley_fresh, garlic_raw, oregano_dried, red_wine_vinegar, olive_oil, red_pepper_flakes"
"garnish_recipe_fa_78_26989900","ash-torsh-gilani","آش ترش گیلانی","phase-one-v0.6.1","ایران","گیلان","","10","6","16","NOT_RULED","P2","P2:WEAK_GRIS_INGREDIENTS:مواد GRIS نقش/نکته خرید/گروه کامل ندارند. (1/10)","مواد: گوشت چرخ‌کرده گوسفند خام، سبزی آش، نخود خشک، لپه خشک، پیاز خام، آب نارنج، زردچوبه آسیاب‌شده، روغن آفتابگردان، نمک خوراکی، فلفل سیاه آسیاب‌شده | کدها: ground_lamb_raw, ash_sabzi_mix, chickpeas_dry, split_peas_dry, onion_raw, sour_orange_juice, turmeric_ground, sunflower_oil, salt_table, black_pepper_ground"
"garnish_recipe_global_143_033_4844ee49","watermelon-agua-fresca","آگوا فرسکای هندوانه","global-143-v0.3","نامشخص در داده؛ بین‌المللی","","","5","4","18","NOT_RULED","P2","P2:ORIGIN_WEAK:کشور/مبدا از داده به‌وضوح قابل استخراج نیست.","مواد: هندوانه خام، آب، لیمو سبز خام، شکر دانه‌ریز، یخ | کدها: watermelon_raw, water, lime_raw, caster_sugar, ice_cubes"
"garnish_recipe_global_143_088_e5346ddb","alfajores-dulce-de-leche","آلفاخورس با دولسه د لچه","global-143-v0.3","آرژانتین","","","8","4","18","NOT_RULED","P2","P2:WEAK_GRIS_STEPS:بعضی مراحل GRIS کوتاه/کم‌جزئیات‌اند. (6/6)","مواد: نشاسته ذرت، آرد گندم سفید، کره بدون نمک، پودر قند، زرده تخم‌مرغ خام، عصاره وانیل، دولسه د لچه، نارگیل رنده‌شده | کدها: cornstarch, all_purpose_flour, butter_unsalted, powdered_sugar, egg_yolk_raw, vanilla_extract, dulce_de_leche, coconut_shredded"
"garnish_recipe_intl_095_c9024579","avgolemono","آوگولمونو","international-core-150-v0.6.0","یونان","","","8","5","18","NOT_RULED","P2","P2:WEAK_GRIS_STEPS:بعضی مراحل GRIS کوتاه/کم‌جزئیات‌اند. (6/6)","مواد: ران مرغ خام، آب مرغ، برنج سفید خام، تخم‌مرغ کامل خام، لیمو زرد خام، شوید تازه، نمک خوراکی، فلفل سیاه آسیاب‌شده | کدها: chicken_thigh_raw, chicken_stock_liquid, white_rice_raw, whole_egg_raw, lemon_raw, dill_fresh, salt_table, black_pepper_ground"
"garnish_lite_fa_064_769340cd","iced-green-tea-with-lemon","آیس چای سبز با لیمو","lite-food-v0.3","نامشخص در داده؛ بین‌المللی","","","3","3","0","NOT_RULED","P2","P2:ORIGIN_WEAK:کشور/مبدا از داده به‌وضوح قابل استخراج نیست.","مواد: چای سبز دم‌کرده، لیمو زرد خام، عسل | کدها: green_tea_brewed, lemon_raw, honey"
"garnish_lite_fa_054_40007b8f","iced-matcha-latte","آیس ماچا لاته","lite-food-v0.3","نامشخص در داده؛ بین‌المللی","","","2","3","0","NOT_RULED","P2","P2:ORIGIN_WEAK:کشور/مبدا از داده به‌وضوح قابل استخراج نیست.","مواد: پودر ماچا، شیر کامل | کدها: matcha_powder, whole_milk"
"garnish_recipe_global_143_052_fd0a302b","salted-edamame","ادامامه نمکی","global-143-v0.3","ژاپن","","","3","5","18","NOT_RULED","P2","P2:WEAK_GRIS_STEPS:بعضی مراحل GRIS کوتاه/کم‌جزئیات‌اند. (5/5)","مواد: ادامامه منجمد، آب، نمک خوراکی | کدها: edamame_frozen, water, salt_table"
"garnish_recipe_global_143_104_31c06413","home-style-peking-duck","اردک پکنی خانگی","global-143-v0.3","ایران","گیلان","","10","5","18","NOT_RULED","P2","P2:WEAK_GRIS_STEPS:بعضی مراحل GRIS کوتاه/کم‌جزئیات‌اند. (7/7)","مواد: گوشت اردک خام، شربت مالتوز، سرکه برنج، سس سویا، پودر پنج ادویه، نمک خوراکی، خیار خام، پیازچه خام، سس هویسین، تورتیلای گندم | کدها: duck_meat_raw, maltose_syrup, rice_vinegar, soy_sauce, five_spice_powder, salt_table, cucumber_raw, scallion_raw, hoisin_sauce, wheat_tortilla"
"garnish_recipe_intl_123_e8fa3267","spaghetti-al-limone","اسپاگتی آل لیمونه","international-core-150-v0.6.0","ایتالیا","","","8","5","18","NOT_RULED","P2","P2:WEAK_GRIS_STEPS:بعضی مراحل GRIS کوتاه/کم‌جزئیات‌اند. (6/6)","مواد: اسپاگتی خشک، لیمو زرد خام، پنیر پارمزان، کره بدون نمک، روغن زیتون، ریحان تازه، نمک خوراکی، فلفل سیاه آسیاب‌شده | کدها: spaghetti_dry, lemon_raw, parmesan_cheese, butter_unsalted, olive_oil, basil_fresh, salt_table, black_pepper_ground"
"garnish_recipe_global_143_135_2919e78e","roman-spaghetti-carbonara","اسپاگتی کاربونارای رومی","global-143-v0.3","ایتالیا","","رم","6","6","18","RULE_PASS","P2","P2:WEAK_GRIS_STEPS:بعضی مراحل GRIS کوتاه/کم‌جزئیات‌اند. (6/6)","مواد: اسپاگتی خشک، گوآنچاله، زرده تخم‌مرغ خام، پنیر پکورینو رومانو، فلفل سیاه آسیاب‌شده، نمک خوراکی | کدها: spaghetti_dry, guanciale_cured_pork, egg_yolk_raw, pecorino_romano_cheese, black_pepper_ground, salt_table"
"garnish_recipe_intl_036_e0780696","spanakopita","اسپاناکوپیتا","international-core-150-v0.6.0","یونان","","","11","5","18","NOT_RULED","P2","P2:WEAK_GRIS_STEPS:بعضی مراحل GRIS کوتاه/کم‌جزئیات‌اند. (6/6)","مواد: خمیر فیلو، اسفناج خام، پنیر فتا، پیاز خام، پیازچه خام، شوید تازه، تخم‌مرغ کامل خام، کره بدون نمک، روغن زیتون، نمک خوراکی | کدها: phyllo_dough, spinach_raw, feta_cheese, onion_raw, scallion_raw, dill_fresh, whole_egg_raw, butter_unsalted, olive_oil, salt_table"
"garnish_recipe_global_143_024_194514e6","espresso-double-shot","اسپرسوی دوبل خانگی","global-143-v0.3","نامشخص در داده؛ بین‌المللی","","","2","4","18","NOT_RULED","P2","P2:ORIGIN_WEAK:کشور/مبدا از داده به‌وضوح قابل استخراج نیست.","مواد: قهوه آسیاب‌شده تیره، آب | کدها: coffee_ground_dark_roast, water"
"garnish_recipe_global_143_047_8830766d","thai-fried-spring-rolls","اسپرینگ‌رول تایلندی سرخ‌شده","global-143-v0.3","تایلند","","","11","5","18","NOT_RULED","P2","P2:WEAK_GRIS_STEPS:بعضی مراحل GRIS کوتاه/کم‌جزئیات‌اند. (7/7)","مواد: ورق اسپرینگ‌رول، نودل شیشه‌ای خشک، گوشت چرخ‌کرده خوک خام، کلم سفید خام، هویج خام، جوانه لوبیا خام، سیر خام، سس سویا، سس صدف، شکر دانه‌ریز | کدها: spring_roll_wrappers, glass_noodles_dry, ground_pork_raw, cabbage_raw, carrot_raw, bean_sprouts_raw, garlic_raw, soy_sauce, oyster_sauce, caster_sugar"
"garnish_recipe_intl_115_bd72c652","speculaas","اسپکولاس","international-core-150-v0.6.0","هلند","","","8","5","18","NOT_RULED","P2","P2:WEAK_GRIS_STEPS:بعضی مراحل GRIS کوتاه/کم‌جزئیات‌اند. (6/6)","مواد: آرد گندم سفید، شکر قهوه‌ای، کره بدون نمک، دارچین آسیاب‌شده، جوز هندی آسیاب‌شده، میخک آسیاب‌شده، بکینگ پودر، نمک خوراکی | کدها: all_purpose_flour, brown_sugar, butter_unsalted, cinnamon_ground, nutmeg_ground, cloves_ground, baking_powder, salt_table"
"garnish_recipe_intl_117_d8d3d0ac","espinacas-con-garbanzos","اسپیناکاس کن گاربانثوس","international-core-150-v0.6.0","اسپانیا","","","9","5","18","NOT_RULED","P2","P2:WEAK_GRIS_STEPS:بعضی مراحل GRIS کوتاه/کم‌جزئیات‌اند. (5/5)","مواد: نخود خشک، اسفناج خام، سیر خام، زیره سبز آسیاب‌شده، پاپریکا آسیاب‌شده، سرکه شراب قرمز، روغن زیتون، نمک خوراکی، فلفل سیاه آسیاب‌شده | کدها: chickpeas_dry, spinach_raw, garlic_raw, cumin_ground, paprika_ground, red_wine_vinegar, olive_oil, salt_table, black_pepper_ground"
"garnish_recipe_intl_028_ecdcc65f","stamppot","استامپوت (پوره سیب‌زمینی و کلم ترش)","international-core-150-v0.6.0","هلند","","","8","5","18","NOT_RULED","P2","P2:WEAK_GRIS_STEPS:بعضی مراحل GRIS کوتاه/کم‌جزئیات‌اند. (6/6)","مواد: سیب‌زمینی خام، کلم ترش، سوسیس گوشت گاو خام، کره بدون نمک، شیر کامل، جوز هندی آسیاب‌شده، نمک خوراکی، فلفل سیاه آسیاب‌شده | کدها: potato_raw, sauerkraut, beef_sausage_raw, butter_unsalted, whole_milk, nutmeg_ground, salt_table, black_pepper_ground"
"garnish_recipe_intl_070_ef1a1272","stroopwafel","استروپ‌وافل","international-core-150-v0.6.0","هلند","","","8","5","18","NOT_RULED","P2","P2:WEAK_GRIS_STEPS:بعضی مراحل GRIS کوتاه/کم‌جزئیات‌اند. (6/6)","مواد: آرد گندم سفید، کره بدون نمک، شکر قهوه‌ای، تخم‌مرغ کامل خام، خمیرمایه خشک فعال، شربت طلایی، دارچین آسیاب‌شده، نمک خوراکی | کدها: all_purpose_flour, butter_unsalted, brown_sugar, whole_egg_raw, active_dry_yeast, golden_syrup, cinnamon_ground, salt_table"
"garnish_recipe_intl_084_fb10b1a9","scones","اسکونز","international-core-150-v0.6.0","بریتانیا","","","8","5","18","NOT_RULED","P2","P2:WEAK_GRIS_STEPS:بعضی مراحل GRIS کوتاه/کم‌جزئیات‌اند. (6/6)","مواد: آرد گندم سفید، بکینگ پودر، کره بدون نمک، شیر کامل، شکر دانه‌ریز، تخم‌مرغ کامل خام، کشمش، نمک خوراکی | کدها: all_purpose_flour, baking_powder, butter_unsalted, whole_milk, caster_sugar, whole_egg_raw, raisins, salt_table"
"garnish_lite_fa_052_cbf1699d","pineapple-coconut-smoothie","اسموتی آناناس و نارگیل","lite-food-v0.3","نامشخص در داده؛ بین‌المللی","","","3","3","0","NOT_RULED","P2","P2:ORIGIN_WEAK:کشور/مبدا از داده به‌وضوح قابل استخراج نیست.","مواد: آناناس خام، شیر نارگیل کنسروی، موز خام | کدها: pineapple_raw, coconut_milk_canned, banana_raw"
"garnish_lite_fa_066_09614bdf","avocado-smoothie","اسموتی آووکادو","lite-food-v0.3","نامشخص در داده؛ بین‌المللی","","","3","3","0","NOT_RULED","P2","P2:ORIGIN_WEAK:کشور/مبدا از داده به‌وضوح قابل استخراج نیست.","مواد: آووکادو خام، شیر کامل، عسل | کدها: avocado_raw, whole_milk, honey"
"garnish_lite_fa_018_03b6b930","mango-yogurt-smoothie","اسموتی انبه و ماست","lite-food-v0.3","نامشخص در داده؛ بین‌المللی","","","3","3","0","NOT_RULED","P2","P2:ORIGIN_WEAK:کشور/مبدا از داده به‌وضوح قابل استخراج نیست.","مواد: انبه خام، ماست ساده، شیر کامل | کدها: mango_raw, plain_yogurt, whole_milk"
"garnish_lite_fa_019_37a117f6","date-and-cacao-smoothie","اسموتی خرما و کاکائو","lite-food-v0.3","نامشخص در داده؛ بین‌المللی","","","4","3","0","NOT_RULED","P2","P2:ORIGIN_WEAK:کشور/مبدا از داده به‌وضوح قابل استخراج نیست.","مواد: خرمای بدون هسته، پودر کاکائو بدون شکر، موز خام، شیر کامل | کدها: pitted_dates, cocoa_powder_unsweetened, banana_raw, whole_milk"
"garnish_lite_fa_062_0b593690","chocolate-banana-smoothie","اسموتی شکلات و موز","lite-food-v0.3","نامشخص در داده؛ بین‌المللی","","","3","3","0","NOT_RULED","P2","P2:ORIGIN_WEAK:کشور/مبدا از داده به‌وضوح قابل استخراج نیست.","مواد: موز خام، پودر کاکائو بدون شکر، شیر کامل | کدها: banana_raw, cocoa_powder_unsweetened, whole_milk"
"garnish_lite_fa_056_6f618741","peach-yogurt-smoothie","اسموتی هلو و ماست","lite-food-v0.3","نامشخص در داده؛ بین‌المللی","","","4","3","0","NOT_RULED","P2","P2:ORIGIN_WEAK:کشور/مبدا از داده به‌وضوح قابل استخراج نیست.","مواد: هلو خام، ماست ساده، شیر کامل، عسل | کدها: peach_raw, plain_yogurt, whole_milk, honey"
"garnish_recipe_global_143_143_6060b21f","danish-smorrebrod-herring","اسموربرود دانمارکی با شاه‌ماهی","global-143-v0.3","دانمارک","","","9","5","18","RULE_PASS","P2","P2:WEAK_GRIS_STEPS:بعضی مراحل GRIS کوتاه/کم‌جزئیات‌اند. (5/5)","مواد: نان چاودار، کره بدون نمک، شاه‌ماهی ترشی، تخم‌مرغ کامل خام، خیارشور، شوید تازه، پیاز قرمز خام، کاپاریس، ترب کوهی خام | کدها: rye_bread, butter_unsalted, pickled_herring, whole_egg_raw, cucumber_pickled, dill_fresh, red_onion_raw, capers, horseradish_raw"
"garnish_recipe_intl_069_b980b37b","apple-strudel","اشترودل سیب","international-core-150-v0.6.0","اتریش","","","9","5","18","NOT_RULED","P2","P2:WEAK_GRIS_STEPS:بعضی مراحل GRIS کوتاه/کم‌جزئیات‌اند. (6/6)","مواد: خمیر فیلو، سیب خام، کشمش، آرد سوخاری، دارچین آسیاب‌شده، شکر دانه‌ریز، کره بدون نمک، لیمو زرد خام، پودر قند | کدها: phyllo_dough, apple_raw, raisins, breadcrumbs, cinnamon_ground, caster_sugar, butter_unsalted, lemon_raw, powdered_sugar"
"garnish_recipe_global_143_063_b14ec21c","classic-chocolate-eclair","اکلر شکلاتی کلاسیک","global-143-v0.3","فرانسه","","","10","5","18","NOT_RULED","P2","P2:WEAK_GRIS_STEPS:بعضی مراحل GRIS کوتاه/کم‌جزئیات‌اند. (7/7)","مواد: آب، شیر کامل، کره بدون نمک، نمک خوراکی، شکر دانه‌ریز، آرد گندم سفید، تخم‌مرغ کامل خام، کرم قنادی، چیپس شکلات تلخ، خامه پرچرب | کدها: water, whole_milk, butter_unsalted, salt_table, caster_sugar, all_purpose_flour, whole_egg_raw, pastry_cream, dark_chocolate_chips, heavy_cream"
"garnish_recipe_global_143_083_233e9bde","umm-ali-egyptian-bread-pudding","اُم علی مصری","global-143-v0.3","مصر","","","8","4","18","NOT_RULED","P2","P2:WEAK_GRIS_STEPS:بعضی مراحل GRIS کوتاه/کم‌جزئیات‌اند. (6/6)","مواد: خمیر فیلو، شیر کامل، خامه پرچرب، شکر دانه‌ریز، کشمش، نارگیل رنده‌شده، خلال پسته، عصاره وانیل | کدها: phyllo_dough, whole_milk, heavy_cream, caster_sugar, raisins, coconut_shredded, slivered_pistachios, vanilla_extract"
"garnish_recipe_intl_012_46d4828e","imam-bayildi","امام بایلدی","international-core-150-v0.6.0","ترکیه","","","9","5","18","NOT_RULED","P2","P2:WEAK_GRIS_STEPS:بعضی مراحل GRIS کوتاه/کم‌جزئیات‌اند. (6/6)","مواد: بادمجان خام، پیاز خام، سیر خام، گوجه‌فرنگی خام، جعفری تازه، روغن زیتون، شکر دانه‌ریز، نمک خوراکی، فلفل سیاه آسیاب‌شده | کدها: eggplant_raw, onion_raw, garlic_raw, tomato_raw, parsley_fresh, olive_oil, caster_sugar, salt_table, black_pepper_ground"
"garnish_recipe_global_143_049_9785e6eb","beef-empanadas","امپانادای گوشت","global-143-v0.3","آرژانتین","","","11","5","18","NOT_RULED","P2","P2:WEAK_GRIS_STEPS:بعضی مراحل GRIS کوتاه/کم‌جزئیات‌اند. (7/7)","مواد: آرد گندم سفید، کره بدون نمک، نمک خوراکی، آب، گوشت چرخ‌کرده گاو خام، پیاز خام، زیتون سبز، پاپریکا آسیاب‌شده، زیره سبز آسیاب‌شده، فلفل سیاه آسیاب‌شده | کدها: all_purpose_flour, butter_unsalted, salt_table, water, ground_beef_raw, onion_raw, olive_green, paprika_ground, cumin_ground, black_pepper_ground"
"garnish_recipe_fa_113_2a1debd0","anar-polo-shirazi","انارپلو شیرازی","phase-one-v0.6.1","ایران","فارس","شیراز","15","5","18","NOT_RULED","P2","P2:WEAK_GRIS_STEPS:بعضی مراحل GRIS کوتاه/کم‌جزئیات‌اند. (6/6)","مواد: برنج سفید خام، سینه مرغ خام، دانه انار خام، رب انار، پیاز خام، گشنیز تازه، کشمش، خلال پسته، خلال بادام، زعفران | کدها: white_rice_raw, chicken_breast_raw, pomegranate_raw, pomegranate_molasses, onion_raw, cilantro_fresh, raisins, slivered_pistachios, slivered_almonds, saffron"
"garnish_recipe_global_143_100_da23be37","chicken-enchiladas-red-sauce","انچیلادای مرغ با سس قرمز","global-143-v0.3","مکزیک/تکس-مکس","","","10","5","18","NOT_RULED","P2","P2:WEAK_GRIS_STEPS:بعضی مراحل GRIS کوتاه/کم‌جزئیات‌اند. (7/7)","مواد: تورتیلای ذرت، ران مرغ خام، سس انچیلادا، پنیر چدار، پیاز خام، سیر خام، زیره سبز آسیاب‌شده، روغن زیتون، خامه ترش، گشنیز تازه | کدها: corn_tortilla, chicken_thigh_raw, enchilada_sauce, cheddar_cheese, onion_raw, garlic_raw, cumin_ground, olive_oil, sour_cream, cilantro_fresh"
"garnish_recipe_global_143_136_0ebb92f9","osso-buco-alla-milanese","اوسوبوکو میلانی","global-143-v0.3","ایتالیا","","","9","6","18","NOT_RULED","P2","P2:WEAK_GRIS_STEPS:بعضی مراحل GRIS کوتاه/کم‌جزئیات‌اند. (6/6)","مواد: ماهیچه گوساله با استخوان، شراب سفید خشک آشپزی، آب گوشت گاو، هویج خام، کرفس خام، پیاز خام، رب گوجه‌فرنگی، رنده پوست لیمو، جعفری تازه | کدها: veal_shank_raw, dry_white_wine, beef_stock_liquid, carrot_raw, celery_raw, onion_raw, tomato_paste, lemon_zest, parsley_fresh"
"garnish_recipe_intl_108_d102f5f2","okonomiyaki","اوکونومی‌یاکی","international-core-150-v0.6.0","ژاپن","","","10","5","18","NOT_RULED","P2","P2:WEAK_GRIS_STEPS:بعضی مراحل GRIS کوتاه/کم‌جزئیات‌اند. (6/6)","مواد: کلم سفید خام، آرد گندم سفید، تخم‌مرغ کامل خام، پیازچه خام، سس سویا، رب گوجه‌فرنگی، مایونز، شکر دانه‌ریز، روغن آفتابگردان، نمک خوراکی | کدها: cabbage_raw, all_purpose_flour, whole_egg_raw, scallion_raw, soy_sauce, tomato_paste, mayonnaise, caster_sugar, sunflower_oil, salt_table"
"garnish_recipe_intl_116_c3a0982f","oliebollen","اولی‌بولن","international-core-150-v0.6.0","هلند","","","9","5","18","NOT_RULED","P2","P2:WEAK_GRIS_STEPS:بعضی مراحل GRIS کوتاه/کم‌جزئیات‌اند. (6/6)","مواد: آرد گندم سفید، خمیرمایه خشک فعال، شیر کامل، تخم‌مرغ کامل خام، کشمش، شکر دانه‌ریز، روغن آفتابگردان، پودر قند، نمک خوراکی | کدها: all_purpose_flour, active_dry_yeast, whole_milk, whole_egg_raw, raisins, caster_sugar, sunflower_oil, powdered_sugar, salt_table"
"garnish_recipe_intl_048_5b5471e4","oyakodon","اویاکودون (کاسه مرغ و تخم‌مرغ)","international-core-150-v0.6.0","ژاپن","","","9","5","18","NOT_RULED","P2","P2:WEAK_GRIS_STEPS:بعضی مراحل GRIS کوتاه/کم‌جزئیات‌اند. (6/6)","مواد: ران مرغ خام، تخم‌مرغ کامل خام، پیاز خام، برنج سفید خام، پودر داشی، سس سویا، میرین، شکر دانه‌ریز، پیازچه خام | کدها: chicken_thigh_raw, whole_egg_raw, onion_raw, white_rice_raw, dashi_powder, soy_sauce, mirin, caster_sugar, scallion_raw"
"garnish_recipe_intl_010_0e45be4c","baba-ghanoush","بابا غنوج","international-core-150-v0.6.0","لبنان/شام","","","8","5","18","NOT_RULED","P2","P2:WEAK_GRIS_STEPS:بعضی مراحل GRIS کوتاه/کم‌جزئیات‌اند. (6/6)","مواد: بادمجان خام، ارده، سیر خام، لیمو زرد خام، روغن زیتون، زیره سبز آسیاب‌شده، جعفری تازه، نمک خوراکی | کدها: eggplant_raw, tahini, garlic_raw, lemon_raw, olive_oil, cumin_ground, parsley_fresh, salt_table"
"garnish_recipe_intl_033_8acac046","eggplant-parmigiana","بادمجان پارمیجانا","international-core-150-v0.6.0","ایتالیا","","","11","5","18","NOT_RULED","P2","P2:WEAK_GRIS_STEPS:بعضی مراحل GRIS کوتاه/کم‌جزئیات‌اند. (6/6)","مواد: بادمجان خام، پاساتای گوجه‌فرنگی، پنیر موزارلا، پنیر پارمزان، آرد گندم سفید، تخم‌مرغ کامل خام، سیر خام، ریحان تازه، روغن آفتابگردان، نمک خوراکی | کدها: eggplant_raw, tomato_passata, mozzarella_cheese, parmesan_cheese, all_purpose_flour, whole_egg_raw, garlic_raw, basil_fresh, sunflower_oil, salt_table"
"garnish_recipe_intl_078_c3975f3a","baklava","باقلوا","international-core-150-v0.6.0","ترکیه","","","8","5","18","NOT_RULED","P2","P2:WEAK_GRIS_STEPS:بعضی مراحل GRIS کوتاه/کم‌جزئیات‌اند. (7/7)","مواد: خمیر فیلو، گردو خام، پسته خام، کره بدون نمک، شکر دانه‌ریز، شربت طلایی، دارچین آسیاب‌شده، لیمو زرد خام | کدها: phyllo_dough, walnuts_raw, pistachios_raw, butter_unsalted, caster_sugar, golden_syrup, cinnamon_ground, lemon_raw"
"garnish_recipe_global_143_134_b4cc12b5","bacalhau-a-bras","باکالائو آ براس پرتغالی","global-143-v0.3","پرتغال","","","7","6","18","RULE_PASS","P2","P2:WEAK_GRIS_STEPS:بعضی مراحل GRIS کوتاه/کم‌جزئیات‌اند. (6/6)","مواد: ماهی کاد نمک‌سود، سیب‌زمینی خام، پیاز خام، تخم‌مرغ کامل خام، جعفری تازه، زیتون سیاه، روغن زیتون | کدها: salted_cod, potato_raw, onion_raw, whole_egg_raw, parsley_fresh, olive_black, olive_oil"
"garnish_recipe_global_143_053_7f9d9df9","buffalo-chicken-wings","بال مرغ بوفالو","global-143-v0.3","آمریکا","","","8","5","18","NOT_RULED","P2","P2:WEAK_GRIS_STEPS:بعضی مراحل GRIS کوتاه/کم‌جزئیات‌اند. (6/6)","مواد: بال مرغ خام، نمک خوراکی، فلفل سیاه آسیاب‌شده، نشاسته ذرت، کره بدون نمک، سس تند فلفل کاین، سرکه سفید، سیر خام | کدها: chicken_wing_raw, salt_table, black_pepper_ground, cornstarch, butter_unsalted, hot_sauce_cayenne, white_vinegar, garlic_raw"
"garnish_recipe_global_143_118_67f4b795","south-african-bunny-chow","بانی چاو آفریقای جنوبی","global-143-v0.3","ایران","جنوب ایران","","12","5","18","NOT_RULED","P2","P2:WEAK_GRIS_STEPS:بعضی مراحل GRIS کوتاه/کم‌جزئیات‌اند. (6/6)","مواد: نان سفید، ران مرغ خام، سیب‌زمینی خام، پیاز خام، سیر خام، زنجبیل تازه، پودر کاری، زردچوبه آسیاب‌شده، گوجه له‌شده کنسروی، آب مرغ | کدها: bread_white, chicken_thigh_raw, potato_raw, onion_raw, garlic_raw, ginger_root_raw, curry_powder, turmeric_ground, canned_crushed_tomatoes, chicken_stock_liquid"
"garnish_recipe_global_143_068_2f672fa4","fudgy-chocolate-brownies","براونی شکلاتی فاجی","global-143-v0.3","آمریکا","","","9","5","18","NOT_RULED","P2","P2:WEAK_GRIS_STEPS:بعضی مراحل GRIS کوتاه/کم‌جزئیات‌اند. (7/7)","مواد: کره بدون نمک، چیپس شکلات تلخ، شکر دانه‌ریز، شکر قهوه‌ای، تخم‌مرغ کامل خام، عصاره وانیل، آرد گندم سفید، پودر کاکائو بدون شکر، نمک خوراکی | کدها: butter_unsalted, dark_chocolate_chips, caster_sugar, brown_sugar, whole_egg_raw, vanilla_extract, all_purpose_flour, cocoa_powder_unsweetened, salt_table"
"garnish_recipe_global_143_017_5b23f5df","german-brotchen-breakfast-spread","برتشن آلمانی با صبحانه سرد","global-143-v0.3","آلمان","","","9","6","18","NOT_RULED","P2","P2:WEAK_GRIS_STEPS:بعضی مراحل GRIS کوتاه/کم‌جزئیات‌اند. (6/6)","مواد: آرد نان، آب، خمیرمایه خشک فعال، نمک خوراکی، شکر دانه‌ریز، کره بدون نمک، پنیر گودا، مربای توت‌فرنگی، مارمالاد پرتقال | کدها: bread_flour, water, active_dry_yeast, salt_table, caster_sugar, butter_unsalted, gouda_cheese, strawberry_jam, orange_marmalade"
"garnish_recipe_intl_007_34f16382","egg-fried-rice","برنج سرخ‌شده با تخم‌مرغ","international-core-150-v0.6.0","چین","","","10","5","18","NOT_RULED","P2","P2:WEAK_GRIS_STEPS:بعضی مراحل GRIS کوتاه/کم‌جزئیات‌اند. (6/6)","مواد: برنج سفید خام، تخم‌مرغ کامل خام، پیازچه خام، نخودفرنگی منجمد، هویج خام، سیر خام، سس سویا، روغن کنجد، روغن آفتابگردان، فلفل سفید آسیاب‌شده | کدها: white_rice_raw, whole_egg_raw, scallion_raw, frozen_peas, carrot_raw, garlic_raw, soy_sauce, sesame_oil, sunflower_oil, white_pepper_ground"
"garnish_recipe_intl_004_e65ccfe3","bruschetta-pomodoro","بروسکتا با گوجه و ریحان","international-core-150-v0.6.0","ایران","گیلان","","8","5","18","NOT_RULED","P2","P2:WEAK_GRIS_STEPS:بعضی مراحل GRIS کوتاه/کم‌جزئیات‌اند. (6/6)","مواد: باگت، گوجه‌فرنگی خام، سیر خام، ریحان تازه، روغن زیتون، سرکه شراب قرمز، نمک خوراکی، فلفل سیاه آسیاب‌شده | کدها: baguette, tomato_raw, garlic_raw, basil_fresh, olive_oil, red_wine_vinegar, salt_table, black_pepper_ground"
"garnish_recipe_fa_90_85d9aaf0","beryani-isfahan","بریانی اصفهان","phase-one-v0.6.1","ایران","","اصفهان","10","6","16","RULE_PASS","P2","P2:WEAK_GRIS_INGREDIENTS:مواد GRIS نقش/نکته خرید/گروه کامل ندارند. (1/10)","مواد: گوشت گوسفند خام، گوشت چرخ‌کرده گوسفند خام، پیاز خام، زردچوبه آسیاب‌شده، دارچین آسیاب‌شده، کره بدون نمک، خلال بادام، نان تافتون، نمک خوراکی، فلفل سیاه آسیاب‌شده | کدها: lamb_meat_raw, ground_lamb_raw, onion_raw, turmeric_ground, cinnamon_ground, butter_unsalted, slivered_almonds, taftoon_bread, salt_table, black_pepper_ground"
"garnish_recipe_global_143_102_36229b49","hyderabadi-style-chicken-biryani","بریانی مرغ هندی","global-143-v0.3","هند","","","16","5","18","NOT_RULED","P2","P2:WEAK_GRIS_STEPS:بعضی مراحل GRIS کوتاه/کم‌جزئیات‌اند. (7/7)","مواد: ران مرغ خام، برنج باسماتی خام، ماست ساده، پیاز خام، خمیر سیر، خمیر زنجبیل، گرام ماسالا، زردچوبه آسیاب‌شده، زیره سبز آسیاب‌شده، تخم گشنیز آسیاب‌شده | کدها: chicken_thigh_raw, basmati_rice_raw, plain_yogurt, onion_raw, garlic_paste, ginger_paste, garam_masala, turmeric_ground, cumin_ground, coriander_seed_ground"
"garnish_recipe_fa_96_730b7817","boz-ghormeh-kermani","بزقرمه کرمانی","phase-one-v0.6.1","ایران","کرمان","کرمان","10","6","18","NOT_RULED","P2","P2:WEAK_GRIS_STEPS:بعضی مراحل GRIS کوتاه/کم‌جزئیات‌اند. (6/6)","مواد: گوشت گوسفند خام، لپه خشک، گردو خام، کشک مایع، نعناع خشک، پیاز خام، زردچوبه آسیاب‌شده، روغن آفتابگردان، نمک خوراکی، فلفل سیاه آسیاب‌شده | کدها: lamb_meat_raw, split_peas_dry, walnuts_raw, kashk_liquid, dried_mint, onion_raw, turmeric_ground, sunflower_oil, salt_table, black_pepper_ground"
"garnish_recipe_global_143_058_33c6e1fc","italian-antipasto-platter","بشقاب آنتی‌پاستوی ایتالیایی","global-143-v0.3","ایتالیا","","","10","5","18","NOT_RULED","P2","P2:WEAK_GRIS_STEPS:بعضی مراحل GRIS کوتاه/کم‌جزئیات‌اند. (6/6)","مواد: پروشوتو، سالامی، پنیر موزارلا، پنیر پروولونه، زیتون سبز بدون هسته، قلب کنگر فرنگی کنسروی، گوجه خشک در روغن، فلفل قرمز کبابی، کراکر ساده، روغن زیتون | کدها: prosciutto, salami, mozzarella_cheese, provolone_cheese, green_olives_pitted, canned_artichoke_hearts, sun_dried_tomatoes_oil_packed, roasted_red_peppers, crackers_plain, olive_oil"
"garnish_lite_fa_088_be94fc3b","grazing-plate","بشقاب مزه (پنیر، کراکر، میوه، آجیل)","lite-food-v0.3","نامشخص در داده؛ بین‌المللی","","","5","3","0","NOT_RULED","P2","P2:ORIGIN_WEAK:کشور/مبدا از داده به‌وضوح قابل استخراج نیست.","مواد: پنیر چدار، کراکر ساده، انگور خام، گردو خام، زیتون سبز بدون هسته | کدها: cheddar_cheese, crackers_plain, grape_raw, walnuts_raw, green_olives_pitted"
"garnish_recipe_global_143_003_e6033f62","eggs-benedict","بندیکت تخم‌مرغ","global-143-v0.3","ایران","اصفهان","اصفهان","9","5","18","NOT_RULED","P2","P2:WEAK_GRIS_STEPS:بعضی مراحل GRIS کوتاه/کم‌جزئیات‌اند. (6/6)","مواد: مافین انگلیسی، بیکن کانادایی ورقه‌ای، تخم‌مرغ کامل خام، زرده تخم‌مرغ خام، کره بدون نمک، لیمو زرد خام، سرکه سفید، نمک خوراکی، فلفل کاین آسیاب‌شده | کدها: english_muffin, canadian_bacon_slices, whole_egg_raw, egg_yolk_raw, butter_unsalted, lemon_raw, white_vinegar, salt_table, cayenne_pepper_ground"
"garnish_recipe_global_143_132_32880128","boeuf-bourguignon","بوف بورگینیون","global-143-v0.3","فرانسه","بورگونی","","9","7","18","RULE_PASS","P2","P2:WEAK_GRIS_STEPS:بعضی مراحل GRIS کوتاه/کم‌جزئیات‌اند. (7/7)","مواد: سردست گاو خام، شراب قرمز خشک آشپزی، آب گوشت گاو، قارچ دکمه‌ای خام، هویج خام، پیاز خام، سیر خام، رب گوجه‌فرنگی، آویشن خشک | کدها: beef_chuck_raw, dry_red_wine, beef_stock_liquid, button_mushroom_raw, carrot_raw, onion_raw, garlic_raw, tomato_paste, thyme_dried"
"garnish_recipe_global_143_098_0f8fbedd","korean-beef-bulgogi","بولگوگی گوشت کره‌ای","global-143-v0.3","کره جنوبی","","","10","5","18","NOT_RULED","P2","P2:WEAK_GRIS_STEPS:بعضی مراحل GRIS کوتاه/کم‌جزئیات‌اند. (6/6)","مواد: استیک ریب‌آی خام، سس سویا، گلابی خام، سیر خام، زنجبیل تازه، شکر قهوه‌ای، روغن کنجد، پیاز خام، پیازچه خام، دانه کنجد | کدها: beef_ribeye_raw, soy_sauce, pear_raw, garlic_raw, ginger_root_raw, brown_sugar, sesame_oil, onion_raw, scallion_raw, sesame_seeds"
"garnish_recipe_global_143_097_4fa8c5e5","korean-bibimbap-beef-vegetables","بیبیمباپ کره‌ای با گوشت و سبزیجات","global-143-v0.3","کره جنوبی","","","13","5","18","NOT_RULED","P2","P2:WEAK_GRIS_STEPS:بعضی مراحل GRIS کوتاه/کم‌جزئیات‌اند. (7/7)","مواد: برنج دانه‌کوتاه خام، قلوه‌گاه گاو خام، سس سویا، روغن کنجد، سیر خام، اسفناج خام، هویج خام، کدو سبز خام، قارچ شیتاکه خام، جوانه لوبیا خام | کدها: short_grain_rice_raw, beef_flank_raw, soy_sauce, sesame_oil, garlic_raw, spinach_raw, carrot_raw, zucchini_raw, shiitake_mushroom_raw, bean_sprouts_raw"
"garnish_recipe_intl_056_1509959b","bitterballen","بیتربالن","international-core-150-v0.6.0","هلند","","","11","5","18","NOT_RULED","P2","P2:WEAK_GRIS_STEPS:بعضی مراحل GRIS کوتاه/کم‌جزئیات‌اند. (6/6)","مواد: سردست گاو خام، کره بدون نمک، آرد گندم سفید، آب گوشت گاو، شیر کامل، آرد سوخاری، تخم‌مرغ کامل خام، جوز هندی آسیاب‌شده، جعفری تازه، روغن آفتابگردان | کدها: beef_chuck_raw, butter_unsalted, all_purpose_flour, beef_stock_liquid, whole_milk, breadcrumbs, whole_egg_raw, nutmeg_ground, parsley_fresh, sunflower_oil"
"garnish_recipe_global_143_018_285f8e1b","bircher-muesli","بیرچر میوزلی","global-143-v0.3","سوئیس","","","9","3","18","NOT_RULED","P2","P2:WEAK_GRIS_STEPS:بعضی مراحل GRIS کوتاه/کم‌جزئیات‌اند. (5/5)","مواد: جو دوسر پرک خام، شیر کامل، آب سیب، ماست ساده، سیب خام، لیمو زرد خام، عسل، فندق خام، دارچین آسیاب‌شده | کدها: rolled_oats_raw, whole_milk, apple_juice, plain_yogurt, apple_raw, lemon_raw, honey, hazelnuts_raw, cinnamon_ground"
"garnish_recipe_global_143_130_c4a5fa79","classic-beef-wellington","بیف ولینگتون کلاسیک","global-143-v0.3","بریتانیا","","","8","6","18","RULE_PASS","P2","P2:WEAK_GRIS_STEPS:بعضی مراحل GRIS کوتاه/کم‌جزئیات‌اند. (6/6)","مواد: فیله گاو خام، قارچ دکمه‌ای خام، خمیر هزارلا، خردل دیژون، شالوت خام، آویشن خشک، تخم‌مرغ کامل خام، کره بدون نمک | کدها: beef_tenderloin_raw, button_mushroom_raw, puff_pastry, dijon_mustard, shallot_raw, thyme_dried, whole_egg_raw, butter_unsalted"
"garnish_recipe_global_143_004_44168530","bagel-lox-cream-cheese","بیگل با لاکس و پنیر خامه‌ای","global-143-v0.3","آمریکا","","","8","4","18","NOT_RULED","P2","P2:WEAK_GRIS_STEPS:بعضی مراحل GRIS کوتاه/کم‌جزئیات‌اند. (5/5)","مواد: بیگل ساده، پنیر خامه‌ای، سالمون دودی، کاپاریس، پیاز قرمز خام، شوید تازه، لیمو زرد خام، فلفل سیاه آسیاب‌شده | کدها: bagel_plain, cream_cheese, smoked_salmon, capers, red_onion_raw, dill_fresh, lemon_raw, black_pepper_ground"
"garnish_recipe_global_143_091_88b57d1e","korean-bingsu-red-bean-fruit","بینگسو با لوبیای قرمز و میوه","global-143-v0.3","کره جنوبی","","","6","4","18","NOT_RULED","P2","P2:WEAK_GRIS_STEPS:بعضی مراحل GRIS کوتاه/کم‌جزئیات‌اند. (6/6)","مواد: یخ، خمیر لوبیای قرمز شیرین، شیر عسلی، توت‌فرنگی خام، موز خام، بادام خام | کدها: ice_cubes, sweet_red_bean_paste, sweetened_condensed_milk, strawberry_raw, banana_raw, almonds_raw"
"garnish_lite_fa_050_ad49d256","parmesan-popcorn","پاپ‌کورن با پنیر پارمزان","lite-food-v0.3","نامشخص در داده؛ بین‌المللی","","","2","3","0","NOT_RULED","P2","P2:ORIGIN_WEAK:کشور/مبدا از داده به‌وضوح قابل استخراج نیست.","مواد: پاپ‌کورن ساده آماده، پنیر پارمزان | کدها: plain_popcorn, parmesan_cheese"
"garnish_lite_fa_028_37e48787","caramel-popcorn","پاپ‌کورن کاراملی","lite-food-v0.3","نامشخص در داده؛ بین‌المللی","","","1","3","0","NOT_RULED","P2","P2:ORIGIN_WEAK:کشور/مبدا از داده به‌وضوح قابل استخراج نیست.","مواد: پاپ‌کورن کاراملی آماده | کدها: ready_caramel_popcorn"
"garnish_recipe_global_143_012_17b7b915","aloo-paratha","پاراتای سیب‌زمینی","global-143-v0.3","هند","","","10","5","18","NOT_RULED","P2","P2:WEAK_GRIS_STEPS:بعضی مراحل GRIS کوتاه/کم‌جزئیات‌اند. (7/7)","مواد: آرد گندم کامل، آب، سیب‌زمینی خام، روغن حیوانی/گی، گشنیز تازه، گرام ماسالا، پودر انبه خشک، زیره سبز آسیاب‌شده، فلفل تند خام، نمک خوراکی | کدها: whole_wheat_flour, water, potato_raw, ghee, cilantro_fresh, garam_masala, amchur_powder, cumin_ground, chili_pepper_raw, salt_table"
"garnish_recipe_intl_091_7dcadc00","pasta-all-arrabbiata","پاستا آلا آرابیاتا","international-core-150-v0.6.0","ایتالیا","","","8","5","18","NOT_RULED","P2","P2:WEAK_GRIS_STEPS:بعضی مراحل GRIS کوتاه/کم‌جزئیات‌اند. (5/5)","مواد: ماکارونی خشک، پاساتای گوجه‌فرنگی، سیر خام، پرک فلفل قرمز، روغن زیتون، جعفری تازه، ریحان تازه، نمک خوراکی | کدها: macaroni_dry, tomato_passata, garlic_raw, red_pepper_flakes, olive_oil, parsley_fresh, basil_fresh, salt_table"
"garnish_recipe_intl_094_a48d62c1","pasta-e-fagioli","پاستا ای فاجولی","international-core-150-v0.6.0","ایتالیا","","","12","5","18","NOT_RULED","P2","P2:WEAK_GRIS_STEPS:بعضی مراحل GRIS کوتاه/کم‌جزئیات‌اند. (5/5)","مواد: لوبیا کانلینی خشک، ماکارونی خشک، رب گوجه‌فرنگی، پیاز خام، هویج خام، کرفس خام، سیر خام، آب سبزیجات، پونه کوهی خشک، روغن زیتون | کدها: cannellini_beans_dry, macaroni_dry, tomato_paste, onion_raw, carrot_raw, celery_raw, garlic_raw, vegetable_stock_liquid, oregano_dried, olive_oil"
"garnish_recipe_global_143_045_c37fb32d","crispy-vegetable-pakora","پاکورای سبزیجات ترد","global-143-v0.3","هند","","","12","5","18","NOT_RULED","P2","P2:WEAK_GRIS_STEPS:بعضی مراحل GRIS کوتاه/کم‌جزئیات‌اند. (7/7)","مواد: آرد نخودچی، پیاز خام، سیب‌زمینی خام، اسفناج خام، گشنیز تازه، زردچوبه آسیاب‌شده، تخم گشنیز آسیاب‌شده، زیره سبز آسیاب‌شده، فلفل کاین آسیاب‌شده، نمک خوراکی | کدها: chickpea_flour, onion_raw, potato_raw, spinach_raw, cilantro_fresh, turmeric_ground, coriander_seed_ground, cumin_ground, cayenne_pepper_ground, salt_table"
"garnish_recipe_global_143_016_1e4df1c0","pan-con-tomate","پان کن توماته","global-143-v0.3","اسپانیا","","","5","4","18","NOT_RULED","P2","P2:WEAK_GRIS_STEPS:بعضی مراحل GRIS کوتاه/کم‌جزئیات‌اند. (4/4)","مواد: نان خمیرترش، گوجه‌فرنگی خام، سیر خام، روغن زیتون، نمک خوراکی | کدها: sourdough_bread, tomato_raw, garlic_raw, olive_oil, salt_table"
"garnish_recipe_global_143_072_62482f8c","classic-fruit-pavlova","پاولوا با خامه و میوه","global-143-v0.3","نامشخص در داده؛ بین‌المللی","","","9","6","18","NOT_RULED","P2","P2:ORIGIN_WEAK:کشور/مبدا از داده به‌وضوح قابل استخراج نیست.","مواد: سفیده تخم‌مرغ خام، شکر دانه‌ریز، نشاسته ذرت، لیمو زرد خام، عصاره وانیل، خامه پرچرب، توت‌فرنگی خام، کیوی خام، پشن فروت خام | کدها: egg_white_raw, caster_sugar, cornstarch, lemon_raw, vanilla_extract, heavy_cream, strawberry_raw, kiwi_raw, passion_fruit_raw"
"garnish_recipe_global_143_069_28c65edb","classic-american-apple-pie","پای سیب آمریکایی","global-143-v0.3","آمریکا","","","11","6","18","NOT_RULED","P2","P2:WEAK_GRIS_STEPS:بعضی مراحل GRIS کوتاه/کم‌جزئیات‌اند. (8/8)","مواد: آرد گندم سفید، کره بدون نمک، نمک خوراکی، شکر دانه‌ریز، آب، سیب خام، شکر قهوه‌ای، لیمو زرد خام، دارچین آسیاب‌شده، نشاسته ذرت | کدها: all_purpose_flour, butter_unsalted, salt_table, caster_sugar, water, apple_raw, brown_sugar, lemon_raw, cinnamon_ground, cornstarch"
"garnish_recipe_intl_087_afad4d60","paella","پایلا","international-core-150-v0.6.0","اسپانیا","","","14","5","18","NOT_RULED","P2","P2:WEAK_GRIS_STEPS:بعضی مراحل GRIS کوتاه/کم‌جزئیات‌اند. (6/6)","مواد: برنج آربوریو خام، زعفران، ران مرغ خام، میگو خام، صدف سیاه خام، نخودفرنگی منجمد، فلفل دلمه‌ای خام، گوجه‌فرنگی خام، پیاز خام، سیر خام | کدها: arborio_rice_raw, saffron, chicken_thigh_raw, shrimp_raw, mussels_raw, frozen_peas, bell_pepper_raw, tomato_raw, onion_raw, garlic_raw"
"garnish_recipe_intl_018_2d829900","pad-thai","پد تای","international-core-150-v0.6.0","تایلند","","","12","5","18","NOT_RULED","P2","P2:WEAK_GRIS_STEPS:بعضی مراحل GRIS کوتاه/کم‌جزئیات‌اند. (5/5)","مواد: نودل برنج خشک، میگو خام، توفوی سفت، تخم‌مرغ کامل خام، جوانه لوبیا خام، پیازچه خام، خمیر تمر هندی، سس ماهی، شکر نخل، بادام‌زمینی بوداده بی‌نمک | کدها: rice_noodles_dry, shrimp_raw, tofu_firm, whole_egg_raw, bean_sprouts_raw, scallion_raw, tamarind_paste, fish_sauce, palm_sugar, roasted_peanuts_unsalted"
"garnish_recipe_intl_132_71d57108","pad-see-ew","پد سی‌اِو","international-core-150-v0.6.0","تایلند","","","10","5","18","NOT_RULED","P2","P2:WEAK_GRIS_STEPS:بعضی مراحل GRIS کوتاه/کم‌جزئیات‌اند. (5/5)","مواد: نودل برنج خشک، ران مرغ خام، سس سویا، سس صدف، تخم‌مرغ کامل خام، بروکلی خام، سیر خام، شکر دانه‌ریز، روغن آفتابگردان، فلفل سیاه آسیاب‌شده | کدها: rice_noodles_dry, chicken_thigh_raw, soy_sauce, oyster_sauce, whole_egg_raw, broccoli_raw, garlic_raw, caster_sugar, sunflower_oil, black_pepper_ground"
"garnish_recipe_intl_081_d8416e42","pad-krapow-gai","پد کاپرائو مرغ","international-core-150-v0.6.0","تایلند","","","11","5","18","NOT_RULED","P2","P2:WEAK_GRIS_STEPS:بعضی مراحل GRIS کوتاه/کم‌جزئیات‌اند. (5/5)","مواد: ران مرغ خام، ریحان تازه، سس ماهی، سس صدف، سس سویا، فلفل تند خام، سیر خام، شکر نخل، تخم‌مرغ کامل خام، برنج یاسمن خام | کدها: chicken_thigh_raw, basil_fresh, fish_sauce, oyster_sauce, soy_sauce, chili_pepper_raw, garlic_raw, palm_sugar, whole_egg_raw, jasmine_rice_raw"
"garnish_lite_fa_037_836bac22","pretzels-with-mustard-dip","پرتزل با خردل","lite-food-v0.3","نامشخص در داده؛ بین‌المللی","","","2","3","0","NOT_RULED","P2","P2:ORIGIN_WEAK:کشور/مبدا از داده به‌وضوح قابل استخراج نیست.","مواد: پرتزل آماده، سس خردل | کدها: pretzels, mustard_prepared"
"garnish_recipe_intl_086_a2184266","profiteroles","پروفیترول","international-core-150-v0.6.0","فرانسه","","","9","5","18","NOT_RULED","P2","P2:WEAK_GRIS_STEPS:بعضی مراحل GRIS کوتاه/کم‌جزئیات‌اند. (6/6)","مواد: آرد گندم سفید، کره بدون نمک، تخم‌مرغ کامل خام، شیر کامل، خامه پرچرب، چیپس شکلات تلخ، شکر دانه‌ریز، عصاره وانیل، نمک خوراکی | کدها: all_purpose_flour, butter_unsalted, whole_egg_raw, whole_milk, heavy_cream, dark_chocolate_chips, caster_sugar, vanilla_extract, salt_table"
"garnish_recipe_intl_061_0bfbb206","polenta-con-funghi","پلنتا با قارچ","international-core-150-v0.6.0","ایتالیا","","","11","5","18","NOT_RULED","P2","P2:WEAK_GRIS_STEPS:بعضی مراحل GRIS کوتاه/کم‌جزئیات‌اند. (5/5)","مواد: آرد ذرت زبر، قارچ دکمه‌ای خام، پنیر پارمزان، کره بدون نمک، شالوت خام، سیر خام، جعفری تازه، آب سبزیجات، روغن زیتون، نمک خوراکی | کدها: cornmeal, button_mushroom_raw, parmesan_cheese, butter_unsalted, shallot_raw, garlic_raw, parsley_fresh, vegetable_stock_liquid, olive_oil, salt_table"
"garnish_recipe_global_143_142_bd27951b","uzbek-plov-osh","پلوف ازبکی","global-143-v0.3","ازبکستان","","","8","8","18","RULE_PASS","P2","P2:WEAK_GRIS_STEPS:بعضی مراحل GRIS کوتاه/کم‌جزئیات‌اند. (8/8)","مواد: سردست گوسفند خام، برنج باسماتی خام، هویج خام، پیاز خام، سیر خام، زیره سبز آسیاب‌شده، کشمش، روغن آفتابگردان | کدها: lamb_shoulder_raw, basmati_rice_raw, carrot_raw, onion_raw, garlic_raw, cumin_ground, raisins, sunflower_oil"
"garnish_recipe_global_143_019_c41b07d2","american-pancakes-maple-syrup","پنکیک آمریکایی با شربت افرا","global-143-v0.3","آمریکا","","","9","5","18","NOT_RULED","P2","P2:WEAK_GRIS_STEPS:بعضی مراحل GRIS کوتاه/کم‌جزئیات‌اند. (7/7)","مواد: آرد گندم سفید، دوغ کره، تخم‌مرغ کامل خام، بکینگ پودر، جوش شیرین، شکر دانه‌ریز، نمک خوراکی، کره بدون نمک، شربت افرا | کدها: all_purpose_flour, buttermilk, whole_egg_raw, baking_powder, baking_soda, caster_sugar, salt_table, butter_unsalted, maple_syrup"
"garnish_lite_fa_011_8be28048","cottage-cheese-with-tomato-toast","پنیر کاتیج با گوجه و نان","lite-food-v0.3","نامشخص در داده؛ بین‌المللی","","","4","3","0","NOT_RULED","P2","P2:ORIGIN_WEAK:کشور/مبدا از داده به‌وضوح قابل استخراج نیست.","مواد: پنیر کاتیج، نان سفید، گوجه‌فرنگی خام، فلفل سیاه آسیاب‌شده | کدها: cottage_cheese, bread_white, tomato_raw, black_pepper_ground"
"garnish_recipe_intl_136_76743d5b","pot-au-feu","پوت‌او‌فو","international-core-150-v0.6.0","فرانسه","","","11","5","18","NOT_RULED","P2","P2:WEAK_GRIS_STEPS:بعضی مراحل GRIS کوتاه/کم‌جزئیات‌اند. (5/5)","مواد: سردست گاو خام، هویج خام، تره‌فرنگی خام، شلغم خام، سیب‌زمینی خام، پیاز خام، کرفس خام، برگ بو خشک، جعفری تازه، نمک خوراکی | کدها: beef_chuck_raw, carrot_raw, leek_raw, turnip_raw, potato_raw, onion_raw, celery_raw, bay_leaf_dried, parsley_fresh, salt_table"
"garnish_recipe_global_143_129_0a9a316a","canadian-poutine","پوتین کانادایی","global-143-v0.3","کانادا","کبک","","5","6","18","RULE_PASS","P2","P2:WEAK_GRIS_STEPS:بعضی مراحل GRIS کوتاه/کم‌جزئیات‌اند. (6/6)","مواد: سیب‌زمینی خام، دلمه پنیر تازه، سس گریوی قهوه‌ای، روغن آفتابگردان، نمک خوراکی | کدها: potato_raw, cheese_curds, brown_gravy, sunflower_oil, salt_table"
"garnish_recipe_intl_052_a57a621f","sticky-toffee-pudding","پودینگ تافی خرما","international-core-150-v0.6.0","بریتانیا","","","10","5","18","NOT_RULED","P2","P2:WEAK_GRIS_STEPS:بعضی مراحل GRIS کوتاه/کم‌جزئیات‌اند. (6/6)","مواد: خرمای بدون هسته، جوش شیرین، آرد گندم سفید، بکینگ پودر، تخم‌مرغ کامل خام، کره بدون نمک، شکر قهوه‌ای، خامه پرچرب، عصاره وانیل، نمک خوراکی | کدها: pitted_dates, baking_soda, all_purpose_flour, baking_powder, whole_egg_raw, butter_unsalted, brown_sugar, heavy_cream, vanilla_extract, salt_table"
"garnish_recipe_intl_071_48a67e24","poffertjes","پوفِرتیِس","international-core-150-v0.6.0","هلند","","","7","5","18","NOT_RULED","P2","P2:WEAK_GRIS_STEPS:بعضی مراحل GRIS کوتاه/کم‌جزئیات‌اند. (6/6)","مواد: آرد گندم سفید، تخم‌مرغ کامل خام، شیر کامل، خمیرمایه خشک فعال، کره بدون نمک، پودر قند، نمک خوراکی | کدها: all_purpose_flour, whole_egg_raw, whole_milk, active_dry_yeast, butter_unsalted, powdered_sugar, salt_table"
"garnish_recipe_intl_118_9ecd21c7","pollo-al-ajillo","پویو آل آخیو","international-core-150-v0.6.0","اسپانیا","","","10","5","18","NOT_RULED","P2","P2:WEAK_GRIS_STEPS:بعضی مراحل GRIS کوتاه/کم‌جزئیات‌اند. (5/5)","مواد: ران مرغ خام، سیر خام، پاپریکا آسیاب‌شده، لیمو زرد خام، برگ بو خشک، آب مرغ، روغن زیتون، جعفری تازه، نمک خوراکی، فلفل سیاه آسیاب‌شده | کدها: chicken_thigh_raw, garlic_raw, paprika_ground, lemon_raw, bay_leaf_dried, chicken_stock_liquid, olive_oil, parsley_fresh, salt_table, black_pepper_ground"
"garnish_recipe_intl_140_e00e3df2","tarta-de-santiago","تارتا د سانتیاگو","international-core-150-v0.6.0","اسپانیا","","","6","5","18","NOT_RULED","P2","P2:WEAK_GRIS_STEPS:بعضی مراحل GRIS کوتاه/کم‌جزئیات‌اند. (6/6)","مواد: آرد بادام، تخم‌مرغ کامل خام، شکر دانه‌ریز، لیمو زرد خام، دارچین آسیاب‌شده، پودر قند | کدها: almond_flour, whole_egg_raw, caster_sugar, lemon_raw, cinnamon_ground, powdered_sugar"
"garnish_recipe_global_143_099_2a8c35d1","mexican-beef-tacos","تاکوی گوشت با سالسای تازه","global-143-v0.3","مکزیک/تکس-مکس","","","12","5","18","NOT_RULED","P2","P2:WEAK_GRIS_STEPS:بعضی مراحل GRIS کوتاه/کم‌جزئیات‌اند. (6/6)","مواد: تورتیلای ذرت، گوشت چرخ‌کرده گاو خام، پیاز خام، سیر خام، زیره سبز آسیاب‌شده، پاپریکا آسیاب‌شده، فلفل تند خام، گوجه‌فرنگی خام، پیاز قرمز خام، گشنیز تازه | کدها: corn_tortilla, ground_beef_raw, onion_raw, garlic_raw, cumin_ground, paprika_ground, chili_pepper_raw, tomato_raw, red_onion_raw, cilantro_fresh"
"garnish_recipe_global_143_008_22e17e44","tamagoyaki-japanese-rolled-omelette","تاماگویاکی ژاپنی","global-143-v0.3","ژاپن","","","5","4","18","NOT_RULED","P2","P2:WEAK_GRIS_STEPS:بعضی مراحل GRIS کوتاه/کم‌جزئیات‌اند. (5/5)","مواد: تخم‌مرغ کامل خام، شکر دانه‌ریز، سس سویای روشن، میرین، روغن آفتابگردان | کدها: whole_egg_raw, caster_sugar, light_soy_sauce, mirin, sunflower_oil"
"garnish_recipe_intl_009_ab044ed1","tabbouleh","تبوله","international-core-150-v0.6.0","لبنان/شام","","","9","5","18","NOT_RULED","P2","P2:WEAK_GRIS_STEPS:بعضی مراحل GRIS کوتاه/کم‌جزئیات‌اند. (5/5)","مواد: جعفری تازه، بلغور ریز خشک، نعناع تازه، گوجه‌فرنگی خام، پیازچه خام، لیمو زرد خام، روغن زیتون، نمک خوراکی، فلفل سیاه آسیاب‌شده | کدها: parsley_fresh, bulgur_fine_dry, mint_fresh, tomato_raw, scallion_raw, lemon_raw, olive_oil, salt_table, black_pepper_ground"
"garnish_lite_fa_010_5402d628","soft-boiled-egg-with-bread-soldiers","تخم‌مرغ عسلی با نان","lite-food-v0.3","نامشخص در داده؛ بین‌المللی","","","4","3","0","NOT_RULED","P2","P2:ORIGIN_WEAK:کشور/مبدا از داده به‌وضوح قابل استخراج نیست.","مواد: تخم‌مرغ کامل خام، نان سفید، کره بدون نمک، نمک خوراکی | کدها: whole_egg_raw, bread_white, butter_unsalted, salt_table"
"garnish_recipe_fa_106_d9e3968a","torsh-tareh","ترش‌تره","phase-one-v0.6.1","ایران","گیلان","","11","6","18","NOT_RULED","P2","P2:WEAK_GRIS_STEPS:بعضی مراحل GRIS کوتاه/کم‌جزئیات‌اند. (6/6)","مواد: جعفری تازه، گشنیز تازه، شوید تازه، اسفناج خام، سیر خام، تخم‌مرغ کامل خام، آرد برنج، آب نارنج، زردچوبه آسیاب‌شده، روغن آفتابگردان | کدها: parsley_fresh, cilantro_fresh, dill_fresh, spinach_raw, garlic_raw, whole_egg_raw, rice_flour, sour_orange_juice, turmeric_ground, sunflower_oil"
"garnish_recipe_intl_037_7cf2e346","tzatziki","تزاتزیکی","international-core-150-v0.6.0","یونان","","","7","5","18","NOT_RULED","P2","P2:WEAK_GRIS_STEPS:بعضی مراحل GRIS کوتاه/کم‌جزئیات‌اند. (5/5)","مواد: ماست یونانی ساده، خیار خام، سیر خام، شوید تازه، روغن زیتون، سرکه شراب قرمز، نمک خوراکی | کدها: greek_yogurt_plain, cucumber_raw, garlic_raw, dill_fresh, olive_oil, red_wine_vinegar, salt_table"
"garnish_lite_fa_016_565be283","cream-cheese-and-cucumber-toast","تست پنیر خامه‌ای و خیار","lite-food-v0.3","نامشخص در داده؛ بین‌المللی","","","4","3","0","NOT_RULED","P2","P2:ORIGIN_WEAK:کشور/مبدا از داده به‌وضوح قابل استخراج نیست.","مواد: پنیر خامه‌ای، نان سفید، خیار خام، شوید تازه | کدها: cream_cheese, bread_white, cucumber_raw, dill_fresh"
"garnish_lite_fa_012_c3da9856","ricotta-and-honey-toast","تست ریکوتا و عسل","lite-food-v0.3","نامشخص در داده؛ بین‌المللی","","","4","3","0","NOT_RULED","P2","P2:ORIGIN_WEAK:کشور/مبدا از داده به‌وضوح قابل استخراج نیست.","مواد: پنیر ریکوتا، نان سفید، عسل، رنده پوست لیمو | کدها: ricotta_cheese, bread_white, honey, lemon_zest"
"garnish_lite_fa_013_374a5ddc","almond-butter-and-berry-toast","تست کره بادام و توت","lite-food-v0.3","نامشخص در داده؛ بین‌المللی","","","3","3","0","NOT_RULED","P2","P2:ORIGIN_WEAK:کشور/مبدا از داده به‌وضوح قابل استخراج نیست.","مواد: کره بادام، نان سفید، توت‌فرنگی خام | کدها: almond_butter, bread_white, strawberry_raw"
"garnish_recipe_intl_080_5dbc4315","tempura","تمپورا","international-core-150-v0.6.0","ژاپن","","","10","5","18","NOT_RULED","P2","P2:WEAK_GRIS_STEPS:بعضی مراحل GRIS کوتاه/کم‌جزئیات‌اند. (5/5)","مواد: میگو خام، فلفل دلمه‌ای خام، هویج خام، آرد گندم سفید، نشاسته ذرت، تخم‌مرغ کامل خام، سس سویا، میرین، روغن آفتابگردان، نمک خوراکی | کدها: shrimp_raw, bell_pepper_raw, carrot_raw, all_purpose_flour, cornstarch, whole_egg_raw, soy_sauce, mirin, sunflower_oil, salt_table"
"garnish_recipe_intl_138_4f5d8e11","tompoes","تمپوس","international-core-150-v0.6.0","هلند","","","8","5","18","NOT_RULED","P2","P2:WEAK_GRIS_STEPS:بعضی مراحل GRIS کوتاه/کم‌جزئیات‌اند. (5/5)","مواد: خمیر هزارلا، شیر کامل، تخم‌مرغ کامل خام، شکر دانه‌ریز، نشاسته ذرت، خامه پرچرب، پودر قند، عصاره وانیل | کدها: puff_pastry, whole_milk, whole_egg_raw, caster_sugar, cornstarch, heavy_cream, powdered_sugar, vanilla_extract"
"garnish_recipe_intl_111_248a08a4","toad-in-the-hole","تود این د هول","international-core-150-v0.6.0","بریتانیا","","","7","5","18","NOT_RULED","P2","P2:WEAK_GRIS_STEPS:بعضی مراحل GRIS کوتاه/کم‌جزئیات‌اند. (6/6)","مواد: سوسیس گوشت گاو خام، آرد گندم سفید، تخم‌مرغ کامل خام، شیر کامل، روغن آفتابگردان، نمک خوراکی، فلفل سیاه آسیاب‌شده | کدها: beef_sausage_raw, all_purpose_flour, whole_egg_raw, whole_milk, sunflower_oil, salt_table, black_pepper_ground"
"garnish_recipe_intl_031_7e902faf","tiramisu","تیرامیسو","international-core-150-v0.6.0","ایتالیا","","","7","5","18","NOT_RULED","P2","P2:WEAK_GRIS_STEPS:بعضی مراحل GRIS کوتاه/کم‌جزئیات‌اند. (6/6)","مواد: بیسکویت لیدی‌فینگر، ماسکارپونه، اسپرسو، زرده تخم‌مرغ خام، سفیده تخم‌مرغ خام، شکر دانه‌ریز، پودر کاکائو بدون شکر | کدها: ladyfingers, mascarpone, espresso, egg_yolk_raw, egg_white_raw, caster_sugar, cocoa_powder_unsweetened"
"garnish_recipe_intl_074_79385dd1","chow-mein","چاو مین","international-core-150-v0.6.0","چین","","","12","5","18","NOT_RULED","P2","P2:WEAK_GRIS_STEPS:بعضی مراحل GRIS کوتاه/کم‌جزئیات‌اند. (5/5)","مواد: نودل تخم‌مرغی خشک، ران مرغ خام، سس سویا، سس صدف، روغن کنجد، کلم سفید خام، هویج خام، جوانه لوبیا خام، خمیر زنجبیل، سیر خام | کدها: egg_noodles_dry, chicken_thigh_raw, soy_sauce, oyster_sauce, sesame_oil, cabbage_raw, carrot_raw, bean_sprouts_raw, ginger_paste, garlic_raw"
"garnish_recipe_global_143_028_d4b2bfd8","classic-milk-bubble-tea","چای حبابی شیری","global-143-v0.3","نامشخص در داده؛ بین‌المللی","","","6","4","18","NOT_RULED","P2","P2:ORIGIN_WEAK:کشور/مبدا از داده به‌وضوح قابل استخراج نیست.","مواد: مروارید تاپیوکای بوبا، آب، شکر قهوه‌ای، برگ چای سیاه، شیر کامل، یخ | کدها: boba_tapioca_pearls, water, brown_sugar, black_tea_leaves, whole_milk, ice_cubes"
"garnish_recipe_global_143_036_bc4e7808","moroccan-mint-tea","چای نعناع مراکشی","global-143-v0.3","نامشخص در داده؛ بین‌المللی","","","4","4","18","NOT_RULED","P2","P2:ORIGIN_WEAK:کشور/مبدا از داده به‌وضوح قابل استخراج نیست.","مواد: چای سبز گان‌پودر، نعناع تازه، شکر دانه‌ریز، آب | کدها: gunpowder_green_tea, mint_fresh, caster_sugar, water"
"garnish_lite_fa_047_a6f6b289","breadsticks-with-cheese","چوب‌شور با پنیر","lite-food-v0.3","نامشخص در داده؛ بین‌المللی","","","2","3","0","NOT_RULED","P2","P2:ORIGIN_WEAK:کشور/مبدا از داده به‌وضوح قابل استخراج نیست.","مواد: چوب‌شور ساده، پنیر چدار | کدها: breadsticks, cheddar_cheese"
"garnish_recipe_global_143_015_39a2f209","churros-con-chocolate","چورو با شکلات داغ","global-143-v0.3","اسپانیا","","","10","5","18","NOT_RULED","P2","P2:WEAK_GRIS_STEPS:بعضی مراحل GRIS کوتاه/کم‌جزئیات‌اند. (7/7)","مواد: آرد گندم سفید، آب، کره بدون نمک، نمک خوراکی، شکر دانه‌ریز، روغن آفتابگردان، چیپس شکلات تلخ، شیر کامل، نشاسته ذرت، دارچین آسیاب‌شده | کدها: all_purpose_flour, water, butter_unsalted, salt_table, caster_sugar, sunflower_oil, dark_chocolate_chips, whole_milk, cornstarch, cinnamon_ground"
"garnish_recipe_intl_088_7da35d2c","churros","چوروس","international-core-150-v0.6.0","اسپانیا","","","7","5","18","NOT_RULED","P2","P2:WEAK_GRIS_STEPS:بعضی مراحل GRIS کوتاه/کم‌جزئیات‌اند. (6/6)","مواد: آرد گندم سفید، نمک خوراکی، شکر دانه‌ریز، دارچین آسیاب‌شده، چیپس شکلات تلخ، شیر کامل، روغن آفتابگردان | کدها: all_purpose_flour, salt_table, caster_sugar, cinnamon_ground, dark_chocolate_chips, whole_milk, sunflower_oil"
"garnish_lite_fa_029_eff8d609","tortilla-chips-with-guacamole","چیپس ذرت با گواکاموله","lite-food-v0.3","نامشخص در داده؛ بین‌المللی","","","6","3","0","NOT_RULED","P2","P2:ORIGIN_WEAK:کشور/مبدا از داده به‌وضوح قابل استخراج نیست.","مواد: چیپس ذرت تورتیلا، آووکادو خام، لیمو سبز خام، گوجه‌فرنگی خام، پیاز خام، نمک خوراکی | کدها: tortilla_chips, avocado_raw, lime_raw, tomato_raw, onion_raw, salt_table"
"garnish_lite_fa_036_35d377a6","chips-with-cheese-dip","چیپس و دیپ پنیر","lite-food-v0.3","نامشخص در داده؛ بین‌المللی","","","2","3","0","NOT_RULED","P2","P2:ORIGIN_WEAK:کشور/مبدا از داده به‌وضوح قابل استخراج نیست.","مواد: چیپس سیب‌زمینی ساده، دیپ پنیر آماده | کدها: potato_chips, ready_cheese_dip"
"garnish_recipe_global_143_128_7b502579","tex-mex-chili-con-carne","چیلی کان کارنه","global-143-v0.3","مکزیک/تکس-مکس","","","9","6","18","NOT_RULED","P2","P2:WEAK_GRIS_STEPS:بعضی مراحل GRIS کوتاه/کم‌جزئیات‌اند. (6/6)","مواد: گوشت چرخ‌کرده گاو خام، لوبیا قرمز کنسروی آبکش‌شده، گوجه له‌شده کنسروی، پیاز خام، سیر خام، زیره سبز آسیاب‌شده، پاپریکا آسیاب‌شده، فلفل کاین آسیاب‌شده، آب گوشت گاو | کدها: ground_beef_raw, red_kidney_beans_canned_drained, canned_crushed_tomatoes, onion_raw, garlic_raw, cumin_ground, paprika_ground, cayenne_pepper_ground, beef_stock_liquid"
"garnish_recipe_intl_043_fbe26aba","hummus","حمص","international-core-150-v0.6.0","لبنان/شام","","","8","5","18","NOT_RULED","P2","P2:WEAK_GRIS_STEPS:بعضی مراحل GRIS کوتاه/کم‌جزئیات‌اند. (5/5)","مواد: نخود خشک، ارده، لیمو زرد خام، سیر خام، روغن زیتون، زیره سبز آسیاب‌شده، پاپریکا آسیاب‌شده، نمک خوراکی | کدها: chickpeas_dry, tahini, lemon_raw, garlic_raw, olive_oil, cumin_ground, paprika_ground, salt_table"
"garnish_recipe_intl_109_997edbdb","khao-soi","خائو سوی","international-core-150-v0.6.0","تایلند","","","11","5","18","NOT_RULED","P2","P2:WEAK_GRIS_STEPS:بعضی مراحل GRIS کوتاه/کم‌جزئیات‌اند. (5/5)","مواد: نودل تخم‌مرغی خشک، خمیر کاری قرمز، شیر نارگیل کنسروی، ران مرغ خام، شالوت خام، لیمو سبز خام، سس ماهی، زردچوبه آسیاب‌شده، پودر کاری، روغن آفتابگردان | کدها: egg_noodles_dry, red_curry_paste, coconut_milk_canned, chicken_thigh_raw, shallot_raw, lime_raw, fish_sauce, turmeric_ground, curry_powder, sunflower_oil"
"garnish_lite_fa_021_da2f107f","dates-stuffed-with-cream-cheese","خرما پر شده با پنیر خامه‌ای","lite-food-v0.3","نامشخص در داده؛ بین‌المللی","","","3","3","0","NOT_RULED","P2","P2:ORIGIN_WEAK:کشور/مبدا از داده به‌وضوح قابل استخراج نیست.","مواد: خرمای بدون هسته، پنیر خامه‌ای، خلال پسته | کدها: pitted_dates, cream_cheese, slivered_pistachios"
"garnish_recipe_intl_098_0fbf4374","irish-stew","خورش ایرلندی","international-core-150-v0.6.0","نامشخص در داده؛ بین‌المللی","","","9","5","16","NOT_RULED","P2","P2:ORIGIN_WEAK:کشور/مبدا از داده به‌وضوح قابل استخراج نیست.","مواد: سردست گوسفند خام، سیب‌زمینی خام، پیاز خام، هویج خام، آب سبزیجات، جعفری تازه، برگ بو خشک، نمک خوراکی، فلفل سیاه آسیاب‌شده | کدها: lamb_shoulder_raw, potato_raw, onion_raw, carrot_raw, vegetable_stock_liquid, parsley_fresh, bay_leaf_dried, salt_table, black_pepper_ground"
"garnish_recipe_fa_102_1994bb32","anar-bij","خورشت اناربیج","phase-one-v0.6.1","ایران","گیلان","","9","6","18","NOT_RULED","P2","P2:WEAK_GRIS_STEPS:بعضی مراحل GRIS کوتاه/کم‌جزئیات‌اند. (6/6)","مواد: گوشت گوسفند خام، گردو خام، رب انار، کدو سبز خام، سبزی آش، پیاز خام، زردچوبه آسیاب‌شده، روغن آفتابگردان، نمک خوراکی | کدها: lamb_meat_raw, walnuts_raw, pomegranate_molasses, zucchini_raw, ash_sabzi_mix, onion_raw, turmeric_ground, sunflower_oil, salt_table"
"garnish_recipe_fa_100_ce2b0c24","khoresh-beh","خورشت به","phase-one-v0.6.1","ایران","گیلان","","10","6","18","NOT_RULED","P2","P2:WEAK_GRIS_STEPS:بعضی مراحل GRIS کوتاه/کم‌جزئیات‌اند. (5/5)","مواد: گوشت گوسفند خام، به خام، لپه خشک، پیاز خام، رب گوجه‌فرنگی، آبغوره، زردچوبه آسیاب‌شده، دارچین آسیاب‌شده، روغن آفتابگردان، نمک خوراکی | کدها: lamb_meat_raw, quince_raw, split_peas_dry, onion_raw, tomato_paste, verjuice, turmeric_ground, cinnamon_ground, sunflower_oil, salt_table"
"garnish_recipe_fa_1059_32ca5280","khoresh-khalal","خورشت خلال","phase-one-v0.6.1","ایران","گیلان","","12","6","18","NOT_RULED","P2","P2:WEAK_GRIS_STEPS:بعضی مراحل GRIS کوتاه/کم‌جزئیات‌اند. (6/6)","مواد: گوشت گوسفند خام، خلال بادام، زرشک خشک، پیاز خام، رب گوجه‌فرنگی، زعفران، گلاب، چوب دارچین، روغن آفتابگردان، نمک خوراکی | کدها: lamb_meat_raw, slivered_almonds, barberries_dry, onion_raw, tomato_paste, saffron, rose_water, cinnamon_stick, sunflower_oil, salt_table"
"garnish_recipe_fa_99_14f1018b","khoresh-rivas","خورشت ریواس","phase-one-v0.6.1","ایران","گیلان","","9","6","16","NOT_RULED","P2","P2:WEAK_GRIS_INGREDIENTS:مواد GRIS نقش/نکته خرید/گروه کامل ندارند. (2/9)","مواد: گوشت گوسفند خام، ریواس خام، جعفری تازه، نعناع خشک، پیاز خام، زردچوبه آسیاب‌شده، روغن آفتابگردان، نمک خوراکی، فلفل سیاه آسیاب‌شده | کدها: lamb_meat_raw, rhubarb_raw, parsley_fresh, dried_mint, onion_raw, turmeric_ground, sunflower_oil, salt_table, black_pepper_ground"
"garnish_recipe_fa_97_b033ed16","khoresh-loobia-sabz","خورشت لوبیا سبز","phase-one-v0.6.1","ایران","گیلان","","10","6","18","NOT_RULED","P2","P2:WEAK_GRIS_STEPS:بعضی مراحل GRIS کوتاه/کم‌جزئیات‌اند. (6/6)","مواد: لوبیا سبز خام، گوشت گوسفند خام، پیاز خام، رب گوجه‌فرنگی، زردچوبه آسیاب‌شده، دارچین آسیاب‌شده، روغن آفتابگردان، لیموعمانی کامل، نمک خوراکی، فلفل سیاه آسیاب‌شده | کدها: green_beans_raw, lamb_meat_raw, onion_raw, tomato_paste, turmeric_ground, cinnamon_ground, sunflower_oil, dried_lime_whole, salt_table, black_pepper_ground"
"garnish_recipe_global_143_141_12664fc7","georgian-khinkali","خینکالی گرجی","global-143-v0.3","گرجستان","","","8","6","18","RULE_PASS","P2","P2:WEAK_GRIS_STEPS:بعضی مراحل GRIS کوتاه/کم‌جزئیات‌اند. (6/6)","مواد: آرد گندم سفید، آب، گوشت چرخ‌کرده گاو خام، گوشت چرخ‌کرده گوسفند خام، پیاز خام، گشنیز تازه، فلفل سیاه آسیاب‌شده، نمک خوراکی | کدها: all_purpose_flour, water, ground_beef_raw, ground_lamb_raw, onion_raw, cilantro_fresh, black_pepper_ground, salt_table"
"garnish_recipe_global_143_105_a30b590b","xiao-long-bao-soup-dumplings","دامپلینگ سوپی چینی","global-143-v0.3","چین","","","10","5","18","NOT_RULED","P2","P2:WEAK_GRIS_STEPS:بعضی مراحل GRIS کوتاه/کم‌جزئیات‌اند. (7/7)","مواد: گوشت چرخ‌کرده خوک خام، آب مرغ، پودر ژلاتین، پیازچه خام، زنجبیل تازه، سس سویا، شراب شائوشینگ، روغن کنجد، ورق دامپلینگ، سرکه سیاه | کدها: ground_pork_raw, chicken_stock_liquid, gelatin_powder, scallion_raw, ginger_root_raw, soy_sauce, shaoxing_wine, sesame_oil, dumpling_wrappers, black_vinegar"
"garnish_recipe_intl_005_1bc32e70","chicken-jiaozi","دامپلینگ مرغ چینی (جیائوزی)","international-core-150-v0.6.0","چین","","","10","5","18","NOT_RULED","P2","P2:WEAK_GRIS_STEPS:بعضی مراحل GRIS کوتاه/کم‌جزئیات‌اند. (6/6)","مواد: ورق دامپلینگ، ران مرغ خام، کلم چینی خام، پیازچه خام، زنجبیل تازه، سس سویا، روغن کنجد، روغن آفتابگردان، نمک خوراکی، فلفل سفید آسیاب‌شده | کدها: dumpling_wrappers, chicken_thigh_raw, napa_cabbage_raw, scallion_raw, ginger_root_raw, soy_sauce, sesame_oil, sunflower_oil, salt_table, white_pepper_ground"
"garnish_recipe_fa_87_b75c560e","dande-kabab","دنده‌کباب کرمانشاهی","phase-one-v0.6.1","ایران","کرمانشاه","کرمانشاه","9","6","18","NOT_RULED","P2","P2:WEAK_GRIS_STEPS:بعضی مراحل GRIS کوتاه/کم‌جزئیات‌اند. (6/6)","مواد: دنده گوسفند خام، پیاز خام، زردچوبه آسیاب‌شده، نمک خوراکی، فلفل سیاه آسیاب‌شده، زعفران، کره بدون نمک، لیمو زرد خام، سماق آسیاب‌شده | کدها: lamb_ribs_raw, onion_raw, turmeric_ground, salt_table, black_pepper_ground, saffron, butter_unsalted, lemon_raw, sumac_ground"
"garnish_recipe_fa_1297_aaa24704","do-piazeh-aloo","دوپیازه آلو","phase-one-v0.6.1","ایران","فارس","شیراز","8","6","18","NOT_RULED","P2","P2:WEAK_GRIS_STEPS:بعضی مراحل GRIS کوتاه/کم‌جزئیات‌اند. (6/6)","مواد: سیب‌زمینی خام، پیاز خام، رب گوجه‌فرنگی، روغن آفتابگردان، پرک فلفل قرمز، نمک خوراکی، فلفل سیاه آسیاب‌شده، زردچوبه آسیاب‌شده | کدها: potato_raw, onion_raw, tomato_paste, sunflower_oil, red_pepper_flakes, salt_table, black_pepper_ground, turmeric_ground"
"garnish_recipe_fa_125_31716f89","doopiazeh-meygoo","دوپیازه میگو","phase-one-v0.6.1","ایران","جنوب ایران","","9","6","18","NOT_RULED","P2","P2:WEAK_GRIS_STEPS:بعضی مراحل GRIS کوتاه/کم‌جزئیات‌اند. (6/6)","مواد: میگو خام، پیاز خام، سیب‌زمینی خام، خمیر تمر هندی، سیر خام، زردچوبه آسیاب‌شده، روغن آفتابگردان، نمک خوراکی، فلفل سیاه آسیاب‌شده | کدها: shrimp_raw, onion_raw, potato_raw, tamarind_paste, garlic_raw, turmeric_ground, sunflower_oil, salt_table, black_pepper_ground"
"garnish_lite_fa_078_578dd342","guacamole-with-bread","دیپ گواکاموله با نان","lite-food-v0.3","نامشخص در داده؛ بین‌المللی","","","6","3","0","NOT_RULED","P2","P2:ORIGIN_WEAK:کشور/مبدا از داده به‌وضوح قابل استخراج نیست.","مواد: آووکادو خام، گوجه‌فرنگی خام، پیاز خام، لیمو سبز خام، نمک خوراکی، نان لواش | کدها: avocado_raw, tomato_raw, onion_raw, lime_raw, salt_table, lavash_bread"
"garnish_recipe_intl_020_a0837273","ratatouille","راتاتویی","international-core-150-v0.6.0","فرانسه","","","11","5","18","NOT_RULED","P2","P2:WEAK_GRIS_STEPS:بعضی مراحل GRIS کوتاه/کم‌جزئیات‌اند. (5/5)","مواد: بادمجان خام، کدو سبز خام، فلفل دلمه‌ای خام، گوجه‌فرنگی خام، پیاز خام، سیر خام، آویشن خشک، برگ بو خشک، روغن زیتون، نمک خوراکی | کدها: eggplant_raw, zucchini_raw, bell_pepper_raw, tomato_raw, onion_raw, garlic_raw, thyme_dried, bay_leaf_dried, olive_oil, salt_table"
"garnish_recipe_intl_079_bc51f8e5","ramen","رامن","international-core-150-v0.6.0","ژاپن","","","11","5","18","NOT_RULED","P2","P2:WEAK_GRIS_STEPS:بعضی مراحل GRIS کوتاه/کم‌جزئیات‌اند. (6/6)","مواد: نودل رامن خشک، ران مرغ خام، آب مرغ، سس سویا، تخم‌مرغ کامل خام، روغن کنجد، خمیر زنجبیل، سیر خام، پیازچه خام، ورق نوری | کدها: ramen_noodles_dry, chicken_thigh_raw, chicken_stock_liquid, soy_sauce, whole_egg_raw, sesame_oil, ginger_paste, garlic_raw, scallion_raw, nori_sheets"
"garnish_lite_fa_087_61b3189b","turkey-and-cheese-wrap","رپ بوقلمون و پنیر","lite-food-v0.3","نامشخص در داده؛ بین‌المللی","","","4","3","0","NOT_RULED","P2","P2:ORIGIN_WEAK:کشور/مبدا از داده به‌وضوح قابل استخراج نیست.","مواد: ورقه بوقلمون سرد آماده، پنیر چدار، کاهو خام، تورتیلای گندم | کدها: cold_turkey_slices, cheddar_cheese, lettuce_raw, wheat_tortilla"
"garnish_lite_fa_093_936a36ff","cream-cheese-and-veggie-roll-up","رپ پنیر خامه‌ای و سبزیجات","lite-food-v0.3","نامشخص در داده؛ بین‌المللی","","","5","3","0","NOT_RULED","P2","P2:ORIGIN_WEAK:کشور/مبدا از داده به‌وضوح قابل استخراج نیست.","مواد: پنیر خامه‌ای، تورتیلای گندم، خیار خام، هویج خام، فلفل دلمه‌ای خام | کدها: cream_cheese, wheat_tortilla, cucumber_raw, carrot_raw, bell_pepper_raw"
"garnish_lite_fa_085_7e285172","hummus-and-veggie-wrap","رپ هوموس و سبزیجات","lite-food-v0.3","نامشخص در داده؛ بین‌المللی","","","5","3","0","NOT_RULED","P2","P2:ORIGIN_WEAK:کشور/مبدا از داده به‌وضوح قابل استخراج نیست.","مواد: حمص ساده، تورتیلای گندم، خیار خام، هویج خام، کاهو خام | کدها: hummus_plain, wheat_tortilla, cucumber_raw, carrot_raw, lettuce_raw"
"garnish_recipe_fa_184_e616db37","reshteh-khoshkar","رشته خشکار","phase-one-v0.6.1","ایران","گیلان","","8","5","18","NOT_RULED","P2","P2:WEAK_GRIS_STEPS:بعضی مراحل GRIS کوتاه/کم‌جزئیات‌اند. (6/6)","مواد: آرد برنج، نشاسته ذرت، گردو خام، شکر دانه‌ریز، دارچین آسیاب‌شده، هل آسیاب‌شده، گلاب، روغن آفتابگردان | کدها: rice_flour, cornstarch, walnuts_raw, caster_sugar, cinnamon_ground, cardamom_ground, rose_water, sunflower_oil"
"garnish_recipe_fa_1280_13a22528","reshteh-polo-shirazi","رشته‌پلو شیرازی","phase-one-v0.6.1","ایران","فارس","شیراز","11","5","16","NOT_RULED","P2","P2:WEAK_GRIS_INGREDIENTS:مواد GRIS نقش/نکته خرید/گروه کامل ندارند. (1/11)","مواد: برنج باسماتی خام، رشته پلویی، کشمش طلایی، خرمای خشک، پیاز خام، دارچین آسیاب‌شده، زعفران، کره بدون نمک، نمک خوراکی، فلفل سیاه آسیاب‌شده | کدها: basmati_rice_raw, reshteh_polo_noodles, golden_raisins, date_dried, onion_raw, cinnamon_ground, saffron, butter_unsalted, salt_table, black_pepper_ground"
"garnish_recipe_global_143_107_dbd1eb92","indonesian-beef-rendang","رندانگ گوشت اندونزیایی","global-143-v0.3","اندونزی","","","13","5","18","NOT_RULED","P2","P2:WEAK_GRIS_STEPS:بعضی مراحل GRIS کوتاه/کم‌جزئیات‌اند. (6/6)","مواد: سردست گاو خام، شیر نارگیل کنسروی، علف لیمو تازه، گالانگال خام، زنجبیل تازه، شالوت خام، سیر خام، فلفل تند خام، برگ لیموی کفیر، خمیر تمر هندی | کدها: beef_chuck_raw, coconut_milk_canned, lemongrass_fresh, galangal_raw, ginger_root_raw, shallot_raw, garlic_raw, chili_pepper_raw, kaffir_lime_leaves, tamarind_paste"
"garnish_recipe_intl_121_c6d25626","ribollita","ریبولیتا","international-core-150-v0.6.0","ایتالیا","","","12","5","18","NOT_RULED","P2","P2:WEAK_GRIS_STEPS:بعضی مراحل GRIS کوتاه/کم‌جزئیات‌اند. (5/5)","مواد: لوبیا کانلینی خشک، کِیل خام، نان سفید، پاساتای گوجه‌فرنگی، هویج خام، کرفس خام، پیاز خام، سیر خام، آب سبزیجات، روغن زیتون | کدها: cannellini_beans_dry, kale_raw, bread_white, tomato_passata, carrot_raw, celery_raw, onion_raw, garlic_raw, vegetable_stock_liquid, olive_oil"
"garnish_recipe_intl_001_a95ca931","risotto-alla-milanese","ریزوتو میلانی زعفرانی","international-core-150-v0.6.0","ایتالیا","","","9","5","18","NOT_RULED","P2","P2:WEAK_GRIS_STEPS:بعضی مراحل GRIS کوتاه/کم‌جزئیات‌اند. (6/6)","مواد: برنج آربوریو خام، زعفران، پیاز خام، کره بدون نمک، پنیر پارمزان، آب مرغ، روغن زیتون، نمک خوراکی، فلفل سفید آسیاب‌شده | کدها: arborio_rice_raw, saffron, onion_raw, butter_unsalted, parmesan_cheese, chicken_stock_liquid, olive_oil, salt_table, white_pepper_ground"
"garnish_recipe_intl_150_951c615d","risalamande","ریسالاماند","international-core-150-v0.6.0","دانمارک","","","8","5","18","NOT_RULED","P2","P2:WEAK_GRIS_STEPS:بعضی مراحل GRIS کوتاه/کم‌جزئیات‌اند. (6/6)","مواد: برنج سفید خام، شیر کامل، خامه پرچرب، آرد بادام، شکر دانه‌ریز، عصاره وانیل، گیلاس خام، نشاسته ذرت | کدها: white_rice_raw, whole_milk, heavy_cream, almond_flour, caster_sugar, vanilla_extract, cherry_raw, cornstarch"
"garnish_recipe_intl_059_1736c8ad","sauerbraten","زاوربراتن","international-core-150-v0.6.0","آلمان","","","12","5","18","NOT_RULED","P2","P2:WEAK_GRIS_STEPS:بعضی مراحل GRIS کوتاه/کم‌جزئیات‌اند. (6/6)","مواد: سردست گاو خام، سرکه شراب قرمز، پیاز خام، هویج خام، میخک آسیاب‌شده، ادویه آل‌اسپایس آسیاب‌شده، برگ بو خشک، شکر دانه‌ریز، آرد گندم سفید، آب گوشت گاو | کدها: beef_chuck_raw, red_wine_vinegar, onion_raw, carrot_raw, cloves_ground, allspice_ground, bay_leaf_dried, caster_sugar, all_purpose_flour, beef_stock_liquid"
"garnish_recipe_intl_142_44b006d6","semmelknodel","زمل‌کنودل","international-core-150-v0.6.0","آلمان","","","10","5","18","NOT_RULED","P2","P2:WEAK_GRIS_STEPS:بعضی مراحل GRIS کوتاه/کم‌جزئیات‌اند. (6/6)","مواد: نان سفید، شیر کامل، تخم‌مرغ کامل خام، پیاز خام، جعفری تازه، کره بدون نمک، آرد گندم سفید، جوز هندی آسیاب‌شده، نمک خوراکی، فلفل سیاه آسیاب‌شده | کدها: bread_white, whole_milk, whole_egg_raw, onion_raw, parsley_fresh, butter_unsalted, all_purpose_flour, nutmeg_ground, salt_table, black_pepper_ground"
"garnish_recipe_intl_141_16bce5b8","senfeier","زنف‌آیر","international-core-150-v0.6.0","آلمان","","","10","5","18","NOT_RULED","P2","P2:WEAK_GRIS_STEPS:بعضی مراحل GRIS کوتاه/کم‌جزئیات‌اند. (6/6)","مواد: تخم‌مرغ کامل خام، کره بدون نمک، آرد گندم سفید، شیر کامل، خردل دیژون، سیب‌زمینی خام، جعفری تازه، جوز هندی آسیاب‌شده، نمک خوراکی، فلفل سیاه آسیاب‌شده | کدها: whole_egg_raw, butter_unsalted, all_purpose_flour, whole_milk, dijon_mustard, potato_raw, parsley_fresh, nutmeg_ground, salt_table, black_pepper_ground"
"garnish_lite_fa_076_cd5d8bb9","avocado-and-tomato-salad","سالاد آووکادو و گوجه","lite-food-v0.3","نامشخص در داده؛ بین‌المللی","","","5","3","0","NOT_RULED","P2","P2:ORIGIN_WEAK:کشور/مبدا از داده به‌وضوح قابل استخراج نیست.","مواد: آووکادو خام، گوجه‌فرنگی خام، پیازچه خام، لیمو سبز خام، نمک خوراکی | کدها: avocado_raw, tomato_raw, scallion_raw, lime_raw, salt_table"
"garnish_lite_fa_080_532aebff","corn-and-bean-salad","سالاد ذرت و لوبیا","lite-food-v0.3","نامشخص در داده؛ بین‌المللی","","","5","3","0","NOT_RULED","P2","P2:ORIGIN_WEAK:کشور/مبدا از داده به‌وضوح قابل استخراج نیست.","مواد: ذرت کنسروی، لوبیا سیاه کنسروی آبکش‌شده، پیاز خام، فلفل دلمه‌ای خام، لیمو سبز خام | کدها: corn_kernels_canned, black_beans_canned_drained, onion_raw, bell_pepper_raw, lime_raw"
"garnish_lite_fa_074_821a3098","simple-green-salad-with-vinaigrette","سالاد سبز ساده با سس وینگرت","lite-food-v0.3","نامشخص در داده؛ بین‌المللی","","","5","3","0","NOT_RULED","P2","P2:ORIGIN_WEAK:کشور/مبدا از داده به‌وضوح قابل استخراج نیست.","مواد: کاهو خام، گوجه گیلاسی خام، روغن زیتون، سرکه سیب، نمک خوراکی | کدها: lettuce_raw, cherry_tomato_raw, olive_oil, apple_cider_vinegar, salt_table"
"garnish_recipe_fa_2071_5391bddf","caesar-salad","سالاد سزار","phase-one-v0.6.1","نامشخص در داده؛ بین‌المللی","","","13","5","16","NOT_RULED","P2","P2:ORIGIN_WEAK:کشور/مبدا از داده به‌وضوح قابل استخراج نیست.","مواد: سینه مرغ خام، کاهو خام، نان لواش، گوجه‌فرنگی خام، سیر خام، پنیر پارمزان، روغن زیتون، نمک خوراکی، فلفل سیاه آسیاب‌شده، آبلیموی بطری | کدها: chicken_breast_raw, lettuce_raw, lavash_bread, tomato_raw, garlic_raw, parmesan_cheese, olive_oil, salt_table, black_pepper_ground, lemon_juice_bottled"
"garnish_lite_fa_081_1fb39818","cabbage-and-pineapple-slaw","سالاد کارائیب کلم و آناناس","lite-food-v0.3","نامشخص در داده؛ بین‌المللی","","","4","3","0","NOT_RULED","P2","P2:ORIGIN_WEAK:کشور/مبدا از داده به‌وضوح قابل استخراج نیست.","مواد: کلم سفید خام، هویج خام، آناناس کنسروی، مایونز | کدها: cabbage_raw, carrot_raw, canned_pineapple, mayonnaise"
"garnish_lite_fa_073_9481977d","red-cabbage-and-carrot-slaw","سالاد کلم بنفش و هویج","lite-food-v0.3","نامشخص در داده؛ بین‌المللی","","","5","3","0","NOT_RULED","P2","P2:ORIGIN_WEAK:کشور/مبدا از داده به‌وضوح قابل استخراج نیست.","مواد: کلم قرمز خام، هویج خام، سرکه سیب، روغن زیتون، نمک خوراکی | کدها: red_cabbage_raw, carrot_raw, apple_cider_vinegar, olive_oil, salt_table"
"garnish_lite_fa_077_2c5659c2","quinoa-salad","سالاد کینوا آماده با سبزیجات","lite-food-v0.3","نامشخص در داده؛ بین‌المللی","","","6","3","0","NOT_RULED","P2","P2:ORIGIN_WEAK:کشور/مبدا از داده به‌وضوح قابل استخراج نیست.","مواد: کینوا خام، خیار خام، گوجه‌فرنگی خام، جعفری تازه، لیمو زرد خام، روغن زیتون | کدها: quinoa_raw, cucumber_raw, tomato_raw, parsley_fresh, lemon_raw, olive_oil"
"garnish_lite_fa_075_a94612da","watermelon-and-feta-salad","سالاد هندوانه و فتا","lite-food-v0.3","نامشخص در داده؛ بین‌المللی","","","4","3","0","NOT_RULED","P2","P2:ORIGIN_WEAK:کشور/مبدا از داده به‌وضوح قابل استخراج نیست.","مواد: هندوانه خام، پنیر فتا، نعناع تازه، روغن زیتون | کدها: watermelon_raw, feta_cheese, mint_fresh, olive_oil"
"garnish_lite_fa_096_2d866197","avocado-and-tomato-sandwich","ساندویچ آووکادو و گوجه","lite-food-v0.3","نامشخص در داده؛ بین‌المللی","","","5","3","0","NOT_RULED","P2","P2:ORIGIN_WEAK:کشور/مبدا از داده به‌وضوح قابل استخراج نیست.","مواد: آووکادو خام، گوجه‌فرنگی خام، نان سفید، لیمو زرد خام، نمک خوراکی | کدها: avocado_raw, tomato_raw, bread_white, lemon_raw, salt_table"
"garnish_lite_fa_084_b1b75380","egg-salad-sandwich","ساندویچ تخم‌مرغ و مایونز","lite-food-v0.3","نامشخص در داده؛ بین‌المللی","","","5","3","0","NOT_RULED","P2","P2:ORIGIN_WEAK:کشور/مبدا از داده به‌وضوح قابل استخراج نیست.","مواد: تخم‌مرغ کامل خام، مایونز، نان سفید، نمک خوراکی، فلفل سیاه آسیاب‌شده | کدها: whole_egg_raw, mayonnaise, bread_white, salt_table, black_pepper_ground"
"garnish_lite_fa_090_0e727d97","peanut-butter-and-honey-sandwich","ساندویچ کره بادام‌زمینی و عسل","lite-food-v0.3","نامشخص در داده؛ بین‌المللی","","","3","3","0","NOT_RULED","P2","P2:ORIGIN_WEAK:کشور/مبدا از داده به‌وضوح قابل استخراج نیست.","مواد: کره بادام‌زمینی نرم، عسل، نان سفید | کدها: peanut_butter_smooth, honey, bread_white"
"garnish_recipe_fa_2022_ed370352","pesto-sauce","سس پستو","phase-one-v0.6.1","ایتالیا","","","7","5","18","NOT_RULED","P2","P2:WEAK_GRIS_STEPS:بعضی مراحل GRIS کوتاه/کم‌جزئیات‌اند. (6/6)","مواد: ریحان تازه، سیر خام، گردو خام، پنیر پارمزان، روغن زیتون، نمک خوراکی، فلفل سیاه آسیاب‌شده | کدها: basil_fresh, garlic_raw, walnuts_raw, parmesan_cheese, olive_oil, salt_table, black_pepper_ground"
"garnish_recipe_global_143_010_8626885f","sucuklu-yumurta","سوجوک با تخم‌مرغ","global-143-v0.3","ترکیه","","","5","4","18","NOT_RULED","P2","P2:WEAK_GRIS_STEPS:بعضی مراحل GRIS کوتاه/کم‌جزئیات‌اند. (5/5)","مواد: سوجوک گوشت گاو، تخم‌مرغ کامل خام، کره بدون نمک، پرک فلفل قرمز، نان سفید | کدها: beef_sucuk_sausage, whole_egg_raw, butter_unsalted, red_pepper_flakes, bread_white"
"garnish_recipe_fa_176_60f55560","sohan-qom","سوهان قم","phase-one-v0.6.1","ایران","قم","قم","7","5","18","NOT_RULED","P2","P2:WEAK_GRIS_STEPS:بعضی مراحل GRIS کوتاه/کم‌جزئیات‌اند. (6/6)","مواد: آرد گندم سفید، شکر دانه‌ریز، کره بدون نمک، زعفران، هل آسیاب‌شده، گلاب، خلال پسته | کدها: all_purpose_flour, caster_sugar, butter_unsalted, saffron, cardamom_ground, rose_water, slivered_pistachios"
"garnish_recipe_intl_146_5a7a3b3f","syrniki","سیرنیکی","international-core-150-v0.6.0","نامشخص در داده؛ بین‌المللی","","","8","5","18","NOT_RULED","P2","P2:ORIGIN_WEAK:کشور/مبدا از داده به‌وضوح قابل استخراج نیست.","مواد: پنیر کاتیج، تخم‌مرغ کامل خام، آرد گندم سفید، شکر دانه‌ریز، کشمش، عصاره وانیل، روغن آفتابگردان، خامه ترش | کدها: cottage_cheese, whole_egg_raw, all_purpose_flour, caster_sugar, raisins, vanilla_extract, sunflower_oil, sour_cream"
"garnish_recipe_global_143_006_10cd2dcc","cantonese-siu-mai-dim-sum","سیومای کانتونی دیم‌سام","global-143-v0.3","چین","","","12","5","18","NOT_RULED","P2","P2:WEAK_GRIS_STEPS:بعضی مراحل GRIS کوتاه/کم‌جزئیات‌اند. (6/6)","مواد: گوشت چرخ‌کرده خوک خام، میگو خام، ورقه وانتون، قارچ شیتاکه خشک، پیازچه خام، زنجبیل تازه، سس سویای روشن، شراب شائوشینگ، روغن کنجد بوداده، نشاسته ذرت | کدها: ground_pork_raw, shrimp_raw, wonton_wrappers, dried_shiitake_mushrooms, scallion_raw, ginger_root_raw, light_soy_sauce, shaoxing_wine, toasted_sesame_oil, cornstarch"
"garnish_recipe_fa_1820_41034bbe","chicken-shawarma","شاورما","phase-one-v0.6.1","نامشخص در داده؛ بین‌المللی","","","19","5","16","NOT_RULED","P2","P2:ORIGIN_WEAK:کشور/مبدا از داده به‌وضوح قابل استخراج نیست.","مواد: سینه مرغ خام، پیاز خام، فلفل دلمه‌ای خام، سیر خام، ماست ساده، آبلیموی بطری، روغن زیتون، پرک فلفل قرمز، پاپریکا آسیاب‌شده، زیره سبز آسیاب‌شده | کدها: chicken_breast_raw, onion_raw, bell_pepper_raw, garlic_raw, plain_yogurt, lemon_juice_bottled, olive_oil, red_pepper_flakes, paprika_ground, cumin_ground"
"garnish_lite_fa_053_03f59ac8","mint-limeade","شربت آبلیمو و نعنا","lite-food-v0.3","نامشخص در داده؛ بین‌المللی","","","3","3","0","NOT_RULED","P2","P2:ORIGIN_WEAK:کشور/مبدا از داده به‌وضوح قابل استخراج نیست.","مواد: نعناع تازه، لیمو سبز خام، شکر دانه‌ریز | کدها: mint_fresh, lime_raw, caster_sugar"
"garnish_recipe_intl_044_2e127ee1","shakshuka","شکشوکا","international-core-150-v0.6.0","نامشخص در داده؛ بین‌المللی","","","11","5","18","NOT_RULED","P2","P2:ORIGIN_WEAK:کشور/مبدا از داده به‌وضوح قابل استخراج نیست.","مواد: تخم‌مرغ کامل خام، گوجه‌فرنگی خام، فلفل دلمه‌ای خام، پیاز خام، سیر خام، زیره سبز آسیاب‌شده، پاپریکا آسیاب‌شده، گشنیز تازه، روغن زیتون، نمک خوراکی | کدها: whole_egg_raw, tomato_raw, bell_pepper_raw, onion_raw, garlic_raw, cumin_ground, paprika_ground, cilantro_fresh, olive_oil, salt_table"
"garnish_recipe_global_143_137_6a99342c","wiener-schnitzel","شنیتسل وینی","global-143-v0.3","اتریش","","وین","6","5","18","RULE_PASS","P2","P2:WEAK_GRIS_STEPS:بعضی مراحل GRIS کوتاه/کم‌جزئیات‌اند. (6/6)","مواد: کتلت گوساله خام، آرد گندم سفید، تخم‌مرغ کامل خام، آرد سوخاری، روغن آفتابگردان، لیمو زرد خام | کدها: veal_cutlet_raw, all_purpose_flour, whole_egg_raw, breadcrumbs, sunflower_oil, lemon_raw"
"garnish_lite_fa_026_0f726e6c","cold-rice-pudding-cup-with-cinnamon","شیر برنج آماده با دارچین","lite-food-v0.3","نامشخص در داده؛ بین‌المللی","","","3","3","0","NOT_RULED","P2","P2:ORIGIN_WEAK:کشور/مبدا از داده به‌وضوح قابل استخراج نیست.","مواد: شیر برنج آماده، دارچین آسیاب‌شده، عسل | کدها: ready_rice_pudding_cup, cinnamon_ground, honey"
"garnish_lite_fa_055_dce52169","iced-honey-vanilla-milk","شیر طلایی سرد با عسل","lite-food-v0.3","نامشخص در داده؛ بین‌المللی","","","3","3","0","NOT_RULED","P2","P2:ORIGIN_WEAK:کشور/مبدا از داده به‌وضوح قابل استخراج نیست.","مواد: شیر کامل، عسل، عصاره وانیل | کدها: whole_milk, honey, vanilla_extract"
"garnish_recipe_global_143_062_f288b067","oysters-on-the-half-shell","صدف تازه روی نیم‌پوسته","global-143-v0.3","نامشخص در داده؛ بین‌المللی","","","6","5","18","NOT_RULED","P2","P2:ORIGIN_WEAK:کشور/مبدا از داده به‌وضوح قابل استخراج نیست.","مواد: صدف خوراکی خام، لیمو زرد خام، سرکه شراب قرمز، شالوت خام، فلفل سیاه آسیاب‌شده، یخ | کدها: oysters_raw, lemon_raw, red_wine_vinegar, shallot_raw, black_pepper_ground, ice_cubes"
"garnish_recipe_intl_008_df43915b","falafel","فلافل","international-core-150-v0.6.0","نامشخص در داده؛ بین‌المللی","","","11","5","18","NOT_RULED","P2","P2:ORIGIN_WEAK:کشور/مبدا از داده به‌وضوح قابل استخراج نیست.","مواد: نخود خشک، پیاز خام، سیر خام، جعفری تازه، گشنیز تازه، زیره سبز آسیاب‌شده، تخم گشنیز آسیاب‌شده، جوش شیرین، کنجد سفید، روغن آفتابگردان | کدها: chickpeas_dry, onion_raw, garlic_raw, parsley_fresh, cilantro_fresh, cumin_ground, coriander_seed_ground, baking_soda, white_sesame_seeds, sunflower_oil"
"garnish_recipe_global_143_055_f8fbb75e","blistered-padron-peppers","فلفل پادرون تاول‌زده","global-143-v0.3","اسپانیا","","","3","5","18","NOT_RULED","P2","P2:WEAK_GRIS_STEPS:بعضی مراحل GRIS کوتاه/کم‌جزئیات‌اند. (5/5)","مواد: فلفل پادرون، روغن زیتون، نمک خوراکی | کدها: padron_peppers, olive_oil, salt_table"
"garnish_recipe_global_143_095_65c4e5ac","vietnamese-beef-pho","فو گوشت ویتنامی","global-143-v0.3","نامشخص در داده؛ بین‌المللی","","","14","5","18","NOT_RULED","P2","P2:ORIGIN_WEAK:کشور/مبدا از داده به‌وضوح قابل استخراج نیست.","مواد: استخوان گاو خام، سینه گاو خام، نودل برنج خشک، پیاز خام، زنجبیل تازه، بادیان ستاره‌ای، چوب دارچین، هل سبز، میخک آسیاب‌شده، سس ماهی | کدها: beef_bones_raw, beef_brisket_raw, rice_noodles_dry, onion_raw, ginger_root_raw, star_anise, cinnamon_stick, green_cardamom_pods, cloves_ground, fish_sauce"
"garnish_recipe_global_143_011_0fce0e09","ful-medames","فول مدمس مصری","global-143-v0.3","مصر","","","10","4","18","NOT_RULED","P2","P2:WEAK_GRIS_STEPS:بعضی مراحل GRIS کوتاه/کم‌جزئیات‌اند. (4/4)","مواد: باقالی کنسروی، سیر خام، زیره سبز آسیاب‌شده، لیمو زرد خام، روغن زیتون، ارده، گوجه‌فرنگی خام، جعفری تازه، نمک خوراکی، پرک فلفل قرمز | کدها: canned_fava_beans, garlic_raw, cumin_ground, lemon_raw, olive_oil, tahini, tomato_raw, parsley_fresh, salt_table, red_pepper_flakes"
"garnish_recipe_global_143_138_ce0f10ba","swiss-cheese-fondue","فوندوی پنیر سوئیسی","global-143-v0.3","سوئیس","","","7","5","18","RULE_PASS","P2","P2:WEAK_GRIS_STEPS:بعضی مراحل GRIS کوتاه/کم‌جزئیات‌اند. (5/5)","مواد: پنیر گرویر، پنیر امنتال، شراب سفید خشک آشپزی، نشاسته ذرت، سیر خام، جوز هندی آسیاب‌شده، باگت | کدها: gruyere_cheese, emmental_cheese, dry_white_wine, cornstarch, garlic_raw, nutmeg_ground, baguette"
"garnish_recipe_global_143_035_10b9f67b","vietnamese-iced-coffee","قهوه سرد ویتنامی با شیر عسلی","global-143-v0.3","نامشخص در داده؛ بین‌المللی","","","4","4","18","NOT_RULED","P2","P2:ORIGIN_WEAK:کشور/مبدا از داده به‌وضوح قابل استخراج نیست.","مواد: قهوه آسیاب‌شده تیره، آب، شیر عسلی، یخ | کدها: coffee_ground_dark_roast, water, sweetened_condensed_milk, ice_cubes"
"garnish_recipe_global_143_025_7119c557","classic-cappuccino","کاپوچینوی کلاسیک","global-143-v0.3","نامشخص در داده؛ بین‌المللی","","","3","4","18","NOT_RULED","P2","P2:ORIGIN_WEAK:کشور/مبدا از داده به‌وضوح قابل استخراج نیست.","مواد: قهوه آسیاب‌شده تیره، آب، شیر کامل | کدها: coffee_ground_dark_roast, water, whole_milk"
"garnish_recipe_global_143_140_78d46576","turkish-karniyarik","کارنیاریک ترکی","global-143-v0.3","ترکیه","","","9","6","18","NOT_RULED","P2","P2:WEAK_GRIS_STEPS:بعضی مراحل GRIS کوتاه/کم‌جزئیات‌اند. (6/6)","مواد: بادمجان خام، گوشت چرخ‌کرده گاو خام، پیاز خام، سیر خام، گوجه‌فرنگی خام، فلفل دلمه‌ای خام، رب گوجه‌فرنگی، جعفری تازه، روغن زیتون | کدها: eggplant_raw, ground_beef_raw, onion_raw, garlic_raw, tomato_raw, bell_pepper_raw, tomato_paste, parsley_fresh, olive_oil"
"garnish_recipe_global_143_133_b9eae9ad","french-cassoulet","کاسوله فرانسوی","global-143-v0.3","فرانسه","","","9","7","18","RULE_PASS","P2","P2:WEAK_GRIS_STEPS:بعضی مراحل GRIS کوتاه/کم‌جزئیات‌اند. (7/7)","مواد: لوبیا کانلینی خشک، ران اردک خام، شانه خوک خام، سوسیس خوک خام، آب مرغ، پیاز خام، سیر خام، رب گوجه‌فرنگی، آرد سوخاری | کدها: cannellini_beans_dry, duck_leg_raw, pork_shoulder_raw, pork_sausage_raw, chicken_stock_liquid, onion_raw, garlic_raw, tomato_paste, breadcrumbs"
"garnish_lite_fa_089_7d03e966","leftover-rice-bowl-with-tuna","کاسه برنج باقی‌مانده با تن و سبزیجات","lite-food-v0.3","نامشخص در داده؛ بین‌المللی","","","5","3","0","NOT_RULED","P2","P2:ORIGIN_WEAK:کشور/مبدا از داده به‌وضوح قابل استخراج نیست.","مواد: برنج باسماتی خام، تن ماهی در آب، آبکش‌شده، خیار خام، آووکادو خام، سس سویا | کدها: basmati_rice_raw, canned_tuna_drained, cucumber_raw, avocado_raw, soy_sauce"
"garnish_lite_fa_017_eda0ea67","cottage-cheese-fruit-and-nut-bowl","کاسه پنیر کاتیج با میوه و آجیل","lite-food-v0.3","نامشخص در داده؛ بین‌المللی","","","4","3","0","NOT_RULED","P2","P2:ORIGIN_WEAK:کشور/مبدا از داده به‌وضوح قابل استخراج نیست.","مواد: پنیر کاتیج، توت‌فرنگی خام، گردو خام، عسل | کدها: cottage_cheese, strawberry_raw, walnuts_raw, honey"
"garnish_lite_fa_086_89bab8fc","tuna-and-bean-bowl","کاسه تن ماهی و لوبیا","lite-food-v0.3","نامشخص در داده؛ بین‌المللی","","","6","3","0","NOT_RULED","P2","P2:ORIGIN_WEAK:کشور/مبدا از داده به‌وضوح قابل استخراج نیست.","مواد: تن ماهی در آب، آبکش‌شده، لوبیا قرمز کنسروی آبکش‌شده، گوجه‌فرنگی خام، پیاز خام، روغن زیتون، لیمو زرد خام | کدها: canned_tuna_drained, red_kidney_beans_canned_drained, tomato_raw, onion_raw, olive_oil, lemon_raw"
"garnish_lite_fa_014_d55fff42","chia-pudding","کاسه چیا پودینگ","lite-food-v0.3","نامشخص در داده؛ بین‌المللی","","","4","3","0","NOT_RULED","P2","P2:ORIGIN_WEAK:کشور/مبدا از داده به‌وضوح قابل استخراج نیست.","مواد: دانه چیا، شیر کامل، عسل، توت‌فرنگی خام | کدها: chia_seeds, whole_milk, honey, strawberry_raw"
"garnish_lite_fa_095_315eb78a","cottage-cheese-and-tuna-bowl","کاسه کاتیج‌چیز و تن ماهی","lite-food-v0.3","نامشخص در داده؛ بین‌المللی","","","4","3","0","NOT_RULED","P2","P2:ORIGIN_WEAK:کشور/مبدا از داده به‌وضوح قابل استخراج نیست.","مواد: پنیر کاتیج، تن ماهی در آب، آبکش‌شده، خیار خام، گوجه‌فرنگی خام | کدها: cottage_cheese, canned_tuna_drained, cucumber_raw, tomato_raw"
"garnish_lite_fa_027_fe3a950f","kefir-fruit-bowl","کاسه کفیر با میوه","lite-food-v0.3","نامشخص در داده؛ بین‌المللی","","","3","3","0","NOT_RULED","P2","P2:ORIGIN_WEAK:کشور/مبدا از داده به‌وضوح قابل استخراج نیست.","مواد: کفیر ساده، توت‌فرنگی خام، گرانولای ساده | کدها: kefir_plain, strawberry_raw, granola_plain"
"garnish_lite_fa_020_131860ac","granola-bowl-with-milk","کاسه گرانولا با شیر","lite-food-v0.3","نامشخص در داده؛ بین‌المللی","","","3","3","0","NOT_RULED","P2","P2:ORIGIN_WEAK:کشور/مبدا از داده به‌وضوح قابل استخراج نیست.","مواد: گرانولای ساده، شیر کامل، کشمش | کدها: granola_plain, whole_milk, raisins"
"garnish_lite_fa_092_c4c10a13","yogurt-fruit-and-granola-lunch-bowl","کاسه ماست و گرانولا و میوه (وعده سبک)","lite-food-v0.3","نامشخص در داده؛ بین‌المللی","","","5","3","0","NOT_RULED","P2","P2:ORIGIN_WEAK:کشور/مبدا از داده به‌وضوح قابل استخراج نیست.","مواد: ماست یونانی ساده، گرانولای ساده، موز خام، گردو خام، عسل | کدها: greek_yogurt_plain, granola_plain, banana_raw, walnuts_raw, honey"
"garnish_recipe_intl_139_fb85376e","calamares","کالاماره","international-core-150-v0.6.0","اسپانیا","","","7","5","18","NOT_RULED","P2","P2:WEAK_GRIS_STEPS:بعضی مراحل GRIS کوتاه/کم‌جزئیات‌اند. (6/6)","مواد: ماهی مرکب خام، آرد گندم سفید، لیمو زرد خام، جعفری تازه، روغن آفتابگردان، نمک خوراکی، فلفل سیاه آسیاب‌شده | کدها: squid_raw, all_purpose_flour, lemon_raw, parsley_fresh, sunflower_oil, salt_table, black_pepper_ground"
"garnish_recipe_intl_102_44ec3a0b","caldo-verde","کالدو ورده","international-core-150-v0.6.0","نامشخص در داده؛ بین‌المللی","","","8","5","18","NOT_RULED","P2","P2:ORIGIN_WEAK:کشور/مبدا از داده به‌وضوح قابل استخراج نیست.","مواد: سیب‌زمینی خام، کِیل خام، پیاز خام، سیر خام، آب سبزیجات، روغن زیتون، نمک خوراکی، فلفل سیاه آسیاب‌شده | کدها: potato_raw, kale_raw, onion_raw, garlic_raw, vegetable_stock_liquid, olive_oil, salt_table, black_pepper_ground"
"garnish_recipe_global_143_073_99c342ec","sicilian-ricotta-cannoli","کانولی ریکوتای سیسیلی","global-143-v0.3","نامشخص در داده؛ بین‌المللی","","","12","6","18","NOT_RULED","P2","P2:ORIGIN_WEAK:کشور/مبدا از داده به‌وضوح قابل استخراج نیست.","مواد: آرد گندم سفید، شکر دانه‌ریز، پودر کاکائو بدون شکر، کره بدون نمک، تخم‌مرغ کامل خام، شراب مارسالا، روغن کانولا، پنیر ریکوتا، پودر قند، پوست پرتقال شکری | کدها: all_purpose_flour, caster_sugar, cocoa_powder_unsweetened, butter_unsalted, whole_egg_raw, marsala_wine, canola_oil, ricotta_cheese, powdered_sugar, candied_orange_peel"
"garnish_recipe_global_143_009_6df91ec8","turkish-kaymak-honey","کایماک و عسل ترکی","global-143-v0.3","ترکیه","","","4","3","18","NOT_RULED","P2","P2:WEAK_GRIS_STEPS:بعضی مراحل GRIS کوتاه/کم‌جزئیات‌اند. (4/4)","مواد: کایماک ترکی، عسل، نان سفید، گردو خام | کدها: turkish_kaymak, honey, bread_white, walnuts_raw"
"garnish_recipe_fa_86_ffcd0713","kabab-bonab","کباب بناب","phase-one-v0.6.1","ایران","آذربایجان شرقی","تبریز","6","6","18","NOT_RULED","P2","P2:WEAK_GRIS_STEPS:بعضی مراحل GRIS کوتاه/کم‌جزئیات‌اند. (6/6)","مواد: گوشت چرخ‌کرده گوسفند خام، پیاز خام، نمک خوراکی، فلفل سیاه آسیاب‌شده، سماق آسیاب‌شده، ریحان تازه | کدها: ground_lamb_raw, onion_raw, salt_table, black_pepper_ground, sumac_ground, basil_fresh"
"garnish_recipe_intl_105_f093f056","kibbeh","کبه","international-core-150-v0.6.0","نامشخص در داده؛ بین‌المللی","","","9","5","18","NOT_RULED","P2","P2:ORIGIN_WEAK:کشور/مبدا از داده به‌وضوح قابل استخراج نیست.","مواد: بلغور گندم خشک، گوشت چرخ‌کرده گوسفند خام، پیاز خام، ادویه آل‌اسپایس آسیاب‌شده، دارچین آسیاب‌شده، زیره سبز آسیاب‌شده، روغن زیتون، نمک خوراکی، فلفل سیاه آسیاب‌شده | کدها: bulgur_dry, ground_lamb_raw, onion_raw, allspice_ground, cinnamon_ground, cumin_ground, olive_oil, salt_table, black_pepper_ground"
"garnish_lite_fa_030_0341963d","crackers-with-cream-cheese-and-pepper-jelly","کراکر با پنیر خامه‌ای و مربا فلفل","lite-food-v0.3","نامشخص در داده؛ بین‌المللی","","","4","3","0","NOT_RULED","P2","P2:ORIGIN_WEAK:کشور/مبدا از داده به‌وضوح قابل استخراج نیست.","مواد: کراکر ساده، پنیر خامه‌ای، مربای توت‌فرنگی، پرک فلفل قرمز | کدها: crackers_plain, cream_cheese, strawberry_jam, red_pepper_flakes"
"garnish_recipe_intl_113_e0e7753e","crepes","کرپ","international-core-150-v0.6.0","فرانسه","","","7","5","18","NOT_RULED","P2","P2:WEAK_GRIS_STEPS:بعضی مراحل GRIS کوتاه/کم‌جزئیات‌اند. (7/7)","مواد: آرد گندم سفید، تخم‌مرغ کامل خام، شیر کامل، کره بدون نمک، شکر دانه‌ریز، لیمو زرد خام، نمک خوراکی | کدها: all_purpose_flour, whole_egg_raw, whole_milk, butter_unsalted, caster_sugar, lemon_raw, salt_table"
"garnish_recipe_global_143_090_6c4df1b6","crepes-suzette-orange-butter","کرپ سوزت با سس پرتقالی","global-143-v0.3","فرانسه","","","8","4","18","NOT_RULED","P2","P2:WEAK_GRIS_STEPS:بعضی مراحل GRIS کوتاه/کم‌جزئیات‌اند. (6/6)","مواد: آرد گندم سفید، شیر کامل، تخم‌مرغ کامل خام، کره بدون نمک، آب پرتقال، رنده پوست پرتقال، شکر دانه‌ریز، لیمو زرد خام | کدها: all_purpose_flour, whole_milk, whole_egg_raw, butter_unsalted, orange_juice, orange_zest, caster_sugar, lemon_raw"
"garnish_recipe_intl_053_54c002d0","creme-brulee","کرم بروله","international-core-150-v0.6.0","فرانسه","","","6","5","18","NOT_RULED","P2","P2:WEAK_GRIS_STEPS:بعضی مراحل GRIS کوتاه/کم‌جزئیات‌اند. (6/6)","مواد: خامه پرچرب، زرده تخم‌مرغ خام، شکر دانه‌ریز، شکر دانه‌ریز، عصاره وانیل، نمک خوراکی | کدها: heavy_cream, egg_yolk_raw, caster_sugar, caster_sugar, vanilla_extract, salt_table"
"garnish_recipe_global_143_001_758db93a","classic-bakers-croissant","کروسان کلاسیک لایه‌ای","global-143-v0.3","فرانسه/اتریش","","","8","8","17","RULE_PASS","P2","P2:WEAK_GRIS_INGREDIENTS:مواد GRIS نقش/نکته خرید/گروه کامل ندارند. (8/8)","مواد: آرد نان، شیر کامل، خمیرمایه خشک فعال، شکر دانه‌ریز، نمک خوراکی، کره بدون نمک، تخم‌مرغ کامل خام، شیر کامل | کدها: bread_flour, whole_milk, active_dry_yeast, caster_sugar, salt_table, butter_unsalted, whole_egg_raw, whole_milk"
"garnish_recipe_global_143_056_c9972b5b","spanish-ham-croquetas","کروکتای ژامبون اسپانیایی","global-143-v0.3","اسپانیا","","","10","5","18","NOT_RULED","P2","P2:WEAK_GRIS_STEPS:بعضی مراحل GRIS کوتاه/کم‌جزئیات‌اند. (7/7)","مواد: ژامبون خشک اسپانیایی، کره بدون نمک، روغن زیتون، آرد گندم سفید، شیر کامل، جوز هندی آسیاب‌شده، فلفل سفید آسیاب‌شده، تخم‌مرغ کامل خام، آرد سوخاری، روغن کانولا | کدها: serrano_ham, butter_unsalted, olive_oil, all_purpose_flour, whole_milk, nutmeg_ground, white_pepper_ground, whole_egg_raw, breadcrumbs, canola_oil"
"garnish_lite_fa_049_91d7f7f4","peanut-butter-crackers","کره بادام‌زمینی روی کراکر","lite-food-v0.3","نامشخص در داده؛ بین‌المللی","","","2","3","0","NOT_RULED","P2","P2:ORIGIN_WEAK:کشور/مبدا از داده به‌وضوح قابل استخراج نیست.","مواد: کره بادام‌زمینی نرم، کراکر ساده | کدها: peanut_butter_smooth, crackers_plain"
"garnish_recipe_global_143_113_dcc8b929","egyptian-koshari","کشری مصری","global-143-v0.3","مصر","","","12","5","18","NOT_RULED","P2","P2:WEAK_GRIS_STEPS:بعضی مراحل GRIS کوتاه/کم‌جزئیات‌اند. (6/6)","مواد: برنج سفید خام، عدس قهوه‌ای خشک، ماکارونی خشک، نخود کنسروی آبکش‌شده، پیاز خام، گوجه له‌شده کنسروی، سیر خام، سرکه سفید، زیره سبز آسیاب‌شده، پرک فلفل قرمز | کدها: white_rice_raw, brown_lentils_dry, macaroni_dry, chickpeas_canned_drained, onion_raw, canned_crushed_tomatoes, garlic_raw, white_vinegar, cumin_ground, red_pepper_flakes"
"garnish_recipe_global_143_139_91cb38b4","greek-kleftiko-lamb","کلفتیکوی یونانی","global-143-v0.3","یونان","","","7","6","18","NOT_RULED","P2","P2:WEAK_GRIS_STEPS:بعضی مراحل GRIS کوتاه/کم‌جزئیات‌اند. (6/6)","مواد: سردست گوسفند خام، سیب‌زمینی خام، لیمو زرد خام، سیر خام، پونه کوهی خشک، روغن زیتون، پنیر فتا | کدها: lamb_shoulder_raw, potato_raw, lemon_raw, garlic_raw, oregano_dried, olive_oil, feta_cheese"
"garnish_recipe_intl_125_19f26215","scallion-pancakes","کلوچهٔ پیازچه","international-core-150-v0.6.0","چین","","","6","5","18","NOT_RULED","P2","P2:WEAK_GRIS_STEPS:بعضی مراحل GRIS کوتاه/کم‌جزئیات‌اند. (6/6)","مواد: آرد گندم سفید، پیازچه خام، روغن کنجد، دانه کنجد، روغن آفتابگردان، نمک خوراکی | کدها: all_purpose_flour, scallion_raw, sesame_oil, sesame_seeds, sunflower_oil, salt_table"
"garnish_recipe_global_143_005_6deeb347","chinese-breakfast-congee","کنجی صبحانه چینی","global-143-v0.3","چین","","","7","4","18","NOT_RULED","P2","P2:WEAK_GRIS_STEPS:بعضی مراحل GRIS کوتاه/کم‌جزئیات‌اند. (5/5)","مواد: برنج دانه‌کوتاه خام، آب مرغ، زنجبیل تازه، نمک خوراکی، فلفل سفید آسیاب‌شده، پیازچه خام، روغن کنجد بوداده | کدها: short_grain_rice_raw, chicken_stock_liquid, ginger_root_raw, salt_table, white_pepper_ground, scallion_raw, toasted_sesame_oil"
"garnish_recipe_intl_038_16764713","swedish-meatballs","کوفته سوئدی","international-core-150-v0.6.0","نامشخص در داده؛ بین‌المللی","","","12","5","16","NOT_RULED","P2","P2:ORIGIN_WEAK:کشور/مبدا از داده به‌وضوح قابل استخراج نیست.","مواد: گوشت چرخ‌کرده گاو خام، آرد سوخاری، شیر کامل، تخم‌مرغ کامل خام، پیاز خام، کره بدون نمک، آرد گندم سفید، آب گوشت گاو، خامه پرچرب، ادویه آل‌اسپایس آسیاب‌شده | کدها: ground_beef_raw, breadcrumbs, whole_milk, whole_egg_raw, onion_raw, butter_unsalted, all_purpose_flour, beef_stock_liquid, heavy_cream, allspice_ground"
"garnish_recipe_global_143_131_e8f2c6f0","coq-au-vin","کوک او ون فرانسوی","global-143-v0.3","فرانسه","","","10","6","18","RULE_PASS","P2","P2:WEAK_GRIS_STEPS:بعضی مراحل GRIS کوتاه/کم‌جزئیات‌اند. (6/6)","مواد: ران مرغ خام، بیکن خام، شراب قرمز خشک آشپزی، قارچ دکمه‌ای خام، هویج خام، پیاز خام، سیر خام، آب مرغ، آویشن خشک، برگ بو خشک | کدها: chicken_thigh_raw, bacon_raw, dry_red_wine, button_mushroom_raw, carrot_raw, onion_raw, garlic_raw, chicken_stock_liquid, thyme_dried, bay_leaf_dried"
"garnish_recipe_intl_120_ae775732","koenigsberger-klopse","کونیگسبرگر کلوپسه","international-core-150-v0.6.0","آلمان","","","12","5","18","NOT_RULED","P2","P2:WEAK_GRIS_STEPS:بعضی مراحل GRIS کوتاه/کم‌جزئیات‌اند. (8/8)","مواد: گوشت چرخ‌کرده گاو خام، آرد سوخاری، تخم‌مرغ کامل خام، پیاز خام، کاپاریس، خامه پرچرب، آرد گندم سفید، کره بدون نمک، لیمو زرد خام، برگ بو خشک | کدها: ground_beef_raw, breadcrumbs, whole_egg_raw, onion_raw, capers, heavy_cream, all_purpose_flour, butter_unsalted, lemon_raw, bay_leaf_dried"
"garnish_recipe_intl_090_07e88d0b","black-forest-cake","کیک جنگل سیاه","international-core-150-v0.6.0","آلمان","","","11","5","18","NOT_RULED","P2","P2:WEAK_GRIS_STEPS:بعضی مراحل GRIS کوتاه/کم‌جزئیات‌اند. (6/6)","مواد: آرد گندم سفید، پودر کاکائو بدون شکر، تخم‌مرغ کامل خام، شکر دانه‌ریز، کره بدون نمک، گیلاس خام، خامه پرچرب، چیپس شکلات تلخ، بکینگ پودر، پودر قند | کدها: all_purpose_flour, cocoa_powder_unsweetened, whole_egg_raw, caster_sugar, butter_unsalted, cherry_raw, heavy_cream, dark_chocolate_chips, baking_powder, powdered_sugar"
"garnish_recipe_intl_133_db15257e","victoria-sponge","کیک ویکتوریا","international-core-150-v0.6.0","بریتانیا","","","9","5","18","NOT_RULED","P2","P2:WEAK_GRIS_STEPS:بعضی مراحل GRIS کوتاه/کم‌جزئیات‌اند. (6/6)","مواد: آرد گندم سفید، کره بدون نمک، شکر دانه‌ریز، تخم‌مرغ کامل خام، مربای توت‌فرنگی، خامه پرچرب، بکینگ پودر، عصاره وانیل، پودر قند | کدها: all_purpose_flour, butter_unsalted, caster_sugar, whole_egg_raw, strawberry_jam, heavy_cream, baking_powder, vanilla_extract, powdered_sugar"
"garnish_recipe_intl_023_bc7c6f90","gazpacho","گازپاچو","international-core-150-v0.6.0","اسپانیا","","","8","5","18","NOT_RULED","P2","P2:WEAK_GRIS_STEPS:بعضی مراحل GRIS کوتاه/کم‌جزئیات‌اند. (5/5)","مواد: گوجه‌فرنگی خام، خیار خام، فلفل دلمه‌ای خام، سیر خام، باگت، روغن زیتون، سرکه شراب قرمز، نمک خوراکی | کدها: tomato_raw, cucumber_raw, bell_pepper_raw, garlic_raw, baguette, olive_oil, red_wine_vinegar, salt_table"
"garnish_recipe_intl_143_7a372ddf","galaktoboureko","گالاکتوبوریکو","international-core-150-v0.6.0","یونان","","","8","5","18","NOT_RULED","P2","P2:WEAK_GRIS_STEPS:بعضی مراحل GRIS کوتاه/کم‌جزئیات‌اند. (6/6)","مواد: خمیر فیلو، سمولینا، شیر کامل، تخم‌مرغ کامل خام، شکر دانه‌ریز، کره بدون نمک، لیمو زرد خام، عصاره وانیل | کدها: phyllo_dough, semolina, whole_milk, whole_egg_raw, caster_sugar, butter_unsalted, lemon_raw, vanilla_extract"
"garnish_recipe_global_143_126_038964de","louisiana-chicken-shrimp-gumbo","گامبوی مرغ و میگو","global-143-v0.3","آمریکا","","لوئیزیانا","11","7","18","RULE_PASS","P2","P2:WEAK_GRIS_STEPS:بعضی مراحل GRIS کوتاه/کم‌جزئیات‌اند. (7/7)","مواد: ران مرغ خام، میگو خام، سوسیس اندویی، آرد گندم سفید، روغن آفتابگردان، پیاز خام، کرفس خام، فلفل دلمه‌ای خام، بامیه خام، آب مرغ | کدها: chicken_thigh_raw, shrimp_raw, andouille_sausage, all_purpose_flour, sunflower_oil, onion_raw, celery_raw, bell_pepper_raw, okra_raw, chicken_stock_liquid"
"garnish_recipe_intl_054_7d3ead5b","gratin-dauphinois","گراتن دوفینوآ","international-core-150-v0.6.0","فرانسه","","","9","5","18","NOT_RULED","P2","P2:WEAK_GRIS_STEPS:بعضی مراحل GRIS کوتاه/کم‌جزئیات‌اند. (6/6)","مواد: سیب‌زمینی خام، خامه پرچرب، شیر کامل، پنیر گرویر، سیر خام، جوز هندی آسیاب‌شده، کره بدون نمک، نمک خوراکی، فلفل سیاه آسیاب‌شده | کدها: potato_raw, heavy_cream, whole_milk, gruyere_cheese, garlic_raw, nutmeg_ground, butter_unsalted, salt_table, black_pepper_ground"
"garnish_recipe_fa_175_51f87cb3","gaz-isfahan","گز اصفهان","phase-one-v0.6.1","ایران","اصفهان","اصفهان","6","5","18","NOT_RULED","P2","P2:WEAK_GRIS_STEPS:بعضی مراحل GRIS کوتاه/کم‌جزئیات‌اند. (6/6)","مواد: شکر دانه‌ریز، تخم‌مرغ کامل خام، گلاب، خلال پسته، خلال بادام، کره بدون نمک | کدها: caster_sugar, whole_egg_raw, rose_water, slivered_pistachios, slivered_almonds, butter_unsalted"
"garnish_recipe_intl_129_382f9727","gozleme","گوزلمه","international-core-150-v0.6.0","ترکیه","","","6","5","18","NOT_RULED","P2","P2:WEAK_GRIS_STEPS:بعضی مراحل GRIS کوتاه/کم‌جزئیات‌اند. (6/6)","مواد: آرد گندم سفید، اسفناج خام، پنیر فتا، پیاز خام، روغن زیتون، نمک خوراکی | کدها: all_purpose_flour, spinach_raw, feta_cheese, onion_raw, olive_oil, salt_table"
"garnish_recipe_intl_104_f1da6144","beef-and-broccoli","گوشت و بروکلی","international-core-150-v0.6.0","چین","","","10","5","18","NOT_RULED","P2","P2:WEAK_GRIS_STEPS:بعضی مراحل GRIS کوتاه/کم‌جزئیات‌اند. (6/6)","مواد: راسته گاو خام، بروکلی خام، سس سویا، سس صدف، خمیر زنجبیل، سیر خام، نشاسته ذرت، روغن آفتابگردان، شکر دانه‌ریز، فلفل سیاه آسیاب‌شده | کدها: beef_sirloin_raw, broccoli_raw, soy_sauce, oyster_sauce, ginger_paste, garlic_raw, cornstarch, sunflower_oil, caster_sugar, black_pepper_ground"
"garnish_recipe_intl_016_a22d4b1d","gyudon","گیودون (کاسه گوشت و برنج)","international-core-150-v0.6.0","ژاپن","","","10","5","18","NOT_RULED","P2","P2:WEAK_GRIS_STEPS:بعضی مراحل GRIS کوتاه/کم‌جزئیات‌اند. (6/6)","مواد: راسته گاو خام، پیاز خام، برنج سفید خام، سس سویا، میرین، پودر داشی، شکر دانه‌ریز، زنجبیل تازه، پیازچه خام، زنجبیل ترشی | کدها: beef_sirloin_raw, onion_raw, white_rice_raw, soy_sauce, mirin, dashi_powder, caster_sugar, ginger_root_raw, scallion_raw, pickled_ginger"
"garnish_recipe_global_143_040_dcfd7c46","pan-fried-pork-gyoza","گیوزای خوک و کلم","global-143-v0.3","ژاپن","","","11","5","18","NOT_RULED","P2","P2:WEAK_GRIS_STEPS:بعضی مراحل GRIS کوتاه/کم‌جزئیات‌اند. (6/6)","مواد: ورق گیوزا، گوشت چرخ‌کرده خوک خام، کلم چینی خام، نمک خوراکی، پیازچه خام، سیر خام، زنجبیل تازه، سس سویا، روغن کنجد بوداده، سرکه برنج | کدها: gyoza_wrappers, ground_pork_raw, napa_cabbage_raw, salt_table, scallion_raw, garlic_raw, ginger_root_raw, soy_sauce, toasted_sesame_oil, rice_vinegar"
"garnish_recipe_intl_082_7d443f56","larb-gai","لارب مرغ","international-core-150-v0.6.0","تایلند","","","10","5","18","NOT_RULED","P2","P2:WEAK_GRIS_STEPS:بعضی مراحل GRIS کوتاه/کم‌جزئیات‌اند. (5/5)","مواد: ران مرغ خام، سس ماهی، لیمو سبز خام، شالوت خام، پیازچه خام، گشنیز تازه، نعناع خشک، برنج سفید خام، پرک فلفل قرمز، شکر نخل | کدها: chicken_thigh_raw, fish_sauce, lime_raw, shallot_raw, scallion_raw, cilantro_fresh, dried_mint, white_rice_raw, red_pepper_flakes, palm_sugar"
"garnish_recipe_global_143_109_3275e597","coconut-laksa-noodle-soup","لاکسا نارگیلی","global-143-v0.3","نامشخص در داده؛ بین‌المللی","","","11","5","18","NOT_RULED","P2","P2:ORIGIN_WEAK:کشور/مبدا از داده به‌وضوح قابل استخراج نیست.","مواد: نودل برنج خشک، خمیر لاکسا، شیر نارگیل کنسروی، آب مرغ، میگو خام، سس ماهی، شکر نخل، لیمو سبز خام، جوانه لوبیا خام، گشنیز تازه | کدها: rice_noodles_dry, laksa_paste, coconut_milk_canned, chicken_stock_liquid, shrimp_raw, fish_sauce, palm_sugar, lime_raw, bean_sprouts_raw, cilantro_fresh"
"garnish_recipe_fa_193_35a54c20","lavangi-morgh-talesh","لاوانگی مرغ تالش","phase-one-v0.6.1","ایران","گیلان","","10","5","18","NOT_RULED","P2","P2:WEAK_GRIS_STEPS:بعضی مراحل GRIS کوتاه/کم‌جزئیات‌اند. (5/5)","مواد: ران مرغ خام، گردو خام، رب انار، پیاز خام، سیر خام، نعناع خشک، زردچوبه آسیاب‌شده، روغن آفتابگردان، نمک خوراکی، فلفل سیاه آسیاب‌شده | کدها: chicken_thigh_raw, walnuts_raw, pomegranate_molasses, onion_raw, garlic_raw, dried_mint, turmeric_ground, sunflower_oil, salt_table, black_pepper_ground"
"garnish_recipe_intl_045_88dbb554","lahmacun","لاهماجون","international-core-150-v0.6.0","ترکیه","","","11","5","18","NOT_RULED","P2","P2:WEAK_GRIS_STEPS:بعضی مراحل GRIS کوتاه/کم‌جزئیات‌اند. (5/5)","مواد: آرد نان، خمیرمایه خشک فعال، گوشت چرخ‌کرده گوسفند خام، پیاز خام، گوجه‌فرنگی خام، رب فلفل قرمز، جعفری تازه، زیره سبز آسیاب‌شده، پاپریکا آسیاب‌شده، روغن زیتون | کدها: bread_flour, active_dry_yeast, ground_lamb_raw, onion_raw, tomato_raw, red_pepper_paste, parsley_fresh, cumin_ground, paprika_ground, olive_oil"
"garnish_recipe_global_143_048_2f232e7c","filipino-lumpia-shanghai","لومپیای فیلیپینی","global-143-v0.3","فیلیپین","","","10","5","18","NOT_RULED","P2","P2:WEAK_GRIS_STEPS:بعضی مراحل GRIS کوتاه/کم‌جزئیات‌اند. (6/6)","مواد: ورق لومپیا، گوشت چرخ‌کرده خوک خام، هویج خام، پیاز خام، سیر خام، تخم‌مرغ کامل خام، سس سویا، فلفل سیاه آسیاب‌شده، نمک خوراکی، روغن کانولا | کدها: lumpia_wrappers, ground_pork_raw, carrot_raw, onion_raw, garlic_raw, whole_egg_raw, soy_sauce, black_pepper_ground, salt_table, canola_oil"
"garnish_lite_fa_063_ac0a3894","classic-lemonade","لیموناد کلاسیک","lite-food-v0.3","نامشخص در داده؛ بین‌المللی","","","2","3","0","NOT_RULED","P2","P2:ORIGIN_WEAK:کشور/مبدا از داده به‌وضوح قابل استخراج نیست.","مواد: لیمو زرد خام، شکر دانه‌ریز | کدها: lemon_raw, caster_sugar"
"garnish_recipe_global_143_030_4f8b9a24","mint-limonana","لیمونانای نعناع","global-143-v0.3","نامشخص در داده؛ بین‌المللی","","","5","4","18","NOT_RULED","P2","P2:ORIGIN_WEAK:کشور/مبدا از داده به‌وضوح قابل استخراج نیست.","مواد: لیمو زرد خام، نعناع تازه، شکر دانه‌ریز، آب، یخ | کدها: lemon_raw, mint_fresh, caster_sugar, water, ice_cubes"
"garnish_recipe_intl_073_b02d8fd5","mapo-tofu","ماپو توفو","international-core-150-v0.6.0","چین","","","11","5","18","NOT_RULED","P2","P2:WEAK_GRIS_STEPS:بعضی مراحل GRIS کوتاه/کم‌جزئیات‌اند. (5/5)","مواد: توفوی سفت، گوشت چرخ‌کرده گاو خام، دوبان‌جیانگ، دانه فلفل سیچوان، سس سویا، خمیر زنجبیل، سیر خام، پیازچه خام، نشاسته ذرت، روغن آفتابگردان | کدها: tofu_firm, ground_beef_raw, doubanjiang, sichuan_peppercorns, soy_sauce, ginger_paste, garlic_raw, scallion_raw, cornstarch, sunflower_oil"
"garnish_recipe_global_143_026_e631bbb6","warm-matcha-latte","ماچا لاته گرم","global-143-v0.3","نامشخص در داده؛ بین‌المللی","","","4","4","18","NOT_RULED","P2","P2:ORIGIN_WEAK:کشور/مبدا از داده به‌وضوح قابل استخراج نیست.","مواد: پودر ماچا، آب، شیر کامل، شکر دانه‌ریز | کدها: matcha_powder, water, whole_milk, caster_sugar"
"garnish_recipe_intl_135_6e8e303d","madeleines","مادلن","international-core-150-v0.6.0","فرانسه","","","8","5","18","NOT_RULED","P2","P2:WEAK_GRIS_STEPS:بعضی مراحل GRIS کوتاه/کم‌جزئیات‌اند. (5/5)","مواد: آرد گندم سفید، تخم‌مرغ کامل خام، کره بدون نمک، شکر دانه‌ریز، لیمو زرد خام، بکینگ پودر، عصاره وانیل، پودر قند | کدها: all_purpose_flour, whole_egg_raw, butter_unsalted, caster_sugar, lemon_raw, baking_powder, vanilla_extract, powdered_sugar"
"garnish_lite_fa_015_d850a87c","yogurt-with-peanut-butter-and-banana","ماست با کره بادام‌زمینی و موز","lite-food-v0.3","نامشخص در داده؛ بین‌المللی","","","4","3","0","NOT_RULED","P2","P2:ORIGIN_WEAK:کشور/مبدا از داده به‌وضوح قابل استخراج نیست.","مواد: ماست ساده، کره بادام‌زمینی نرم، موز خام، عسل | کدها: plain_yogurt, peanut_butter_smooth, banana_raw, honey"
"garnish_recipe_global_143_064_71576bec","french-vanilla-macarons","ماکارون وانیلی فرانسوی","global-143-v0.3","فرانسه","","","9","6","18","NOT_RULED","P2","P2:WEAK_GRIS_STEPS:بعضی مراحل GRIS کوتاه/کم‌جزئیات‌اند. (7/7)","مواد: آرد بادام، پودر قند، سفیده تخم‌مرغ خام، شکر دانه‌ریز، کرم تارتار، کره بدون نمک، پودر قند، عصاره وانیل، شیر کامل | کدها: almond_flour, powdered_sugar, egg_white_raw, caster_sugar, cream_of_tartar, butter_unsalted, powdered_sugar, vanilla_extract, whole_milk"
"garnish_recipe_intl_013_4bcde1bc","manti","مانتی ترکی","international-core-150-v0.6.0","چین","","","10","5","18","NOT_RULED","P2","P2:WEAK_GRIS_STEPS:بعضی مراحل GRIS کوتاه/کم‌جزئیات‌اند. (5/5)","مواد: ورق دامپلینگ، گوشت چرخ‌کرده گاو خام، پیاز خام، ماست یونانی ساده، سیر خام، کره بدون نمک، رب فلفل ترکی، نعناع خشک، سماق آسیاب‌شده، نمک خوراکی | کدها: dumpling_wrappers, ground_beef_raw, onion_raw, greek_yogurt_plain, garlic_raw, butter_unsalted, turkish_pepper_paste, dried_mint, sumac_ground, salt_table"
"garnish_recipe_global_143_080_f488debf","thai-mango-sticky-rice","مانگو استیکی رایس","global-143-v0.3","تایلند","","","7","6","18","NOT_RULED","P2","P2:WEAK_GRIS_STEPS:بعضی مراحل GRIS کوتاه/کم‌جزئیات‌اند. (6/6)","مواد: برنج چسبناک خام، شیر نارگیل کنسروی، شکر دانه‌ریز، نمک خوراکی، انبه خام، کنجد سفید، نشاسته ذرت | کدها: glutinous_rice_raw, coconut_milk_canned, caster_sugar, salt_table, mango_raw, white_sesame_seeds, cornstarch"
"garnish_recipe_intl_130_95dea58b","mercimek-koftesi","مرجیمک کوفته‌سی","international-core-150-v0.6.0","ترکیه","","","10","5","18","NOT_RULED","P2","P2:WEAK_GRIS_STEPS:بعضی مراحل GRIS کوتاه/کم‌جزئیات‌اند. (5/5)","مواد: عدس قرمز خشک، بلغور گندم خشک، پیاز خام، رب گوجه‌فرنگی، پیازچه خام، جعفری تازه، زیره سبز آسیاب‌شده، روغن زیتون، لیمو زرد خام، نمک خوراکی | کدها: red_lentils_dry, bulgur_dry, onion_raw, tomato_paste, scallion_raw, parsley_fresh, cumin_ground, olive_oil, lemon_raw, salt_table"
"garnish_recipe_intl_041_cd57d47e","sweet-and-sour-chicken","مرغ ترش و شیرین","international-core-150-v0.6.0","چین","","","12","5","18","NOT_RULED","P2","P2:WEAK_GRIS_STEPS:بعضی مراحل GRIS کوتاه/کم‌جزئیات‌اند. (5/5)","مواد: سینه مرغ خام، نشاسته ذرت، آرد گندم سفید، تخم‌مرغ کامل خام، آناناس خام، فلفل دلمه‌ای خام، پیاز خام، سرکه برنج، کچاپ، شکر دانه‌ریز | کدها: chicken_breast_raw, cornstarch, all_purpose_flour, whole_egg_raw, pineapple_raw, bell_pepper_raw, onion_raw, rice_vinegar, ketchup, caster_sugar"
"garnish_recipe_intl_015_bd5b6369","chicken-teriyaki","مرغ تریاکی","international-core-150-v0.6.0","ژاپن","","","8","5","18","NOT_RULED","P2","P2:WEAK_GRIS_STEPS:بعضی مراحل GRIS کوتاه/کم‌جزئیات‌اند. (5/5)","مواد: ران مرغ خام، سس سویا، میرین، شکر دانه‌ریز، زنجبیل تازه، روغن آفتابگردان، کنجد سفید، پیازچه خام | کدها: chicken_thigh_raw, soy_sauce, mirin, caster_sugar, ginger_root_raw, sunflower_oil, white_sesame_seeds, scallion_raw"
"garnish_recipe_global_143_103_bc22d718","chicken-tikka-masala","مرغ تیکا ماسالا","global-143-v0.3","هند","","","13","5","18","NOT_RULED","P2","P2:WEAK_GRIS_STEPS:بعضی مراحل GRIS کوتاه/کم‌جزئیات‌اند. (7/7)","مواد: سینه مرغ خام، ماست ساده، ادویه تندوری، گرام ماسالا، فلفل کاین آسیاب‌شده، خمیر زنجبیل، خمیر سیر، پیاز خام، پاساتای گوجه‌فرنگی، خامه پرچرب | کدها: chicken_breast_raw, plain_yogurt, tandoori_masala, garam_masala, cayenne_pepper_ground, ginger_paste, garlic_paste, onion_raw, tomato_passata, heavy_cream"
"garnish_recipe_intl_093_1d61d86b","pollo-alla-cacciatora","مرغ کاچیاتورا","international-core-150-v0.6.0","ایتالیا","","","12","5","18","NOT_RULED","P2","P2:WEAK_GRIS_STEPS:بعضی مراحل GRIS کوتاه/کم‌جزئیات‌اند. (5/5)","مواد: ران مرغ خام، پاساتای گوجه‌فرنگی، فلفل دلمه‌ای خام، قارچ دکمه‌ای خام، پیاز خام، سیر خام، زیتون سیاه، پونه کوهی خشک، برگ بو خشک، روغن زیتون | کدها: chicken_thigh_raw, tomato_passata, bell_pepper_raw, button_mushroom_raw, onion_raw, garlic_raw, olive_black, oregano_dried, bay_leaf_dried, olive_oil"
"garnish_recipe_global_143_101_f007a227","murgh-makhani-butter-chicken","مرغ کره‌ای هندی","global-143-v0.3","کره جنوبی","","","14","5","18","NOT_RULED","P2","P2:WEAK_GRIS_STEPS:بعضی مراحل GRIS کوتاه/کم‌جزئیات‌اند. (5/5)","مواد: ران مرغ خام، ماست ساده، گرام ماسالا، ادویه تندوری، زردچوبه آسیاب‌شده، خمیر زنجبیل، خمیر سیر، پاساتای گوجه‌فرنگی، رب گوجه‌فرنگی، کره بدون نمک | کدها: chicken_thigh_raw, plain_yogurt, garam_masala, tandoori_masala, turmeric_ground, ginger_paste, garlic_paste, tomato_passata, tomato_paste, butter_unsalted"
"garnish_recipe_intl_006_0abe82db","kung-pao-chicken","مرغ کونگ پائو","international-core-150-v0.6.0","چین","","","13","5","18","NOT_RULED","P2","P2:WEAK_GRIS_STEPS:بعضی مراحل GRIS کوتاه/کم‌جزئیات‌اند. (5/5)","مواد: سینه مرغ خام، بادام‌زمینی بوداده بی‌نمک، پیازچه خام، سیر خام، زنجبیل تازه، پرک فلفل قرمز، دانه فلفل سیچوان، سس سویا، سرکه برنج، شکر دانه‌ریز | کدها: chicken_breast_raw, roasted_peanuts_unsalted, scallion_raw, garlic_raw, ginger_root_raw, red_pepper_flakes, sichuan_peppercorns, soy_sauce, rice_vinegar, caster_sugar"
"garnish_recipe_fa_124_c0616f8d","morgh-nardooni","مرغ ناردونی","phase-one-v0.6.1","ایران","گیلان","","10","6","18","NOT_RULED","P2","P2:WEAK_GRIS_STEPS:بعضی مراحل GRIS کوتاه/کم‌جزئیات‌اند. (5/5)","مواد: ران مرغ خام، پیاز خام، رب انار، گردو خام، سیر خام، زردچوبه آسیاب‌شده، روغن آفتابگردان، دانه انار خام، نمک خوراکی، فلفل سیاه آسیاب‌شده | کدها: chicken_thigh_raw, onion_raw, pomegranate_molasses, walnuts_raw, garlic_raw, turmeric_ground, sunflower_oil, pomegranate_raw, salt_table, black_pepper_ground"
"garnish_recipe_intl_126_dc234f18","hainanese-chicken-rice","مرغ و برنج هایننی","international-core-150-v0.6.0","چین","","","10","5","18","NOT_RULED","P2","P2:WEAK_GRIS_STEPS:بعضی مراحل GRIS کوتاه/کم‌جزئیات‌اند. (5/5)","مواد: ران مرغ خام، برنج سفید خام، خمیر زنجبیل، سیر خام، پیازچه خام، روغن کنجد، سس سویا، آب مرغ، خیار خام، نمک خوراکی | کدها: chicken_thigh_raw, white_rice_raw, ginger_paste, garlic_raw, scallion_raw, sesame_oil, soy_sauce, chicken_stock_liquid, cucumber_raw, salt_table"
"garnish_recipe_intl_127_65e78281","maqluba","مقلوبه","international-core-150-v0.6.0","نامشخص در داده؛ بین‌المللی","","","13","5","16","NOT_RULED","P2","P2:ORIGIN_WEAK:کشور/مبدا از داده به‌وضوح قابل استخراج نیست.","مواد: ران مرغ خام، برنج سفید خام، بادمجان خام، گل‌کلم خام، پیاز خام، سیر خام، گوجه‌فرنگی خام، ادویه آل‌اسپایس آسیاب‌شده، دارچین آسیاب‌شده، زردچوبه آسیاب‌شده | کدها: chicken_thigh_raw, white_rice_raw, eggplant_raw, cauliflower_raw, onion_raw, garlic_raw, tomato_raw, allspice_ground, cinnamon_ground, turmeric_ground"
"garnish_recipe_global_143_127_380e9b65","classic-macaroni-and-cheese","مک‌اندچیز کلاسیک","global-143-v0.3","آمریکا/بریتانیا","","","7","6","18","RULE_PASS","P2","P2:WEAK_GRIS_STEPS:بعضی مراحل GRIS کوتاه/کم‌جزئیات‌اند. (6/6)","مواد: ماکارونی فرمی زانویی خشک، پنیر چدار، شیر کامل، کره بدون نمک، آرد گندم سفید، خردل دیژون، آرد سوخاری پانکو | کدها: elbow_macaroni_dry, cheddar_cheese, whole_milk, butter_unsalted, all_purpose_flour, dijon_mustard, breadcrumbs_panko"
"garnish_recipe_fa_192_fe533328","malabij-gilani","ملابیج گیلانی","phase-one-v0.6.1","ایران","گیلان","","7","5","18","NOT_RULED","P2","P2:WEAK_GRIS_STEPS:بعضی مراحل GRIS کوتاه/کم‌جزئیات‌اند. (6/6)","مواد: آرد برنج، تخم‌مرغ کامل خام، شکر دانه‌ریز، گلاب، زعفران، هل آسیاب‌شده، روغن آفتابگردان | کدها: rice_flour, whole_egg_raw, caster_sugar, rose_water, saffron, cardamom_ground, sunflower_oil"
"garnish_recipe_intl_011_5a1d0ef8","menemen","منمن","international-core-150-v0.6.0","ترکیه","","","9","5","18","NOT_RULED","P2","P2:WEAK_GRIS_STEPS:بعضی مراحل GRIS کوتاه/کم‌جزئیات‌اند. (5/5)","مواد: تخم‌مرغ کامل خام، گوجه‌فرنگی خام، فلفل دلمه‌ای خام، رب فلفل ترکی، پیاز خام، روغن زیتون، پرک فلفل قرمز، نمک خوراکی، فلفل سیاه آسیاب‌شده | کدها: whole_egg_raw, tomato_raw, bell_pepper_raw, turkish_pepper_paste, onion_raw, olive_oil, red_pepper_flakes, salt_table, black_pepper_ground"
"garnish_recipe_global_143_066_4fc69a4a","classic-dark-chocolate-mousse","موس شکلات تلخ","global-143-v0.3","فرانسه","","","7","5","18","NOT_RULED","P2","P2:WEAK_GRIS_STEPS:بعضی مراحل GRIS کوتاه/کم‌جزئیات‌اند. (6/6)","مواد: چیپس شکلات تلخ، کره بدون نمک، تخم‌مرغ کامل خام، شکر دانه‌ریز، خامه پرچرب، نمک خوراکی، عصاره وانیل | کدها: dark_chocolate_chips, butter_unsalted, whole_egg_raw, caster_sugar, heavy_cream, salt_table, vanilla_extract"
"garnish_recipe_intl_035_d46eacaf","moussaka","موساکا","international-core-150-v0.6.0","یونان","","","13","5","18","NOT_RULED","P2","P2:WEAK_GRIS_STEPS:بعضی مراحل GRIS کوتاه/کم‌جزئیات‌اند. (5/5)","مواد: بادمجان خام، گوشت چرخ‌کرده گوسفند خام، پیاز خام، سیر خام، پاساتای گوجه‌فرنگی، دارچین آسیاب‌شده، کره بدون نمک، آرد گندم سفید، شیر کامل، جوز هندی آسیاب‌شده | کدها: eggplant_raw, ground_lamb_raw, onion_raw, garlic_raw, tomato_passata, cinnamon_ground, butter_unsalted, all_purpose_flour, whole_milk, nutmeg_ground"
"garnish_recipe_global_143_007_578cc354","natto-gohan","ناتو با برنج","global-143-v0.3","ژاپن","","","6","3","18","NOT_RULED","P2","P2:WEAK_GRIS_STEPS:بعضی مراحل GRIS کوتاه/کم‌جزئیات‌اند. (4/4)","مواد: برنج دانه‌کوتاه خام، ناتو، سس سویای روشن، سس خردل، پیازچه خام، جلبک نوری | کدها: short_grain_rice_raw, natto, light_soy_sauce, mustard_prepared, scallion_raw, seaweed_nori"
"garnish_recipe_global_143_054_5c472b48","loaded-nachos","ناچوی پنیری لایه‌ای","global-143-v0.3","مکزیک/تکس-مکس","","","9","5","18","NOT_RULED","P2","P2:WEAK_GRIS_STEPS:بعضی مراحل GRIS کوتاه/کم‌جزئیات‌اند. (5/5)","مواد: چیپس تورتیلا، پنیر چدار، پنیر مونتری جک، لوبیا سیاه کنسروی آبکش‌شده، هالاپینوی ترشی، سالسا گوجه، خامه ترش، آووکادو خام، پیازچه خام | کدها: tortilla_chips, cheddar_cheese, monterey_jack_cheese, black_beans_canned_drained, pickled_jalapenos, tomato_salsa, sour_cream, avocado_raw, scallion_raw"
"garnish_recipe_fa_130_45602c10","naz-khatun","نازخاتون","phase-one-v0.6.1","ایران","گیلان","","8","6","18","NOT_RULED","P2","P2:WEAK_GRIS_STEPS:بعضی مراحل GRIS کوتاه/کم‌جزئیات‌اند. (6/6)","مواد: بادمجان خام، گوجه‌فرنگی خام، رب انار، آبغوره، سیر خام، نعناع خشک، روغن زیتون، نمک خوراکی | کدها: eggplant_raw, tomato_raw, pomegranate_molasses, verjuice, garlic_raw, dried_mint, olive_oil, salt_table"
"garnish_recipe_global_143_106_6371564f","indonesian-nasi-goreng","ناسی گورنگ اندونزیایی","global-143-v0.3","اندونزی","","","10","6","18","RULE_PASS","P2","P2:WEAK_GRIS_STEPS:بعضی مراحل GRIS کوتاه/کم‌جزئیات‌اند. (6/6)","مواد: برنج یاسمن خام، تخم‌مرغ کامل خام، شالوت خام، سیر خام، سمبال اولک، سس سویای شیرین اندونزیایی، خمیر میگو، ران مرغ خام، خیار خام، روغن آفتابگردان | کدها: jasmine_rice_raw, whole_egg_raw, shallot_raw, garlic_raw, sambal_oelek, kecap_manis, shrimp_paste, chicken_thigh_raw, cucumber_raw, sunflower_oil"
"garnish_recipe_fa_180_c301e88a","nan-berenji-kermanshahi","نان برنجی کرمانشاهی","phase-one-v0.6.1","ایران","کرمانشاه","کرمانشاه","7","5","18","NOT_RULED","P2","P2:WEAK_GRIS_STEPS:بعضی مراحل GRIS کوتاه/کم‌جزئیات‌اند. (6/6)","مواد: آرد برنج، شکر دانه‌ریز، کره بدون نمک، تخم‌مرغ کامل خام، هل آسیاب‌شده، گلاب، کنجد بوداده | کدها: rice_flour, caster_sugar, butter_unsalted, whole_egg_raw, cardamom_ground, rose_water, roasted_sesame_seeds"
"garnish_lite_fa_044_ee2f79ac","honey-sesame-toast","نان تست با عسل و کنجد","lite-food-v0.3","نامشخص در داده؛ بین‌المللی","","","3","3","0","NOT_RULED","P2","P2:ORIGIN_WEAK:کشور/مبدا از داده به‌وضوح قابل استخراج نیست.","مواد: نان سفید، عسل، کنجد بوداده | کدها: bread_white, honey, roasted_sesame_seeds"
"garnish_recipe_fa_2090_ea20119c","vegetable-noodles","نودل سبزیجات","phase-one-v0.6.1","نامشخص در داده؛ بین‌المللی","","","12","5","16","NOT_RULED","P2","P2:ORIGIN_WEAK:کشور/مبدا از داده به‌وضوح قابل استخراج نیست.","مواد: نودل تخم‌مرغی خشک، هویج خام، کدو سبز خام، فلفل دلمه‌ای خام، پیازچه خام، کلم سفید خام، قارچ دکمه‌ای خام، روغن آفتابگردان، نمک خوراکی، فلفل سیاه آسیاب‌شده | کدها: egg_noodles_dry, carrot_raw, zucchini_raw, bell_pepper_raw, scallion_raw, cabbage_raw, button_mushroom_raw, sunflower_oil, salt_table, black_pepper_ground"
"garnish_recipe_intl_131_76428aa8","nikujaga","نیکوجاگا","international-core-150-v0.6.0","ژاپن","","","9","5","18","NOT_RULED","P2","P2:WEAK_GRIS_STEPS:بعضی مراحل GRIS کوتاه/کم‌جزئیات‌اند. (6/6)","مواد: راسته گاو خام، سیب‌زمینی خام، هویج خام، پیاز خام، سس سویا، شکر دانه‌ریز، روغن آفتابگردان، پیازچه خام، نمک خوراکی | کدها: beef_sirloin_raw, potato_raw, carrot_raw, onion_raw, soy_sauce, caster_sugar, sunflower_oil, scallion_raw, salt_table"
"garnish_recipe_intl_003_5ed6583e","potato-gnocchi-pomodoro","نیوکی سیب‌زمینی با سس گوجه","international-core-150-v0.6.0","ایتالیا","","","8","5","18","NOT_RULED","P2","P2:WEAK_GRIS_STEPS:بعضی مراحل GRIS کوتاه/کم‌جزئیات‌اند. (6/6)","مواد: نیوکی سیب‌زمینی، پاساتای گوجه‌فرنگی، سیر خام، ریحان تازه، روغن زیتون، پنیر پارمزان، نمک خوراکی، فلفل سیاه آسیاب‌شده | کدها: gnocchi_potato, tomato_passata, garlic_raw, basil_fresh, olive_oil, parmesan_cheese, salt_table, black_pepper_ground"
"garnish_recipe_intl_134_a0dcc7ea","welsh-rarebit","ولش ربیت","international-core-150-v0.6.0","بریتانیا","","","8","5","18","NOT_RULED","P2","P2:WEAK_GRIS_STEPS:بعضی مراحل GRIS کوتاه/کم‌جزئیات‌اند. (6/6)","مواد: پنیر چدار، شیر کامل، آرد گندم سفید، کره بدون نمک، خردل دیژون، نان سفید، نمک خوراکی، فلفل سیاه آسیاب‌شده | کدها: cheddar_cheese, whole_milk, all_purpose_flour, butter_unsalted, dijon_mustard, bread_white, salt_table, black_pepper_ground"
"garnish_recipe_global_143_029_c3687330","classic-hot-chocolate","هات چاکلت کلاسیک","global-143-v0.3","نامشخص در داده؛ بین‌المللی","","","5","4","18","NOT_RULED","P2","P2:ORIGIN_WEAK:کشور/مبدا از داده به‌وضوح قابل استخراج نیست.","مواد: شیر کامل، پودر کاکائو بدون شکر، شکر دانه‌ریز، چیپس شکلات تلخ، عصاره وانیل | کدها: whole_milk, cocoa_powder_unsweetened, caster_sugar, dark_chocolate_chips, vanilla_extract"
"garnish_recipe_intl_072_60d498d9","hachee","هاخه","international-core-150-v0.6.0","هلند","","","11","5","18","NOT_RULED","P2","P2:WEAK_GRIS_STEPS:بعضی مراحل GRIS کوتاه/کم‌جزئیات‌اند. (6/6)","مواد: سردست گاو خام، پیاز خام، سرکه سفید، برگ بو خشک، میخک آسیاب‌شده، آب گوشت گاو، آرد گندم سفید، شکر قهوه‌ای، کره بدون نمک، نمک خوراکی | کدها: beef_chuck_raw, onion_raw, white_vinegar, bay_leaf_dried, cloves_ground, beef_stock_liquid, all_purpose_flour, brown_sugar, butter_unsalted, salt_table"
"garnish_recipe_global_143_043_4f0736e0","cantonese-har-gow-shrimp-dumplings","هار گائو میگوی کانتونی","global-143-v0.3","چین","","","11","5","18","NOT_RULED","P2","P2:WEAK_GRIS_STEPS:بعضی مراحل GRIS کوتاه/کم‌جزئیات‌اند. (6/6)","مواد: میگو خام، جوانه بامبو کنسروی، سس صدف، روغن کنجد، فلفل سفید آسیاب‌شده، زنجبیل تازه، نشاسته گندم، نشاسته تاپیوکا، نشاسته سیب‌زمینی، آب | کدها: shrimp_raw, bamboo_shoots_canned, oyster_sauce, sesame_oil, white_pepper_ground, ginger_root_raw, wheat_starch, tapioca_starch, potato_starch, water"
"garnish_recipe_global_143_037_976fda08","mexican-rice-horchata","هورچاتای برنج و دارچین","global-143-v0.3","نامشخص در داده؛ بین‌المللی","","","6","4","18","NOT_RULED","P2","P2:ORIGIN_WEAK:کشور/مبدا از داده به‌وضوح قابل استخراج نیست.","مواد: برنج سفید خام، چوب دارچین، آب، شکر دانه‌ریز، عصاره وانیل، یخ | کدها: white_rice_raw, cinnamon_stick, water, caster_sugar, vanilla_extract, ice_cubes"
"garnish_recipe_fa_167_fc027a91","yakhni-nokhod-shirazi","یخنی نخود شیرازی","phase-one-v0.6.1","ایران","فارس","شیراز","9","5","18","NOT_RULED","P2","P2:WEAK_GRIS_STEPS:بعضی مراحل GRIS کوتاه/کم‌جزئیات‌اند. (6/6)","مواد: گوشت گوسفند خام، نخود خشک، سیب‌زمینی خام، پیاز خام، لیموعمانی کامل، زردچوبه آسیاب‌شده، روغن آفتابگردان، نمک خوراکی، فلفل سیاه آسیاب‌شده | کدها: lamb_meat_raw, chickpeas_dry, potato_raw, onion_raw, dried_lime_whole, turmeric_ground, sunflower_oil, salt_table, black_pepper_ground"
"garnish_recipe_intl_103_ab3619d0","gemista","یمیستا","international-core-150-v0.6.0","یونان","","","10","5","18","NOT_RULED","P2","P2:WEAK_GRIS_STEPS:بعضی مراحل GRIS کوتاه/کم‌جزئیات‌اند. (7/7)","مواد: گوجه‌فرنگی خام، فلفل دلمه‌ای خام، برنج سفید خام، پیاز خام، سیر خام، جعفری تازه، نعناع تازه، روغن زیتون، نمک خوراکی، فلفل سیاه آسیاب‌شده | کدها: tomato_raw, bell_pepper_raw, white_rice_raw, onion_raw, garlic_raw, parsley_fresh, mint_fresh, olive_oil, salt_table, black_pepper_ground"
"garnish_lite_fa_057_c1cfff50","fresh-orange-juice","آب پرتقال تازه","lite-food-v0.3","ایران","","","1","3","0","NOT_RULED","P3","P3:IRANIAN_LOCALITY_MISSING:غذای ایرانی است اما شهر/استان مشخص ندارد.","مواد: پرتقال خام | کدها: orange_raw"
"garnish_recipe_fa_1289_dccb626e","abdoogh-khiar","آب دوغ خیار","phase-one-v0.6.1","ایران","","","9","5","18","NOT_RULED","P3","P3:IRANIAN_LOCALITY_MISSING:غذای ایرانی است اما شهر/استان مشخص ندارد.","مواد: دوغ ساده، ماست ساده، خیار خام، کشمش، گردو خام، نعناع خشک، شوید تازه، گلپر آسیاب‌شده، نمک خوراکی | کدها: doogh_plain, plain_yogurt, cucumber_raw, raisins, walnuts_raw, dried_mint, dill_fresh, golpar_ground, salt_table"
"garnish_lite_fa_068_37fec2fb","fresh-pomegranate-juice","آب‌انار تازه","lite-food-v0.3","ایران","","","1","3","0","NOT_RULED","P3","P3:IRANIAN_LOCALITY_MISSING:غذای ایرانی است اما شهر/استان مشخص ندارد.","مواد: دانه انار خام | کدها: pomegranate_raw"
"garnish_recipe_fa_93_657f87d7","abgoosht-bozbash","آبگوشت بزباش","phase-one-v0.6.1","ایران","","","9","6","16","NOT_RULED","P3","P3:IRANIAN_LOCALITY_MISSING:غذای ایرانی است اما شهر/استان مشخص ندارد.","مواد: گوشت گوسفند خام، لوبیا چیتی خشک، سبزی آش، پیاز خام، آبغوره، زردچوبه آسیاب‌شده، روغن آفتابگردان، نمک خوراکی، فلفل سیاه آسیاب‌شده | کدها: lamb_meat_raw, pinto_beans_dry, ash_sabzi_mix, onion_raw, verjuice, turmeric_ground, sunflower_oil, salt_table, black_pepper_ground"
"garnish_recipe_fa_94_78034c8a","abgoosht-kashk","آبگوشت کشک","phase-one-v0.6.1","ایران","","","10","5","16","NOT_RULED","P3","P3:IRANIAN_LOCALITY_MISSING:غذای ایرانی است اما شهر/استان مشخص ندارد.","مواد: گوشت گوسفند خام، نخود خشک، لوبیا سفید خشک، سیب‌زمینی خام، پیاز خام، لیموعمانی کامل، رب گوجه‌فرنگی، کشک مایع، زردچوبه آسیاب‌شده، نمک خوراکی | کدها: lamb_meat_raw, chickpeas_dry, white_beans_dry, potato_raw, onion_raw, dried_lime_whole, tomato_paste, kashk_liquid, turmeric_ground, salt_table"
"garnish_lite_fa_061_a11935fe","watermelon-juice","آب‌میوه هندوانه","lite-food-v0.3","ایران","","","2","3","0","NOT_RULED","P3","P3:IRANIAN_LOCALITY_MISSING:غذای ایرانی است اما شهر/استان مشخص ندارد.","مواد: هندوانه خام، لیمو سبز خام | کدها: watermelon_raw, lime_raw"
"garnish_lite_fa_022_918e1afd","morning-nut-raisin-and-date-mix","آجیل و کشمش و خرما (مخلوط صبحانه)","lite-food-v0.3","ایران","","","3","3","0","NOT_RULED","P3","P3:IRANIAN_LOCALITY_MISSING:غذای ایرانی است اما شهر/استان مشخص ندارد.","مواد: پسته خام، کشمش، خرمای بدون هسته | کدها: pistachios_raw, raisins, pitted_dates"
"garnish_recipe_fa_1208_434b3a9a","ash-reshteh","آش رشته","phase-one-v0.6.1","ایران","","","13","5","16","RULE_PASS","P3","P3:IRANIAN_LOCALITY_MISSING:غذای ایرانی است اما شهر/استان مشخص ندارد.","مواد: رشته آش، سبزی آش، نخود خشک، لوبیا قرمز خشک، عدس خشک، پیاز خام، سیر خام، نعناع خشک، کشک مایع، روغن آفتابگردان | کدها: ash_noodles, ash_sabzi_mix, chickpeas_dry, kidney_beans_dry, lentils_dry, onion_raw, garlic_raw, dried_mint, kashk_liquid, sunflower_oil"
"garnish_recipe_fa_1237_3dff9aba","ash-sholeh-ghalamkar","آش شله قلمکار","phase-one-v0.6.1","ایران","","","13","5","16","NOT_RULED","P3","P3:IRANIAN_LOCALITY_MISSING:غذای ایرانی است اما شهر/استان مشخص ندارد.","مواد: گوشت گوسفند خام، دانه گندم کامل خشک، برنج باسماتی خام، نخود خشک، لوبیا قرمز خشک، عدس خشک، سبزی آش، پیاز خام، نعناع خشک، روغن آفتابگردان | کدها: lamb_meat_raw, wheat_berries_dry, basmati_rice_raw, chickpeas_dry, kidney_beans_dry, lentils_dry, ash_sabzi_mix, onion_raw, dried_mint, sunflower_oil"
"garnish_recipe_fa_870_d37ad654","albaloo-polo-ba-morgh","آلبالو پلو با مرغ یا گوشت","phase-one-v0.6.1","ایران","","","15","8","16","NOT_RULED","P3","P3:IRANIAN_LOCALITY_MISSING:غذای ایرانی است اما شهر/استان مشخص ندارد.","مواد: برنج سفید خام، آلبالوی خشک، ران مرغ خام، پیاز خام، شکر دانه‌ریز، زعفران، کره بدون نمک، روغن آفتابگردان، زردچوبه آسیاب‌شده، دارچین آسیاب‌شده | کدها: white_rice_raw, dried_sour_cherries, chicken_thigh_raw, onion_raw, caster_sugar, saffron, butter_unsalted, sunflower_oil, turmeric_ground, cinnamon_ground"
"garnish_recipe_fa_868_c97331a5","estamboli-polo","استانبولی پلو بدون گوشت","phase-one-v0.6.1","ایران","","","10","7","16","NOT_RULED","P3","P3:IRANIAN_LOCALITY_MISSING:غذای ایرانی است اما شهر/استان مشخص ندارد.","مواد: برنج سفید خام، گوجه‌فرنگی خام، سیب‌زمینی خام، پیاز خام، رب گوجه‌فرنگی، زردچوبه آسیاب‌شده، دارچین آسیاب‌شده، روغن آفتابگردان، نمک خوراکی، فلفل سیاه آسیاب‌شده | کدها: white_rice_raw, tomato_raw, potato_raw, onion_raw, tomato_paste, turmeric_ground, cinnamon_ground, sunflower_oil, salt_table, black_pepper_ground"
"garnish_recipe_fa_1563_68a06056","strawberry-smoothie","اسموتی توت‌فرنگی","phase-one-v0.6.1","ایران","","","5","5","18","NOT_RULED","P3","P3:IRANIAN_LOCALITY_MISSING:غذای ایرانی است اما شهر/استان مشخص ندارد.","مواد: توت‌فرنگی خام، شیر کامل، ماست ساده، شکر قهوه‌ای، دانه چیا | کدها: strawberry_raw, whole_milk, plain_yogurt, brown_sugar, chia_seeds"
"garnish_recipe_fa_1554_6e31eecc","cantaloupe-smoothie","اسموتی طالبی","phase-one-v0.6.1","ایران","","","5","5","18","NOT_RULED","P3","P3:IRANIAN_LOCALITY_MISSING:غذای ایرانی است اما شهر/استان مشخص ندارد.","مواد: طالبی خام، شیر کامل، شکر قهوه‌ای، دانه چیا، دارچین آسیاب‌شده | کدها: cantaloupe_raw, whole_milk, brown_sugar, chia_seeds, cinnamon_ground"
"garnish_recipe_fa_1564_e9a872de","watermelon-smoothie","اسموتی هندوانه","phase-one-v0.6.1","ایران","","","3","5","18","NOT_RULED","P3","P3:IRANIAN_LOCALITY_MISSING:غذای ایرانی است اما شهر/استان مشخص ندارد.","مواد: هندوانه خام، لیمو زرد خام، نعناع تازه | کدها: watermelon_raw, lemon_raw, mint_fresh"
"garnish_recipe_fa_1334_8963bd85","meat-strudel","اشترودل گوشت","phase-one-v0.6.1","اتریش","","","13","5","16","NOT_RULED","P3","P3:IRANIAN_LOCALITY_MISSING:غذای ایرانی است اما شهر/استان مشخص ندارد.","مواد: خمیر هزارلا، گوشت چرخ‌کرده گاو خام، پیاز خام، سیر خام، هویج خام، قارچ دکمه‌ای خام، جعفری تازه، رب گوجه‌فرنگی، نمک خوراکی، فلفل سیاه آسیاب‌شده | کدها: puff_pastry, ground_beef_raw, onion_raw, garlic_raw, carrot_raw, button_mushroom_raw, parsley_fresh, tomato_paste, salt_table, black_pepper_ground"
"garnish_recipe_fa_1072_b55bdfe7","eshkeneh","اشکنه","phase-one-v0.6.1","ایران","","","9","6","16","NOT_RULED","P3","P3:IRANIAN_LOCALITY_MISSING:غذای ایرانی است اما شهر/استان مشخص ندارد.","مواد: پیاز خام، تخم‌مرغ کامل خام، آرد گندم سفید، نعناع خشک، روغن آفتابگردان، سیب‌زمینی خام، نمک خوراکی، فلفل سیاه آسیاب‌شده، زردچوبه آسیاب‌شده | کدها: onion_raw, whole_egg_raw, all_purpose_flour, dried_mint, sunflower_oil, potato_raw, salt_table, black_pepper_ground, turmeric_ground"
"garnish_recipe_fa_1325_87da9b04","omelet-gojeh-farangi","املت گوجه فرنگی","phase-one-v0.6.1","ایران","","","9","5","16","NOT_RULED","P3","P3:IRANIAN_LOCALITY_MISSING:غذای ایرانی است اما شهر/استان مشخص ندارد.","مواد: تخم‌مرغ کامل خام، گوجه‌فرنگی خام، پیاز خام، فلفل دلمه‌ای خام، روغن زیتون، نمک خوراکی، فلفل سیاه آسیاب‌شده، زردچوبه آسیاب‌شده، گشنیز تازه | کدها: whole_egg_raw, tomato_raw, onion_raw, bell_pepper_raw, olive_oil, salt_table, black_pepper_ground, turmeric_ground, cilantro_fresh"
"garnish_lite_fa_033_980e9629","dried-figs-stuffed-with-walnut","انجیر خشک با گردو","lite-food-v0.3","ایران","","","2","3","0","NOT_RULED","P3","P3:IRANIAN_LOCALITY_MISSING:غذای ایرانی است اما شهر/استان مشخص ندارد.","مواد: انجیر خشک، گردو خام | کدها: fig_dried, walnuts_raw"
"garnish_recipe_fa_862_dbf3d4d5","baghali-polo-ba-goosht","باقالی پلو با گوشت","phase-one-v0.6.1","ایران","","","12","7","16","RULE_PASS","P3","P3:IRANIAN_LOCALITY_MISSING:غذای ایرانی است اما شهر/استان مشخص ندارد.","مواد: برنج سفید خام، باقالی تازه، شوید تازه، ماهیچه گوسفندی خام، پیاز خام، زعفران، زردچوبه آسیاب‌شده، چوب دارچین، کره بدون نمک، روغن آفتابگردان | کدها: white_rice_raw, broad_beans_fresh, dill_fresh, lamb_shank_raw, onion_raw, saffron, turmeric_ground, cinnamon_stick, butter_unsalted, sunflower_oil"
"garnish_lite_fa_035_3483033b","salted-dried-fava-beans","باقالی شور","lite-food-v0.3","ایران","","","1","3","0","NOT_RULED","P3","P3:IRANIAN_LOCALITY_MISSING:غذای ایرانی است اما شهر/استان مشخص ندارد.","مواد: باقالی شور آماده | کدها: salted_dried_fava_beans"
"garnish_recipe_fa_1291_b4dad1f1","mahi-shekam-por","بریان ماهی (ماهی شکم‌پر)","phase-one-v0.6.1","ایران","","","11","5","16","NOT_RULED","P3","P3:IRANIAN_LOCALITY_MISSING:غذای ایرانی است اما شهر/استان مشخص ندارد.","مواد: ماهی قزل‌آلا خام، گردو خام، رب انار، گشنیز تازه، جعفری تازه، سیر خام، آبلیموی بطری، روغن زیتون، نمک خوراکی، فلفل سیاه آسیاب‌شده | کدها: trout_raw, walnuts_raw, pomegranate_molasses, cilantro_fresh, parsley_fresh, garlic_raw, lemon_juice_bottled, olive_oil, salt_table, black_pepper_ground"
"garnish_lite_fa_007_f1109425","persian-breakfast-plate","بشقاب صبحانه پنیر و سبزی و گوجه","lite-food-v0.3","ایران","","","4","3","0","NOT_RULED","P3","P3:IRANIAN_LOCALITY_MISSING:غذای ایرانی است اما شهر/استان مشخص ندارد.","مواد: پنیر فتا، سبزی خوردن، گوجه‌فرنگی خام، نان سنگک | کدها: feta_cheese, sabzi_khordan_mix, tomato_raw, sangak_bread"
"garnish_lite_fa_040_167f7ab7","biscuits-with-milk","بیسکویت با شیر","lite-food-v0.3","ایران","","","2","3","0","NOT_RULED","P3","P3:IRANIAN_LOCALITY_MISSING:غذای ایرانی است اما شهر/استان مشخص ندارد.","مواد: بیسکویت دایجستیو، شیر کامل | کدها: digestive_biscuits, whole_milk"
"garnish_lite_fa_031_1ee0fadc","pistachios-and-raisins","پسته و کشمش","lite-food-v0.3","ایران","","","2","3","0","NOT_RULED","P3","P3:IRANIAN_LOCALITY_MISSING:غذای ایرانی است اما شهر/استان مشخص ندارد.","مواد: پسته شور، کشمش | کدها: salted_pistachios, raisins"
"garnish_lite_fa_004_ab5fbe9d","feta-walnut-and-honey-on-bread","پنیر و گردو و عسل روی نان","lite-food-v0.3","ایران","","","4","3","0","NOT_RULED","P3","P3:IRANIAN_LOCALITY_MISSING:غذای ایرانی است اما شهر/استان مشخص ندارد.","مواد: نان لواش، پنیر فتا، گردو خام، عسل | کدها: lavash_bread, feta_cheese, walnuts_raw, honey"
"garnish_recipe_fa_1276_cdef73d2","tas-kabab","تاس‌کباب","phase-one-v0.6.1","ایران","","","12","6","16","NOT_RULED","P3","P3:IRANIAN_LOCALITY_MISSING:غذای ایرانی است اما شهر/استان مشخص ندارد.","مواد: گوشت گوسفند خام، پیاز خام، سیب‌زمینی خام، هویج خام، به خام، گوجه‌فرنگی خام، رب گوجه‌فرنگی، آلو خشک، روغن آفتابگردان، نمک خوراکی | کدها: lamb_meat_raw, onion_raw, potato_raw, carrot_raw, quince_raw, tomato_raw, tomato_paste, prunes, sunflower_oil, salt_table"
"garnish_lite_fa_082_5e31f95b","radish-and-cucumber-with-lemon-salt","تربچه و خیار با نمک و آبلیمو","lite-food-v0.3","ایران","","","4","3","0","NOT_RULED","P3","P3:IRANIAN_LOCALITY_MISSING:غذای ایرانی است اما شهر/استان مشخص ندارد.","مواد: تربچه خام، خیار خام، لیمو زرد خام، نمک خوراکی | کدها: radish_raw, cucumber_raw, lemon_raw, salt_table"
"garnish_lite_fa_032_f43fdf8e","dried-mulberry-and-walnut","توت خشک و گردو","lite-food-v0.3","ایران","","","2","3","0","NOT_RULED","P3","P3:IRANIAN_LOCALITY_MISSING:غذای ایرانی است اما شهر/استان مشخص ندارد.","مواد: توت خشک، گردو خام | کدها: dried_mulberries, walnuts_raw"
"garnish_recipe_fa_1084_8f35205e","tahchin-morgh","ته چین مرغ","phase-one-v0.6.1","ایران","","","11","6","16","NOT_RULED","P3","P3:IRANIAN_LOCALITY_MISSING:غذای ایرانی است اما شهر/استان مشخص ندارد.","مواد: برنج باسماتی خام، سینه مرغ خام، ماست ساده، زرده تخم‌مرغ خام، زعفران، کره بدون نمک، زرشک خشک، روغن آفتابگردان، نمک خوراکی، فلفل سیاه آسیاب‌شده | کدها: basmati_rice_raw, chicken_breast_raw, plain_yogurt, egg_yolk_raw, saffron, butter_unsalted, barberries_dry, sunflower_oil, salt_table, black_pepper_ground"
"garnish_recipe_fa_164_8367ec24","tahchin-goosht-bademjan","ته‌چین گوشت و بادمجان","phase-one-v0.6.1","ایران","","","10","6","16","NOT_RULED","P3","P3:IRANIAN_LOCALITY_MISSING:غذای ایرانی است اما شهر/استان مشخص ندارد.","مواد: برنج سفید خام، گوشت گوسفند خام، بادمجان خام، ماست ساده، تخم‌مرغ کامل خام، زعفران، پیاز خام، کره بدون نمک، نمک خوراکی، فلفل سیاه آسیاب‌شده | کدها: white_rice_raw, lamb_meat_raw, eggplant_raw, plain_yogurt, whole_egg_raw, saffron, onion_raw, butter_unsalted, salt_table, black_pepper_ground"
"garnish_recipe_fa_235_3d02f3ae","chelo-kabab-koobideh","چلو کباب کوبیده","phase-one-v0.6.1","ایران","","","10","7","16","RULE_PASS","P3","P3:IRANIAN_LOCALITY_MISSING:غذای ایرانی است اما شهر/استان مشخص ندارد.","مواد: گوشت چرخ‌کرده گاو خام، گوشت چرخ‌کرده گوسفند خام، پیاز خام، نمک خوراکی، فلفل سیاه آسیاب‌شده، سماق آسیاب‌شده، زعفران، کره بدون نمک، گوجه‌فرنگی خام، برنج سفید خام | کدها: ground_beef_raw, ground_lamb_raw, onion_raw, salt_table, black_pepper_ground, sumac_ground, saffron, butter_unsalted, tomato_raw, white_rice_raw"
"garnish_recipe_fa_197_dbaa9b9a","chelo-mahicheh","چلو ماهیچه","phase-one-v0.6.1","ایران","","","11","5","16","NOT_RULED","P3","P3:IRANIAN_LOCALITY_MISSING:غذای ایرانی است اما شهر/استان مشخص ندارد.","مواد: ماهیچه گوسفندی خام، برنج سفید خام، پیاز خام، زعفران، دارچین آسیاب‌شده، لیموعمانی کامل، زردچوبه آسیاب‌شده، کره بدون نمک، روغن آفتابگردان، نمک خوراکی | کدها: lamb_shank_raw, white_rice_raw, onion_raw, saffron, cinnamon_ground, dried_lime_whole, turmeric_ground, butter_unsalted, sunflower_oil, salt_table"
"garnish_lite_fa_008_c8ddf724","sesame-halva-on-bread","حلوا شکری روی نان","lite-food-v0.3","ایران","","","3","3","0","NOT_RULED","P3","P3:IRANIAN_LOCALITY_MISSING:غذای ایرانی است اما شهر/استان مشخص ندارد.","مواد: حلوا ارده، نان لواش، کره بدون نمک | کدها: halva_ardeh, lavash_bread, butter_unsalted"
"garnish_recipe_fa_1290_f5fc285f","halim-bademjan","حلیم بادمجان","phase-one-v0.6.1","ایران","","","12","6","16","NOT_RULED","P3","P3:IRANIAN_LOCALITY_MISSING:غذای ایرانی است اما شهر/استان مشخص ندارد.","مواد: بادمجان خام، گوشت گوسفند خام، عدس خشک، برنج باسماتی خام، پیاز خام، کشک مایع، نعناع خشک، گردو خام، روغن آفتابگردان، نمک خوراکی | کدها: eggplant_raw, lamb_meat_raw, lentils_dry, basmati_rice_raw, onion_raw, kashk_liquid, dried_mint, walnuts_raw, sunflower_oil, salt_table"
"garnish_recipe_fa_1238_296fbec3","halim-gandom","حلیم گندم","phase-one-v0.6.1","ایران","","","7","6","16","NOT_RULED","P3","P3:IRANIAN_LOCALITY_MISSING:غذای ایرانی است اما شهر/استان مشخص ندارد.","مواد: دانه گندم کامل خشک، گوشت گوسفند خام، پیاز خام، دارچین آسیاب‌شده، کره بدون نمک، شکر دانه‌ریز، نمک خوراکی | کدها: wheat_berries_dry, lamb_meat_raw, onion_raw, cinnamon_ground, butter_unsalted, caster_sugar, salt_table"
"garnish_recipe_fa_1548_dc89130d","khagineh","خاگینه","phase-one-v0.6.1","ایران","","","9","5","16","NOT_RULED","P3","P3:IRANIAN_LOCALITY_MISSING:غذای ایرانی است اما شهر/استان مشخص ندارد.","مواد: تخم‌مرغ کامل خام، آرد گندم سفید، ماست ساده، زعفران، گلاب، شکر دانه‌ریز، روغن آفتابگردان، دارچین آسیاب‌شده، خلال پسته | کدها: whole_egg_raw, all_purpose_flour, plain_yogurt, saffron, rose_water, caster_sugar, sunflower_oil, cinnamon_ground, slivered_pistachios"
"garnish_lite_fa_025_cff0018f","clotted-cream-and-date-on-bread","خامه و خرما روی نان","lite-food-v0.3","ایران","","","3","3","0","NOT_RULED","P3","P3:IRANIAN_LOCALITY_MISSING:غذای ایرانی است اما شهر/استان مشخص ندارد.","مواد: سرشیر، خرمای بدون هسته، نان سنگک | کدها: clotted_cream, pitted_dates, sangak_bread"
"garnish_lite_fa_009_2268aef8","cream-and-jam-on-bread","خامه و مربا روی نان","lite-food-v0.3","ایران","","","3","3","0","NOT_RULED","P3","P3:IRANIAN_LOCALITY_MISSING:غذای ایرانی است اما شهر/استان مشخص ندارد.","مواد: خامه پرچرب، مربای توت‌فرنگی، نان سفید | کدها: heavy_cream, strawberry_jam, bread_white"
"garnish_lite_fa_039_f5062366","dates-stuffed-with-walnut","خرما با گردو","lite-food-v0.3","ایران","","","2","3","0","NOT_RULED","P3","P3:IRANIAN_LOCALITY_MISSING:غذای ایرانی است اما شهر/استان مشخص ندارد.","مواد: خرمای بدون هسته، گردو خام | کدها: pitted_dates, walnuts_raw"
"garnish_recipe_fa_1077_1b3eec19","khorak-loobia-chiti","خوراک لوبیا چیتی","phase-one-v0.6.1","ایران","","","9","6","16","NOT_RULED","P3","P3:IRANIAN_LOCALITY_MISSING:غذای ایرانی است اما شهر/استان مشخص ندارد.","مواد: لوبیا چیتی خشک، پیاز خام، رب گوجه‌فرنگی، سیب‌زمینی خام، آبلیموی بطری، روغن زیتون، نمک خوراکی، فلفل سیاه آسیاب‌شده، زردچوبه آسیاب‌شده | کدها: pinto_beans_dry, onion_raw, tomato_paste, potato_raw, lemon_juice_bottled, olive_oil, salt_table, black_pepper_ground, turmeric_ground"
"garnish_recipe_fa_1342_ce4a8da3","saffron-chicken-stew","خوراک مرغ زعفرانی","phase-one-v0.6.1","ایران","","","13","5","16","NOT_RULED","P3","P3:IRANIAN_LOCALITY_MISSING:غذای ایرانی است اما شهر/استان مشخص ندارد.","مواد: سینه مرغ خام، پیاز خام، سیر خام، ماست ساده، زعفران، روغن زیتون، نمک خوراکی، فلفل سیاه آسیاب‌شده، زردچوبه آسیاب‌شده، کره بدون نمک | کدها: chicken_breast_raw, onion_raw, garlic_raw, plain_yogurt, saffron, olive_oil, salt_table, black_pepper_ground, turmeric_ground, butter_unsalted"
"garnish_recipe_fa_1343_5bf8151c","chicken-and-mushroom","خوراک مرغ و قارچ","phase-one-v0.6.1","ایران","","","13","5","16","NOT_RULED","P3","P3:IRANIAN_LOCALITY_MISSING:غذای ایرانی است اما شهر/استان مشخص ندارد.","مواد: ران مرغ خام، قارچ دکمه‌ای خام، پیاز خام، سیر خام، فلفل دلمه‌ای خام، خامه پرچرب، رب گوجه‌فرنگی، روغن زیتون، نمک خوراکی، فلفل سیاه آسیاب‌شده | کدها: chicken_thigh_raw, button_mushroom_raw, onion_raw, garlic_raw, bell_pepper_raw, heavy_cream, tomato_paste, olive_oil, salt_table, black_pepper_ground"
"garnish_recipe_fa_101_877a41d3","khoresh-aloo","خورش آلو","phase-one-v0.6.1","ایران","","","10","5","16","NOT_RULED","P3","P3:IRANIAN_LOCALITY_MISSING:غذای ایرانی است اما شهر/استان مشخص ندارد.","مواد: گوشت گوسفند خام، آلو خشک، پیاز خام، رب گوجه‌فرنگی، زعفران، دارچین آسیاب‌شده، زردچوبه آسیاب‌شده، روغن آفتابگردان، نمک خوراکی، فلفل سیاه آسیاب‌شده | کدها: lamb_meat_raw, prunes, onion_raw, tomato_paste, saffron, cinnamon_ground, turmeric_ground, sunflower_oil, salt_table, black_pepper_ground"
"garnish_recipe_fa_190_49162ac2","khoresh-morgh-qeysi","خورش مرغ قیسی","phase-one-v0.6.1","ایران","","","10","5","16","NOT_RULED","P3","P3:IRANIAN_LOCALITY_MISSING:غذای ایرانی است اما شهر/استان مشخص ندارد.","مواد: ران مرغ خام، قیسی خشک، پیاز خام، زعفران، رب گوجه‌فرنگی، دارچین آسیاب‌شده، زردچوبه آسیاب‌شده، کره بدون نمک، نمک خوراکی، فلفل سیاه آسیاب‌شده | کدها: chicken_thigh_raw, dried_apricots, onion_raw, saffron, tomato_paste, cinnamon_ground, turmeric_ground, butter_unsalted, salt_table, black_pepper_ground"
"garnish_recipe_fa_228_09a631f3","fesenjan","خورشت فسنجان","phase-one-v0.6.1","ایران","","","10","7","16","RULE_PASS","P3","P3:IRANIAN_LOCALITY_MISSING:غذای ایرانی است اما شهر/استان مشخص ندارد.","مواد: گردو خام، ران مرغ خام، رب انار، پیاز خام، زردچوبه آسیاب‌شده، دارچین آسیاب‌شده، شکر دانه‌ریز، روغن آفتابگردان، نمک خوراکی، فلفل سیاه آسیاب‌شده | کدها: walnuts_raw, chicken_thigh_raw, pomegranate_molasses, onion_raw, turmeric_ground, cinnamon_ground, caster_sugar, sunflower_oil, salt_table, black_pepper_ground"
"garnish_recipe_fa_224_c9d0355d","ghormeh-sabzi","خورشت قرمه‌سبزی","phase-one-v0.6.1","ایران","","","10","7","16","RULE_PASS","P3","P3:IRANIAN_LOCALITY_MISSING:غذای ایرانی است اما شهر/استان مشخص ندارد.","مواد: گوشت گوسفند خام، لوبیا قرمز خشک، سبزی قورمه‌سبزی، پیاز خام، لیموعمانی کامل، زردچوبه آسیاب‌شده، برگ شنبلیله خشک، روغن آفتابگردان، نمک خوراکی، فلفل سیاه آسیاب‌شده | کدها: lamb_meat_raw, kidney_beans_dry, ghormeh_sabzi_mix, onion_raw, dried_lime_whole, turmeric_ground, fenugreek_leaves_dried, sunflower_oil, salt_table, black_pepper_ground"
"garnish_lite_fa_072_dad6a14e","pickle-olive-and-tomato-side-plate","خیارشور و زیتون و گوجه (مزه کنار غذا)","lite-food-v0.3","ایران","","","4","3","0","NOT_RULED","P3","P3:IRANIAN_LOCALITY_MISSING:غذای ایرانی است اما شهر/استان مشخص ندارد.","مواد: خیارشور، زیتون سبز بدون هسته، گوجه‌فرنگی خام، نان سنگک | کدها: cucumber_pickled, green_olives_pitted, tomato_raw, sangak_bread"
"garnish_recipe_fa_875_f2ddeb1c","dolmeh-bademjan-kalam","دلمه بادمجان / دلمه کلم","phase-one-v0.6.1","ایران","","","14","5","16","NOT_RULED","P3","P3:IRANIAN_LOCALITY_MISSING:غذای ایرانی است اما شهر/استان مشخص ندارد.","مواد: بادمجان خام، کلم سفید خام، برنج باسماتی خام، لپه زرد خشک، گوشت چرخ‌کرده گاو خام، پیاز خام، رب گوجه‌فرنگی، آبغوره، جعفری تازه، نعناع خشک | کدها: eggplant_raw, cabbage_raw, basmati_rice_raw, yellow_split_peas_dry, ground_beef_raw, onion_raw, tomato_paste, verjuice, parsley_fresh, dried_mint"
"garnish_lite_fa_059_c1594c61","mint-yogurt-drink","دوغ نعنا خانگی","lite-food-v0.3","ایران","","","3","3","0","NOT_RULED","P3","P3:IRANIAN_LOCALITY_MISSING:غذای ایرانی است اما شهر/استان مشخص ندارد.","مواد: ماست ساده، نعناع خشک، نمک خوراکی | کدها: plain_yogurt, dried_mint, salt_table"
"garnish_lite_fa_048_89204b05","beet-yogurt-dip","دیپ ماست و لبو (بورانی سرد)","lite-food-v0.3","ایران","","","4","3","0","NOT_RULED","P3","P3:IRANIAN_LOCALITY_MISSING:غذای ایرانی است اما شهر/استان مشخص ندارد.","مواد: لبوی ترشی، ماست ساده، سیر خام، نان لواش | کدها: pickled_beets, plain_yogurt, garlic_raw, lavash_bread"
"garnish_recipe_fa_1553_fc9a29b8","flavored-fruit-water","دیتاکس واتر","phase-one-v0.6.1","ایران","","","5","5","18","NOT_RULED","P3","P3:IRANIAN_LOCALITY_MISSING:غذای ایرانی است اما شهر/استان مشخص ندارد.","مواد: لیمو زرد خام، خیار خام، نعناع تازه، زنجبیل تازه، توت‌فرنگی خام | کدها: lemon_raw, cucumber_raw, mint_fresh, ginger_root_raw, strawberry_raw"
"garnish_recipe_fa_230_332dd922","abgoosht","دیزی (آبگوشت)","phase-one-v0.6.1","ایران","","","13","7","16","NOT_RULED","P3","P3:IRANIAN_LOCALITY_MISSING:غذای ایرانی است اما شهر/استان مشخص ندارد.","مواد: ماهیچه گوسفندی خام، نخود خشک، لوبیا سفید خشک، پیاز خام، گوجه‌فرنگی خام، رب گوجه‌فرنگی، سیب‌زمینی خام، لیموعمانی کامل، زردچوبه آسیاب‌شده، چوب دارچین | کدها: lamb_shank_raw, chickpeas_dry, white_beans_dry, onion_raw, tomato_raw, tomato_paste, potato_raw, dried_lime_whole, turmeric_ground, cinnamon_stick"
"garnish_recipe_fa_2039_b49f818c","red-mojito","رد موهیتو","phase-one-v0.6.1","ایران","","","4","5","18","NOT_RULED","P3","P3:IRANIAN_LOCALITY_MISSING:غذای ایرانی است اما شهر/استان مشخص ندارد.","مواد: توت‌فرنگی خام، نعناع تازه، لیمو زرد خام، شربت افرا | کدها: strawberry_raw, mint_fresh, lemon_raw, maple_syrup"
"garnish_recipe_fa_883_4b80bbcf","meat-roulade","رولت گوشت","phase-one-v0.6.1","ایران","","","12","6","16","NOT_RULED","P3","P3:IRANIAN_LOCALITY_MISSING:غذای ایرانی است اما شهر/استان مشخص ندارد.","مواد: گوشت چرخ‌کرده گاو خام، پیاز خام، آرد سوخاری، تخم‌مرغ کامل خام، قارچ دکمه‌ای خام، هویج خام، فلفل دلمه‌ای خام، رب گوجه‌فرنگی، روغن آفتابگردان، نمک خوراکی | کدها: ground_beef_raw, onion_raw, breadcrumbs, whole_egg_raw, button_mushroom_raw, carrot_raw, bell_pepper_raw, tomato_paste, sunflower_oil, salt_table"
"garnish_recipe_fa_878_85458912","zereshk-polo-ba-morgh","زرشک پلو با مرغ","phase-one-v0.6.1","ایران","","","12","5","16","RULE_PASS","P3","P3:IRANIAN_LOCALITY_MISSING:غذای ایرانی است اما شهر/استان مشخص ندارد.","مواد: برنج باسماتی خام، ران مرغ خام، زرشک خشک، زعفران، پیاز خام، رب گوجه‌فرنگی، کره بدون نمک، شکر دانه‌ریز، روغن آفتابگردان، نمک خوراکی | کدها: basmati_rice_raw, chicken_thigh_raw, barberries_dry, saffron, onion_raw, tomato_paste, butter_unsalted, caster_sugar, sunflower_oil, salt_table"
"garnish_recipe_fa_179_9cb4bccf","zoolbia-bamieh","زولبیا و بامیه","phase-one-v0.6.1","ایران","","","9","6","16","NOT_RULED","P3","P3:IRANIAN_LOCALITY_MISSING:غذای ایرانی است اما شهر/استان مشخص ندارد.","مواد: آرد گندم سفید، نشاسته ذرت، ماست ساده، مخمر خشک، شکر دانه‌ریز، زعفران، گلاب، لیمو زرد خام، روغن آفتابگردان | کدها: all_purpose_flour, cornstarch, plain_yogurt, yeast_dry, caster_sugar, saffron, rose_water, lemon_raw, sunflower_oil"
"garnish_lite_fa_038_de0f96b1","marinated-olive-and-herb-dip-with-bread","زیتون پرورده با نان","lite-food-v0.3","ایران","","","6","3","0","NOT_RULED","P3","P3:IRANIAN_LOCALITY_MISSING:غذای ایرانی است اما شهر/استان مشخص ندارد.","مواد: زیتون سبز بدون هسته، گردو خام، رب انار، نعناع خشک، روغن زیتون، نان سنگک | کدها: green_olives_pitted, walnuts_raw, pomegranate_molasses, dried_mint, olive_oil, sangak_bread"
"garnish_recipe_fa_1324_2b0dbfd9","salad-olivieh","سالاد الویه","phase-one-v0.6.1","ایران","","","13","5","16","NOT_RULED","P3","P3:IRANIAN_LOCALITY_MISSING:غذای ایرانی است اما شهر/استان مشخص ندارد.","مواد: سیب‌زمینی خام، هویج خام، نخودفرنگی خام، تخم‌مرغ کامل خام، سینه مرغ خام، خیارشور، پیازچه خام، مایونز، سس خردل، نمک خوراکی | کدها: potato_raw, carrot_raw, green_peas_raw, whole_egg_raw, chicken_breast_raw, cucumber_pickled, scallion_raw, mayonnaise, mustard_prepared, salt_table"
"garnish_recipe_fa_1747_23e0a898","indonesian-salad","سالاد اندونزی","phase-one-v0.6.1","اندونزی","","","12","5","18","NOT_RULED","P3","P3:IRANIAN_LOCALITY_MISSING:غذای ایرانی است اما شهر/استان مشخص ندارد.","مواد: کلم سفید خام، کلم سفید خام، هویج خام، خیار خام، ژامبون ورقه‌ای، ذرت کنسروی، نخودفرنگی خام، ماست ساده، مایونز، نمک خوراکی | کدها: cabbage_raw, cabbage_raw, carrot_raw, cucumber_raw, ham_sliced, corn_kernels_canned, green_peas_raw, plain_yogurt, mayonnaise, salt_table"
"garnish_recipe_fa_1761_4f9171a7","ranginak-fruit-salad","سالاد رنگینک","phase-one-v0.6.1","ایران","","","9","5","16","NOT_RULED","P3","P3:IRANIAN_LOCALITY_MISSING:غذای ایرانی است اما شهر/استان مشخص ندارد.","مواد: موز خام، سیب خام، پرتقال خام، خرمای خشک، گردو خام، پسته خام، آبلیموی بطری، دارچین آسیاب‌شده، گلاب | کدها: banana_raw, apple_raw, orange_raw, date_dried, walnuts_raw, pistachios_raw, lemon_juice_bottled, cinnamon_ground, rose_water"
"garnish_lite_fa_083_a0f30266","cheese-tomato-and-cucumber-sandwich","ساندویچ پنیر و گوجه و خیار","lite-food-v0.3","ایران","","","4","3","0","NOT_RULED","P3","P3:IRANIAN_LOCALITY_MISSING:غذای ایرانی است اما شهر/استان مشخص ندارد.","مواد: باگت، پنیر فتا، گوجه‌فرنگی خام، خیار خام | کدها: baguette, feta_cheese, tomato_raw, cucumber_raw"
"garnish_lite_fa_094_fde3c956","cold-mortadella-and-cheese-sandwich","ساندویچ کالباس و پنیر سرد","lite-food-v0.3","ایران","","","6","3","0","NOT_RULED","P3","P3:IRANIAN_LOCALITY_MISSING:غذای ایرانی است اما شهر/استان مشخص ندارد.","مواد: کالباس یا مارتادلا سرد، پنیر چدار، خیارشور، گوجه‌فرنگی خام، باگت، مایونز | کدها: mortadella_cold_cuts, cheddar_cheese, cucumber_pickled, tomato_raw, baguette, mayonnaise"
"garnish_recipe_fa_1220_6429319c","sabzi-polo-ba-mahi","سبزی پلو با ماهی","phase-one-v0.6.1","ایران","","","10","5","16","NOT_RULED","P3","P3:IRANIAN_LOCALITY_MISSING:غذای ایرانی است اما شهر/استان مشخص ندارد.","مواد: برنج باسماتی خام، سبزی پلو، ماهی قزل‌آلا خام، سیر خام، زعفران، آبلیموی بطری، روغن آفتابگردان، نمک خوراکی، فلفل سیاه آسیاب‌شده، زردچوبه آسیاب‌شده | کدها: basmati_rice_raw, sabzi_polo_mix, trout_raw, garlic_raw, saffron, lemon_juice_bottled, sunflower_oil, salt_table, black_pepper_ground, turmeric_ground"
"garnish_recipe_fa_2028_1932b5ee","falafel-sauce","سس فلافل","phase-one-v0.6.1","ایران","","","9","5","16","NOT_RULED","P3","P3:IRANIAN_LOCALITY_MISSING:غذای ایرانی است اما شهر/استان مشخص ندارد.","مواد: مایونز، ماست ساده، سس خردل، کچاپ، نمک خوراکی، فلفل سیاه آسیاب‌شده، پرک فلفل قرمز، سیر خام، آبلیموی بطری | کدها: mayonnaise, plain_yogurt, mustard_prepared, ketchup, salt_table, black_pepper_ground, red_pepper_flakes, garlic_raw, lemon_juice_bottled"
"garnish_recipe_fa_2075_3d9b2098","samosa-abadan","سمبوسه آبادانی","phase-one-v0.6.1","ایران","","","13","5","16","NOT_RULED","P3","P3:IRANIAN_LOCALITY_MISSING:غذای ایرانی است اما شهر/استان مشخص ندارد.","مواد: نان لواش، سیب‌زمینی خام، پیاز خام، گشنیز تازه، جعفری تازه، شوید تازه، فلفل تند خام، سیر خام، فلفل سیاه آسیاب‌شده، پاپریکا آسیاب‌شده | کدها: lavash_bread, potato_raw, onion_raw, cilantro_fresh, parsley_fresh, dill_fresh, chili_pepper_raw, garlic_raw, black_pepper_ground, paprika_ground"
"garnish_recipe_fa_2079_5543499b","baked-samosa","سمبوسه در فر","phase-one-v0.6.1","ایران","","","13","5","16","NOT_RULED","P3","P3:IRANIAN_LOCALITY_MISSING:غذای ایرانی است اما شهر/استان مشخص ندارد.","مواد: نان لواش، سیب‌زمینی خام، پیاز خام، گشنیز تازه، جعفری تازه، شوید تازه، فلفل تند خام، سیر خام، پاپریکا آسیاب‌شده، فلفل سیاه آسیاب‌شده | کدها: lavash_bread, potato_raw, onion_raw, cilantro_fresh, parsley_fresh, dill_fresh, chili_pepper_raw, garlic_raw, paprika_ground, black_pepper_ground"
"garnish_recipe_fa_1816_dec0afbb","cream-of-chicken-soup","سوپ شیر","phase-one-v0.6.1","ایران","","","14","5","16","NOT_RULED","P3","P3:IRANIAN_LOCALITY_MISSING:غذای ایرانی است اما شهر/استان مشخص ندارد.","مواد: سینه مرغ خام، جو دوسر پرک خام، قارچ دکمه‌ای خام، هویج خام، جعفری تازه، شیر کامل، خامه پرچرب، آرد گندم سفید، کره بدون نمک، روغن آفتابگردان | کدها: chicken_breast_raw, rolled_oats_raw, button_mushroom_raw, carrot_raw, parsley_fresh, whole_milk, heavy_cream, all_purpose_flour, butter_unsalted, sunflower_oil"
"garnish_recipe_fa_1768_7a1c6699","sosis-bandari","سوسیس بندری","phase-one-v0.6.1","ایران","","","11","5","18","NOT_RULED","P3","P3:IRANIAN_LOCALITY_MISSING:غذای ایرانی است اما شهر/استان مشخص ندارد.","مواد: سوسیس گوشت گاو خام، پیاز خام، فلفل دلمه‌ای خام، رب گوجه‌فرنگی، جعفری تازه، روغن آفتابگردان، زردچوبه آسیاب‌شده، پاپریکا آسیاب‌شده، پرک فلفل قرمز، فلفل سیاه آسیاب‌شده | کدها: beef_sausage_raw, onion_raw, bell_pepper_raw, tomato_paste, parsley_fresh, sunflower_oil, turmeric_ground, paprika_ground, red_pepper_flakes, black_pepper_ground"
"garnish_lite_fa_058_9891c764","sour-cherry-cooler","شربت آلبالو خانگی با یخ","lite-food-v0.3","ایران","","","1","3","0","NOT_RULED","P3","P3:IRANIAN_LOCALITY_MISSING:غذای ایرانی است اما شهر/استان مشخص ندارد.","مواد: شربت آلبالو | کدها: sour_cherry_syrup"
"garnish_recipe_fa_1513_1e7a7b4f","orange-blossom-sharbat","شربت بهار نارنج","phase-one-v0.6.1","ایران","","","3","5","18","NOT_RULED","P3","P3:IRANIAN_LOCALITY_MISSING:غذای ایرانی است اما شهر/استان مشخص ندارد.","مواد: عرق بهارنارنج، شکر دانه‌ریز، گلاب | کدها: orange_blossom_water, caster_sugar, rose_water"
"garnish_recipe_fa_1510_2d1f8557","cucumber-sekanjabin-sharbat","شربت خیار سکنجبین","phase-one-v0.6.1","ایران","","","5","5","18","NOT_RULED","P3","P3:IRANIAN_LOCALITY_MISSING:غذای ایرانی است اما شهر/استان مشخص ندارد.","مواد: خیار خام، شکر دانه‌ریز، سرکه سفید، نعناع تازه، لیمو زرد خام | کدها: cucumber_raw, caster_sugar, white_vinegar, mint_fresh, lemon_raw"
"garnish_lite_fa_060_0a0758f2","saffron-orange-blossom-cooler","شربت زعفران و بهارنارنج","lite-food-v0.3","ایران","","","3","3","0","NOT_RULED","P3","P3:IRANIAN_LOCALITY_MISSING:غذای ایرانی است اما شهر/استان مشخص ندارد.","مواد: زعفران، عرق بهارنارنج، شکر دانه‌ریز | کدها: saffron, orange_blossom_water, caster_sugar"
"garnish_lite_fa_067_65bc28c4","sekanjabin-with-cucumber","شربت سکنجبین با خیار","lite-food-v0.3","ایران","","","2","3","0","NOT_RULED","P3","P3:IRANIAN_LOCALITY_MISSING:غذای ایرانی است اما شهر/استان مشخص ندارد.","مواد: شربت سکنجبین آماده، خیار خام | کدها: sekanjabin_syrup, cucumber_raw"
"garnish_recipe_fa_1514_82bb4541","rosewater-sharbat","شربت گلاب","phase-one-v0.6.1","ایران","","","3","5","18","NOT_RULED","P3","P3:IRANIAN_LOCALITY_MISSING:غذای ایرانی است اما شهر/استان مشخص ندارد.","مواد: گلاب، شکر دانه‌ریز، زعفران | کدها: rose_water, caster_sugar, saffron"
"garnish_recipe_fa_1482_782462e9","sholeh-zard","شله زرد","phase-one-v0.6.1","ایران","","","9","5","16","NOT_RULED","P3","P3:IRANIAN_LOCALITY_MISSING:غذای ایرانی است اما شهر/استان مشخص ندارد.","مواد: برنج سفید خام، شکر دانه‌ریز، زعفران، گلاب، کره بدون نمک، خلال بادام، خلال پسته، چوب دارچین، هل آسیاب‌شده | کدها: white_rice_raw, caster_sugar, saffron, rose_water, butter_unsalted, slivered_almonds, slivered_pistachios, cinnamon_stick, cardamom_ground"
"garnish_recipe_fa_1491_0553f941","shir-berenj","شیر برنج","phase-one-v0.6.1","ایران","","","9","5","16","NOT_RULED","P3","P3:IRANIAN_LOCALITY_MISSING:غذای ایرانی است اما شهر/استان مشخص ندارد.","مواد: برنج سفید خام، شیر کامل، شکر دانه‌ریز، گلاب، زعفران، هل آسیاب‌شده، کره بدون نمک، دارچین آسیاب‌شده، خلال پسته | کدها: white_rice_raw, whole_milk, caster_sugar, rose_water, saffron, cardamom_ground, butter_unsalted, cinnamon_ground, slivered_pistachios"
"garnish_recipe_fa_1555_00844d92","pistachio-milk","شیر پسته","phase-one-v0.6.1","ایران","","","5","5","18","NOT_RULED","P3","P3:IRANIAN_LOCALITY_MISSING:غذای ایرانی است اما شهر/استان مشخص ندارد.","مواد: پسته خام، شیر کامل، شکر قهوه‌ای، گلاب، هل آسیاب‌شده | کدها: pistachios_raw, whole_milk, brown_sugar, rose_water, cardamom_ground"
"garnish_lite_fa_065_cda75133","cold-pistachio-milk","شیر پسته سرد","lite-food-v0.3","ایران","","","3","3","0","NOT_RULED","P3","P3:IRANIAN_LOCALITY_MISSING:غذای ایرانی است اما شهر/استان مشخص ندارد.","مواد: شیر کامل، پسته خام، عسل | کدها: whole_milk, pistachios_raw, honey"
"garnish_lite_fa_002_6f0bd5c3","grape-molasses-and-tahini-on-bread","شیره انگور و ارده روی نان","lite-food-v0.3","ایران","","","3","3","0","NOT_RULED","P3","P3:IRANIAN_LOCALITY_MISSING:غذای ایرانی است اما شهر/استان مشخص ندارد.","مواد: شیره انگور، ارده، نان لواش | کدها: grape_molasses, tahini, lavash_bread"
"garnish_lite_fa_003_84eb3049","date-syrup-and-tahini-on-bread","شیره خرما و ارده روی نان","lite-food-v0.3","ایران","","","3","3","0","NOT_RULED","P3","P3:IRANIAN_LOCALITY_MISSING:غذای ایرانی است اما شهر/استان مشخص ندارد.","مواد: شیره خرما، ارده، نان لواش | کدها: date_syrup, tahini, lavash_bread"
"garnish_recipe_fa_1207_5b8c823a","shishlik","شیشلیک (کباب دنده)","phase-one-v0.6.1","ایران","","","10","6","16","NOT_RULED","P3","P3:IRANIAN_LOCALITY_MISSING:غذای ایرانی است اما شهر/استان مشخص ندارد.","مواد: دنده گوسفند خام، پیاز خام، ماست ساده، زعفران، آبلیموی بطری، روغن زیتون، کره بدون نمک، نمک خوراکی، فلفل سیاه آسیاب‌شده، زردچوبه آسیاب‌شده | کدها: lamb_ribs_raw, onion_raw, plain_yogurt, saffron, lemon_juice_bottled, olive_oil, butter_unsalted, salt_table, black_pepper_ground, turmeric_ground"
"garnish_recipe_fa_864_37673192","adas-polo-ba-goosht","عدس‌پلو با گوشت","phase-one-v0.6.1","ایران","","","13","7","16","NOT_RULED","P3","P3:IRANIAN_LOCALITY_MISSING:غذای ایرانی است اما شهر/استان مشخص ندارد.","مواد: برنج سفید خام، عدس خشک، گوشت چرخ‌کرده گاو خام، پیاز خام، کشمش، خرمای بدون هسته، زعفران، ادویه پلو، دارچین آسیاب‌شده، روغن آفتابگردان | کدها: white_rice_raw, lentils_dry, ground_beef_raw, onion_raw, raisins, pitted_dates, saffron, advieh_polo, cinnamon_ground, sunflower_oil"
"garnish_recipe_fa_1562_0d149539","adasi","عدسی","phase-one-v0.6.1","ایران","","","8","5","18","NOT_RULED","P3","P3:IRANIAN_LOCALITY_MISSING:غذای ایرانی است اما شهر/استان مشخص ندارد.","مواد: عدس خشک، پیاز خام، سیر خام، رب گوجه‌فرنگی، سیب‌زمینی خام، روغن آفتابگردان، زردچوبه آسیاب‌شده، آبلیموی بطری | کدها: lentils_dry, onion_raw, garlic_raw, tomato_paste, potato_raw, sunflower_oil, turmeric_ground, lemon_juice_bottled"
"garnish_recipe_fa_1492_08a81971","ferni","فرنی","phase-one-v0.6.1","ایران","","","9","5","16","NOT_RULED","P3","P3:IRANIAN_LOCALITY_MISSING:غذای ایرانی است اما شهر/استان مشخص ندارد.","مواد: شیر کامل، آرد برنج، شکر دانه‌ریز، گلاب، زعفران، هل آسیاب‌شده، کره بدون نمک، دارچین آسیاب‌شده، خلال پسته | کدها: whole_milk, rice_flour, caster_sugar, rose_water, saffron, cardamom_ground, butter_unsalted, cinnamon_ground, slivered_pistachios"
"garnish_recipe_fa_2086_c02ef228","falafel-abadan","فلافل آبادانی","phase-one-v0.6.1","ایران","","","16","5","16","NOT_RULED","P3","P3:IRANIAN_LOCALITY_MISSING:غذای ایرانی است اما شهر/استان مشخص ندارد.","مواد: نخود خشک، پیاز خام، سیر خام، جعفری تازه، گشنیز تازه، پیازچه خام، فلفل تند خام، تخم گشنیز آسیاب‌شده، زیره سبز آسیاب‌شده، پاپریکا آسیاب‌شده | کدها: chickpeas_dry, onion_raw, garlic_raw, parsley_fresh, cilantro_fresh, scallion_raw, chili_pepper_raw, coriander_seed_ground, cumin_ground, paprika_ground"
"garnish_recipe_fa_2054_be491f02","gheymeh-sibzamini","قیمه سیب زمینی","phase-one-v0.6.1","ایران","","","12","5","16","RULE_PASS","P3","P3:IRANIAN_LOCALITY_MISSING:غذای ایرانی است اما شهر/استان مشخص ندارد.","مواد: گوشت گوسفند خام، لپه زرد خشک، پیاز خام، گوجه‌فرنگی خام، لیموعمانی کامل، زعفران، چوب دارچین، سیب‌زمینی خام، زردچوبه آسیاب‌شده، روغن آفتابگردان | کدها: lamb_meat_raw, yellow_split_peas_dry, onion_raw, tomato_raw, dried_lime_whole, saffron, cinnamon_stick, potato_raw, turmeric_ground, sunflower_oil"
"garnish_recipe_fa_1263_0e8a8255","kaleh-joosh","کاله‌جوش (کله‌جوش)","phase-one-v0.6.1","ایران","","","7","6","16","NOT_RULED","P3","P3:IRANIAN_LOCALITY_MISSING:غذای ایرانی است اما شهر/استان مشخص ندارد.","مواد: کشک مایع، گردو خام، پیاز خام، نعناع خشک، زردچوبه آسیاب‌شده، روغن آفتابگردان، نان لواش | کدها: kashk_liquid, walnuts_raw, onion_raw, dried_mint, turmeric_ground, sunflower_oil, lavash_bread"
"garnish_recipe_fa_1209_7bd0ff68","kabab-bakhtiari","کباب بختیاری","phase-one-v0.6.1","ایران","","","10","6","16","NOT_RULED","P3","P3:IRANIAN_LOCALITY_MISSING:غذای ایرانی است اما شهر/استان مشخص ندارد.","مواد: استیک گاو خام، سینه مرغ خام، پیاز خام، زعفران، آبلیموی بطری، روغن زیتون، فلفل دلمه‌ای خام، نمک خوراکی، فلفل سیاه آسیاب‌شده، زردچوبه آسیاب‌شده | کدها: beef_steak_raw, chicken_breast_raw, onion_raw, saffron, lemon_juice_bottled, olive_oil, bell_pepper_raw, salt_table, black_pepper_ground, turmeric_ground"
"garnish_recipe_fa_84_52c11d43","kabab-barg","کباب برگ","phase-one-v0.6.1","ایران","","","9","6","16","NOT_RULED","P3","P3:IRANIAN_LOCALITY_MISSING:غذای ایرانی است اما شهر/استان مشخص ندارد.","مواد: فیله گاو خام، پیاز خام، زعفران، لیمو زرد خام، روغن زیتون، کره بدون نمک، نمک خوراکی، فلفل سیاه آسیاب‌شده، سماق آسیاب‌شده | کدها: beef_tenderloin_raw, onion_raw, saffron, lemon_raw, olive_oil, butter_unsalted, salt_table, black_pepper_ground, sumac_ground"
"garnish_recipe_fa_1197_73204fa8","kabab-tabei-morgh","کباب تابه‌ای مرغ","phase-one-v0.6.1","ایران","","","9","6","16","NOT_RULED","P3","P3:IRANIAN_LOCALITY_MISSING:غذای ایرانی است اما شهر/استان مشخص ندارد.","مواد: گوشت چرخ‌کرده مرغ خام، پیاز خام، زعفران، آرد سوخاری، گوجه‌فرنگی خام، روغن آفتابگردان، نمک خوراکی، فلفل سیاه آسیاب‌شده، زردچوبه آسیاب‌شده | کدها: ground_chicken_raw, onion_raw, saffron, breadcrumbs, tomato_raw, sunflower_oil, salt_table, black_pepper_ground, turmeric_ground"
"garnish_recipe_fa_1353_5d0ac837","doner-kebab","کباب ترکی","phase-one-v0.6.1","ترکیه","","","15","5","16","NOT_RULED","P3","P3:IRANIAN_LOCALITY_MISSING:غذای ایرانی است اما شهر/استان مشخص ندارد.","مواد: استیک گاو خام، پیاز خام، سیر خام، ماست ساده، روغن زیتون، آبلیموی بطری، پاپریکا آسیاب‌شده، زیره سبز آسیاب‌شده، نمک خوراکی، فلفل سیاه آسیاب‌شده | کدها: beef_steak_raw, onion_raw, garlic_raw, plain_yogurt, olive_oil, lemon_juice_bottled, paprika_ground, cumin_ground, salt_table, black_pepper_ground"
"garnish_recipe_fa_1215_673014ad","kabab-chenjeh","کباب چنجه","phase-one-v0.6.1","ایران","","","9","6","16","NOT_RULED","P3","P3:IRANIAN_LOCALITY_MISSING:غذای ایرانی است اما شهر/استان مشخص ندارد.","مواد: گوشت گوسفند خام، پیاز خام، آبلیموی بطری، روغن زیتون، زعفران، کره بدون نمک، نمک خوراکی، فلفل سیاه آسیاب‌شده، زردچوبه آسیاب‌شده | کدها: lamb_meat_raw, onion_raw, lemon_juice_bottled, olive_oil, saffron, butter_unsalted, salt_table, black_pepper_ground, turmeric_ground"
"garnish_recipe_fa_166_41ac7f2f","kabab-hosseini","کباب حسینی","phase-one-v0.6.1","ایران","","","8","5","18","NOT_RULED","P3","P3:IRANIAN_LOCALITY_MISSING:غذای ایرانی است اما شهر/استان مشخص ندارد.","مواد: گوشت گوسفند خام، پیاز خام، گوجه‌فرنگی خام، فلفل دلمه‌ای خام، زعفران، روغن آفتابگردان، نمک خوراکی، فلفل سیاه آسیاب‌شده | کدها: lamb_meat_raw, onion_raw, tomato_raw, bell_pepper_raw, saffron, sunflower_oil, salt_table, black_pepper_ground"
"garnish_recipe_fa_85_575ccb7a","kabab-soltani","کباب سلطانی","phase-one-v0.6.1","ایران","","","9","6","18","NOT_RULED","P3","P3:IRANIAN_LOCALITY_MISSING:غذای ایرانی است اما شهر/استان مشخص ندارد.","مواد: فیله گاو خام، گوشت چرخ‌کرده گوسفند خام، پیاز خام، زعفران، کره بدون نمک، لیمو زرد خام، نمک خوراکی، فلفل سیاه آسیاب‌شده، سماق آسیاب‌شده | کدها: beef_tenderloin_raw, ground_lamb_raw, onion_raw, saffron, butter_unsalted, lemon_raw, salt_table, black_pepper_ground, sumac_ground"
"garnish_recipe_fa_88_c20a5f8b","kabab-vaziri","کباب وزیری","phase-one-v0.6.1","ایران","","","10","6","18","NOT_RULED","P3","P3:IRANIAN_LOCALITY_MISSING:غذای ایرانی است اما شهر/استان مشخص ندارد.","مواد: گوشت چرخ‌کرده گوسفند خام، ران مرغ خام، پیاز خام، زعفران، لیمو زرد خام، زردچوبه آسیاب‌شده، کره بدون نمک، نمک خوراکی، فلفل سیاه آسیاب‌شده، سماق آسیاب‌شده | کدها: ground_lamb_raw, chicken_thigh_raw, onion_raw, saffron, lemon_raw, turmeric_ground, butter_unsalted, salt_table, black_pepper_ground, sumac_ground"
"garnish_recipe_fa_1071_6e0696a6","kotlet-goosht","کتلت گوشت","phase-one-v0.6.1","ایران","","","9","5","16","NOT_RULED","P3","P3:IRANIAN_LOCALITY_MISSING:غذای ایرانی است اما شهر/استان مشخص ندارد.","مواد: گوشت چرخ‌کرده گاو خام، سیب‌زمینی خام، پیاز خام، تخم‌مرغ کامل خام، آرد سوخاری، روغن آفتابگردان، نمک خوراکی، فلفل سیاه آسیاب‌شده، زردچوبه آسیاب‌شده | کدها: ground_beef_raw, potato_raw, onion_raw, whole_egg_raw, breadcrumbs, sunflower_oil, salt_table, black_pepper_ground, turmeric_ground"
"garnish_lite_fa_005_c5ef5d2a","butter-and-cheese-on-warm-bread","کره و پنیر روی نان داغ","lite-food-v0.3","ایران","","","3","3","0","NOT_RULED","P3","P3:IRANIAN_LOCALITY_MISSING:غذای ایرانی است اما شهر/استان مشخص ندارد.","مواد: نان سنگک، کره بدون نمک، پنیر فتا | کدها: sangak_bread, butter_unsalted, feta_cheese"
"garnish_lite_fa_023_82c3c28e","butter-and-date-on-bread","کره و خرما روی نان","lite-food-v0.3","ایران","","","3","3","0","NOT_RULED","P3","P3:IRANIAN_LOCALITY_MISSING:غذای ایرانی است اما شهر/استان مشخص ندارد.","مواد: نان لواش، کره بدون نمک، خرمای بدون هسته | کدها: lavash_bread, butter_unsalted, pitted_dates"
"garnish_recipe_fa_1743_005c3739","kashk-bademjan","کشک بادمجان","phase-one-v0.6.1","ایران","","","8","5","16","RULE_PASS","P3","P3:IRANIAN_LOCALITY_MISSING:غذای ایرانی است اما شهر/استان مشخص ندارد.","مواد: بادمجان خام، کشک مایع، پیاز خام، سیر خام، نعناع خشک، گردو خام، زردچوبه آسیاب‌شده، روغن آفتابگردان | کدها: eggplant_raw, kashk_liquid, onion_raw, garlic_raw, dried_mint, walnuts_raw, turmeric_ground, sunflower_oil"
"garnish_lite_fa_046_5acd7ef7","cold-kashk-and-walnut-dip-with-bread","کشک و گردو با نان (دیپ سرد)","lite-food-v0.3","ایران","","","4","3","0","NOT_RULED","P3","P3:IRANIAN_LOCALITY_MISSING:غذای ایرانی است اما شهر/استان مشخص ندارد.","مواد: کشک مایع، گردو خام، نعناع خشک، نان لواش | کدها: kashk_liquid, walnuts_raw, dried_mint, lavash_bread"
"garnish_recipe_fa_1528_32041352","kaleh-pacheh","کله پاچه","phase-one-v0.6.1","ایران","","","7","5","16","RULE_PASS","P3","P3:IRANIAN_LOCALITY_MISSING:غذای ایرانی است اما شهر/استان مشخص ندارد.","مواد: گردن گوسفند خام، ماهیچه گوسفندی خام، پیاز خام، سیر خام، نمک خوراکی، فلفل سیاه آسیاب‌شده، دارچین آسیاب‌شده | کدها: lamb_neck_raw, lamb_shank_raw, onion_raw, garlic_raw, salt_table, black_pepper_ground, cinnamon_ground"
"garnish_recipe_fa_196_9e48ca8f","kalleh-gonjeshki","کله گنجشکی","phase-one-v0.6.1","ایران","","","9","5","18","NOT_RULED","P3","P3:IRANIAN_LOCALITY_MISSING:غذای ایرانی است اما شهر/استان مشخص ندارد.","مواد: گوشت چرخ‌کرده گاو خام، پیاز خام، تخم‌مرغ کامل خام، رب گوجه‌فرنگی، سیب‌زمینی خام، زردچوبه آسیاب‌شده، روغن آفتابگردان، نمک خوراکی، فلفل سیاه آسیاب‌شده | کدها: ground_beef_raw, onion_raw, whole_egg_raw, tomato_paste, potato_raw, turmeric_ground, sunflower_oil, salt_table, black_pepper_ground"
"garnish_recipe_fa_139_012333bd","kufteh-berenji","کوفته برنجی","phase-one-v0.6.1","ایران","","","11","5","16","NOT_RULED","P3","P3:IRANIAN_LOCALITY_MISSING:غذای ایرانی است اما شهر/استان مشخص ندارد.","مواد: گوشت چرخ‌کرده گوسفند خام، برنج سفید خام، لپه خشک، پیاز خام، جعفری تازه، نعناع خشک، رب گوجه‌فرنگی، زردچوبه آسیاب‌شده، روغن آفتابگردان، نمک خوراکی | کدها: ground_lamb_raw, white_rice_raw, split_peas_dry, onion_raw, parsley_fresh, dried_mint, tomato_paste, turmeric_ground, sunflower_oil, salt_table"
"garnish_recipe_fa_2049_765e338a","kuku-sabzi","کوکو سبزی","phase-one-v0.6.1","ایران","","","14","5","16","NOT_RULED","P3","P3:IRANIAN_LOCALITY_MISSING:غذای ایرانی است اما شهر/استان مشخص ندارد.","مواد: گشنیز تازه، تره پیازی تازه، جعفری تازه، شوید تازه، پیازچه خام، سیر خام، تخم‌مرغ کامل خام، گردو خام، زرشک خشک، آرد گندم سفید | کدها: cilantro_fresh, chives_fresh, parsley_fresh, dill_fresh, scallion_raw, garlic_raw, whole_egg_raw, walnuts_raw, barberries_dry, all_purpose_flour"
"garnish_recipe_fa_1323_cf6bcb5c","lasagna","لازانیا","phase-one-v0.6.1","ایران","","","13","6","16","NOT_RULED","P3","P3:IRANIAN_LOCALITY_MISSING:غذای ایرانی است اما شهر/استان مشخص ندارد.","مواد: ورقه لازانیا خشک، گوشت چرخ‌کرده گاو خام، پیاز خام، قارچ دکمه‌ای خام، رب گوجه‌فرنگی، آرد گندم سفید، شیر کامل، کره بدون نمک، پنیر موزارلا، پنیر پارمزان | کدها: lasagna_sheets_dry, ground_beef_raw, onion_raw, button_mushroom_raw, tomato_paste, all_purpose_flour, whole_milk, butter_unsalted, mozzarella_cheese, parmesan_cheese"
"garnish_recipe_fa_866_9986ddf5","loobia-polo-ba-goosht","لوبیا پلو با گوشت چرخ‌کرده","phase-one-v0.6.1","ایران","","","12","7","16","RULE_PASS","P3","P3:IRANIAN_LOCALITY_MISSING:غذای ایرانی است اما شهر/استان مشخص ندارد.","مواد: برنج سفید خام، لوبیا سبز خام، گوشت چرخ‌کرده گاو خام، پیاز خام، رب گوجه‌فرنگی، گوجه‌فرنگی خام، زردچوبه آسیاب‌شده، دارچین آسیاب‌شده، ادویه پلو، روغن آفتابگردان | کدها: white_rice_raw, green_beans_raw, ground_beef_raw, onion_raw, tomato_paste, tomato_raw, turmeric_ground, cinnamon_ground, advieh_polo, sunflower_oil"
"garnish_recipe_fa_1520_8cec648d","lemonade","لیموناد","phase-one-v0.6.1","ایران","","","4","5","18","NOT_RULED","P3","P3:IRANIAN_LOCALITY_MISSING:غذای ایرانی است اما شهر/استان مشخص ندارد.","مواد: لیمو زرد خام، شکر دانه‌ریز، لیمو زرد خام، نعناع تازه | کدها: lemon_raw, caster_sugar, lemon_raw, mint_fresh"
"garnish_lite_fa_043_fe50cdbf","cucumber-walnut-yogurt-dip","ماست با خیار و گردو (دیپ)","lite-food-v0.3","ایران","","","5","3","0","NOT_RULED","P3","P3:IRANIAN_LOCALITY_MISSING:غذای ایرانی است اما شهر/استان مشخص ندارد.","مواد: ماست ساده، خیار خام، گردو خام، نعناع خشک، نان لواش | کدها: plain_yogurt, cucumber_raw, walnuts_raw, dried_mint, lavash_bread"
"garnish_lite_fa_071_ddaeef9b","quick-spinach-yogurt-side","ماست و اسفناج آماده (بورانی سرد)","lite-food-v0.3","ایران","","","3","3","0","NOT_RULED","P3","P3:IRANIAN_LOCALITY_MISSING:غذای ایرانی است اما شهر/استان مشخص ندارد.","مواد: اسفناج منجمد، ماست ساده، سیر خام | کدها: frozen_spinach, plain_yogurt, garlic_raw"
"garnish_lite_fa_006_0ad8d5a5","yogurt-with-honey-and-cinnamon","ماست و عسل و دارچین","lite-food-v0.3","ایران","","","3","3","0","NOT_RULED","P3","P3:IRANIAN_LOCALITY_MISSING:غذای ایرانی است اما شهر/استان مشخص ندارد.","مواد: ماست ساده، عسل، دارچین آسیاب‌شده | کدها: plain_yogurt, honey, cinnamon_ground"
"garnish_recipe_fa_1195_4b547f19","persian-makaroni","ماکارونی","phase-one-v0.6.1","ایران","","","10","5","16","NOT_RULED","P3","P3:IRANIAN_LOCALITY_MISSING:غذای ایرانی است اما شهر/استان مشخص ندارد.","مواد: ماکارونی خشک، گوشت چرخ‌کرده گاو خام، پیاز خام، رب گوجه‌فرنگی، سیب‌زمینی خام، فلفل دلمه‌ای خام، روغن آفتابگردان، نمک خوراکی، فلفل سیاه آسیاب‌شده، زردچوبه آسیاب‌شده | کدها: macaroni_dry, ground_beef_raw, onion_raw, tomato_paste, potato_raw, bell_pepper_raw, sunflower_oil, salt_table, black_pepper_ground, turmeric_ground"
"garnish_recipe_fa_1333_db68905d","fried-chicken","مرغ سوخاری","phase-one-v0.6.1","ایران","","","13","5","16","NOT_RULED","P3","P3:IRANIAN_LOCALITY_MISSING:غذای ایرانی است اما شهر/استان مشخص ندارد.","مواد: ران مرغ خام، ماست ساده، تخم‌مرغ کامل خام، آرد گندم سفید، نشاسته ذرت، بکینگ پودر، پاپریکا آسیاب‌شده، سیر خام، پیاز خام، نمک خوراکی | کدها: chicken_thigh_raw, plain_yogurt, whole_egg_raw, all_purpose_flour, cornstarch, baking_powder, paprika_ground, garlic_raw, onion_raw, salt_table"
"garnish_lite_fa_069_6bd00b08","iranian-nut-and-fruit-shake","معجون انرژی‌زا","lite-food-v0.3","ایران","","","5","3","0","NOT_RULED","P3","P3:IRANIAN_LOCALITY_MISSING:غذای ایرانی است اما شهر/استان مشخص ندارد.","مواد: شیر کامل، موز خام، عسل، گردو خام، خرمای بدون هسته | کدها: whole_milk, banana_raw, honey, walnuts_raw, pitted_dates"
"garnish_lite_fa_045_42ab7334","banana-with-honey-and-walnuts","موز با عسل و گردو","lite-food-v0.3","ایران","","","3","3","0","NOT_RULED","P3","P3:IRANIAN_LOCALITY_MISSING:غذای ایرانی است اما شهر/استان مشخص ندارد.","مواد: موز خام، عسل، گردو خام | کدها: banana_raw, honey, walnuts_raw"
"garnish_recipe_fa_1519_9d69f5f1","classic-mojito","موهیتو کلاسیک","phase-one-v0.6.1","ایران","","","4","5","18","NOT_RULED","P3","P3:IRANIAN_LOCALITY_MISSING:غذای ایرانی است اما شهر/استان مشخص ندارد.","مواد: نعناع تازه، لیمو زرد خام، شکر دانه‌ریز، لیمو زرد خام | کدها: mint_fresh, lemon_raw, caster_sugar, lemon_raw"
"garnish_lite_fa_001_6f1166ee","bread-with-dates-and-sesame","نان و خرما و کنجد","lite-food-v0.3","ایران","","","3","3","0","NOT_RULED","P3","P3:IRANIAN_LOCALITY_MISSING:غذای ایرانی است اما شهر/استان مشخص ندارد.","مواد: نان لواش، خرمای بدون هسته، کنجد بوداده | کدها: lavash_bread, pitted_dates, roasted_sesame_seeds"
"garnish_lite_fa_034_396e101d","roasted-chickpeas-and-raisins","نخودچی کشمش","lite-food-v0.3","ایران","","","2","3","0","NOT_RULED","P3","P3:IRANIAN_LOCALITY_MISSING:غذای ایرانی است اما شهر/استان مشخص ندارد.","مواد: نخودچی بو داده، کشمش | کدها: roasted_chickpeas, raisins"
"garnish_recipe_fa_1341_6b4ba753","cheeseburger","همبرگر (چیز‌برگر)","phase-one-v0.6.1","ایران","","","17","5","16","NOT_RULED","P3","P3:IRANIAN_LOCALITY_MISSING:غذای ایرانی است اما شهر/استان مشخص ندارد.","مواد: گوشت چرخ‌کرده گاو خام، پیاز خام، سیر خام، آرد سوخاری، تخم‌مرغ کامل خام، نمک خوراکی، فلفل سیاه آسیاب‌شده، روغن آفتابگردان، پنیر موزارلا، کاهو خام | کدها: ground_beef_raw, onion_raw, garlic_raw, breadcrumbs, whole_egg_raw, salt_table, black_pepper_ground, sunflower_oil, mozzarella_cheese, lettuce_raw"
"garnish_recipe_fa_1270_70cc3cff","yatimcheh","یتیمچه","phase-one-v0.6.1","ایران","","","10","6","16","NOT_RULED","P3","P3:IRANIAN_LOCALITY_MISSING:غذای ایرانی است اما شهر/استان مشخص ندارد.","مواد: بادمجان خام، سیب‌زمینی خام، گوجه‌فرنگی خام، پیاز خام، سیر خام، رب گوجه‌فرنگی، روغن آفتابگردان، نمک خوراکی، فلفل سیاه آسیاب‌شده، زردچوبه آسیاب‌شده | کدها: eggplant_raw, potato_raw, tomato_raw, onion_raw, garlic_raw, tomato_paste, sunflower_oil, salt_table, black_pepper_ground, turmeric_ground"
