"recipeId","slug","title","sourceGroup","country","province","city","category","ingredientCount","stepCount","grisSectionCount","structuralComplete","culinaryRisk","worstSeverity","issueCount","issues"
"garnish_recipe_fa_1289_dccb626e","abdoogh-khiar","آب دوغ خیار","phase-one-v0.6.1","ایران","","","cold_soup","9","5","18","YES","NOT_RULED","P3","1","P3:IRANIAN_LOCALITY_MISSING:غذای ایرانی است اما شهر/استان مشخص ندارد."
"garnish_lite_fa_057_c1cfff50","fresh-orange-juice","آب پرتقال تازه","lite-food-v0.3","ایران","","","lite_food","1","3","0","YES","NOT_RULED","P3","1","P3:IRANIAN_LOCALITY_MISSING:غذای ایرانی است اما شهر/استان مشخص ندارد."
"garnish_recipe_fa_93_657f87d7","abgoosht-bozbash","آبگوشت بزباش","phase-one-v0.6.1","ایران","","","soup","9","6","16","YES","NOT_RULED","P3","1","P3:IRANIAN_LOCALITY_MISSING:غذای ایرانی است اما شهر/استان مشخص ندارد."
"garnish_recipe_fa_95_0962d2a9","abgoosht-ghanbid","آبگوشت قنبید","phase-one-v0.6.1","ایران","قم","قم","soup","10","5","16","YES","NOT_RULED","PASS","0",""
"garnish_recipe_fa_168_8b2d9b86","abgoosht-matanjaneh-kermani","آبگوشت متنجنه کرمانی","phase-one-v0.6.1","ایران","کرمان","کرمان","soup","12","5","16","YES","NOT_RULED","PASS","0",""
"garnish_recipe_fa_94_78034c8a","abgoosht-kashk","آبگوشت کشک","phase-one-v0.6.1","ایران","","","soup","10","5","16","YES","NOT_RULED","P3","1","P3:IRANIAN_LOCALITY_MISSING:غذای ایرانی است اما شهر/استان مشخص ندارد."
"garnish_lite_fa_068_37fec2fb","fresh-pomegranate-juice","آب‌انار تازه","lite-food-v0.3","ایران","","","lite_food","1","3","0","YES","NOT_RULED","P3","1","P3:IRANIAN_LOCALITY_MISSING:غذای ایرانی است اما شهر/استان مشخص ندارد."
"garnish_lite_fa_061_a11935fe","watermelon-juice","آب‌میوه هندوانه","lite-food-v0.3","ایران","","","lite_food","2","3","0","YES","NOT_RULED","P3","1","P3:IRANIAN_LOCALITY_MISSING:غذای ایرانی است اما شهر/استان مشخص ندارد."
"garnish_lite_fa_022_918e1afd","morning-nut-raisin-and-date-mix","آجیل و کشمش و خرما (مخلوط صبحانه)","lite-food-v0.3","ایران","","","lite_food","3","3","0","YES","NOT_RULED","P3","1","P3:IRANIAN_LOCALITY_MISSING:غذای ایرانی است اما شهر/استان مشخص ندارد."
"garnish_recipe_global_143_108_c446d87d","filipino-chicken-adobo","آدوبوی مرغ فیلیپینی","global-143-v0.3","فیلیپین","","","main_course","9","5","18","YES","NOT_RULED","P2","1","P2:WEAK_GRIS_STEPS:بعضی مراحل GRIS کوتاه/کم‌جزئیات‌اند. (6/6)"
"garnish_recipe_intl_034_3035ba70","arancini","آرانچینی","international-core-150-v0.6.0","ایتالیا","","","appetizer","9","5","18","YES","NOT_RULED","P2","1","P2:WEAK_GRIS_STEPS:بعضی مراحل GRIS کوتاه/کم‌جزئیات‌اند. (7/7)"
"garnish_recipe_global_143_123_a69d6cde","arepas-with-cheese-and-beans","آرپای ذرتی با پنیر و لوبیا","global-143-v0.3","نامشخص در داده؛ بین‌المللی","","","bread","7","5","18","YES","NOT_RULED","P2","2","P2:WEAK_GRIS_STEPS:بعضی مراحل GRIS کوتاه/کم‌جزئیات‌اند. (5/5) | P2:ORIGIN_WEAK:کشور/مبدا از داده به‌وضوح قابل استخراج نیست."
"garnish_recipe_global_143_122_fef6d7d8","argentinian-asado-with-chimichurri","آسادوی آرژانتینی با چیمی‌چوری","global-143-v0.3","آرژانتین","","","main_course","10","5","18","YES","NOT_RULED","P2","1","P2:WEAK_GRIS_STEPS:بعضی مراحل GRIS کوتاه/کم‌جزئیات‌اند. (6/6)"
"garnish_recipe_fa_148_554e136f","ash-e-anar","آش انار","phase-one-v0.6.1","ایران","","","soup","11","5","18","YES","NOT_RULED","P2","2","P2:WEAK_GRIS_STEPS:بعضی مراحل GRIS کوتاه/کم‌جزئیات‌اند. (6/6) | P3:IRANIAN_LOCALITY_MISSING:غذای ایرانی است اما شهر/استان مشخص ندارد."
"garnish_recipe_fa_78_26989900","ash-torsh-gilani","آش ترش گیلانی","phase-one-v0.6.1","ایران","گیلان","","soup","10","6","16","YES","NOT_RULED","P2","1","P2:WEAK_GRIS_INGREDIENTS:مواد GRIS نقش/نکته خرید/گروه کامل ندارند. (1/10)"
"garnish_recipe_fa_147_3b1b07c5","ash-e-jo","آش جو","phase-one-v0.6.1","ایران","","","soup","10","5","18","YES","NOT_RULED","P2","2","P2:WEAK_GRIS_STEPS:بعضی مراحل GRIS کوتاه/کم‌جزئیات‌اند. (7/7) | P3:IRANIAN_LOCALITY_MISSING:غذای ایرانی است اما شهر/استان مشخص ندارد."
"garnish_recipe_fa_79_792d1196","ash-dandooni","آش دندونی","phase-one-v0.6.1","ایران","","","soup","10","5","18","YES","NOT_RULED","P2","2","P2:WEAK_GRIS_STEPS:بعضی مراحل GRIS کوتاه/کم‌جزئیات‌اند. (6/6) | P3:IRANIAN_LOCALITY_MISSING:غذای ایرانی است اما شهر/استان مشخص ندارد."
"garnish_recipe_fa_1235_f91ccc6d","ash-doogh","آش دوغ","phase-one-v0.6.1","ایران","اردبیل","","main","8","5","16","YES","RULE_PASS","PASS","0",""
"garnish_recipe_fa_1208_434b3a9a","ash-reshteh","آش رشته","phase-one-v0.6.1","ایران","","","main","13","5","16","YES","RULE_PASS","P3","1","P3:IRANIAN_LOCALITY_MISSING:غذای ایرانی است اما شهر/استان مشخص ندارد."
"garnish_recipe_fa_77_3adf94d4","ash-sabzi-shirazi","آش سبزی شیرازی","phase-one-v0.6.1","ایران","فارس","شیراز","soup","9","6","16","YES","NOT_RULED","PASS","0",""
"garnish_recipe_fa_1237_3dff9aba","ash-sholeh-ghalamkar","آش شله قلمکار","phase-one-v0.6.1","ایران","","","main","13","5","16","YES","NOT_RULED","P3","1","P3:IRANIAN_LOCALITY_MISSING:غذای ایرانی است اما شهر/استان مشخص ندارد."
"garnish_recipe_fa_119_2a846a21","ash-shooli-yazdi","آش شولی یزدی","phase-one-v0.6.1","ایران","یزد","یزد","soup","10","6","16","YES","NOT_RULED","PASS","0",""
"garnish_recipe_fa_870_d37ad654","albaloo-polo-ba-morgh","آلبالو پلو با مرغ یا گوشت","phase-one-v0.6.1","ایران","","","rice","15","8","16","YES","NOT_RULED","P3","1","P3:IRANIAN_LOCALITY_MISSING:غذای ایرانی است اما شهر/استان مشخص ندارد."
"garnish_recipe_global_143_088_e5346ddb","alfajores-dulce-de-leche","آلفاخورس با دولسه د لچه","global-143-v0.3","آرژانتین","","","dessert","8","4","18","YES","NOT_RULED","P2","1","P2:WEAK_GRIS_STEPS:بعضی مراحل GRIS کوتاه/کم‌جزئیات‌اند. (6/6)"
"garnish_recipe_global_143_022_a1009be1","smashed-avocado-toast","آووکادو تست له‌شده","global-143-v0.3","نامشخص در داده؛ بین‌المللی","","","breakfast","7","3","18","YES","NOT_RULED","P2","2","P2:WEAK_GRIS_STEPS:بعضی مراحل GRIS کوتاه/کم‌جزئیات‌اند. (5/5) | P2:ORIGIN_WEAK:کشور/مبدا از داده به‌وضوح قابل استخراج نیست."
"garnish_recipe_intl_095_c9024579","avgolemono","آوگولمونو","international-core-150-v0.6.0","یونان","","","soup","8","5","18","YES","NOT_RULED","P2","1","P2:WEAK_GRIS_STEPS:بعضی مراحل GRIS کوتاه/کم‌جزئیات‌اند. (6/6)"
"garnish_recipe_global_143_033_4844ee49","watermelon-agua-fresca","آگوا فرسکای هندوانه","global-143-v0.3","نامشخص در داده؛ بین‌المللی","","","drink","5","4","18","YES","NOT_RULED","P2","1","P2:ORIGIN_WEAK:کشور/مبدا از داده به‌وضوح قابل استخراج نیست."
"garnish_recipe_global_143_031_1302a859","turkish-ayran","آیران ترکی","global-143-v0.3","ترکیه","","","drink","4","3","18","YES","NOT_RULED","PASS","0",""
"garnish_lite_fa_054_40007b8f","iced-matcha-latte","آیس ماچا لاته","lite-food-v0.3","نامشخص در داده؛ بین‌المللی","","","lite_food","2","3","0","YES","NOT_RULED","P2","1","P2:ORIGIN_WEAK:کشور/مبدا از داده به‌وضوح قابل استخراج نیست."
"garnish_lite_fa_064_769340cd","iced-green-tea-with-lemon","آیس چای سبز با لیمو","lite-food-v0.3","نامشخص در داده؛ بین‌المللی","","","lite_food","3","3","0","YES","NOT_RULED","P2","1","P2:ORIGIN_WEAK:کشور/مبدا از داده به‌وضوح قابل استخراج نیست."
"garnish_recipe_intl_112_cb59927d","eton-mess","اتن مس","international-core-150-v0.6.0","بریتانیا","","","dessert","6","5","18","YES","NOT_RULED","P2","2","P2:WEAK_GRIS_STEPS:بعضی مراحل GRIS کوتاه/کم‌جزئیات‌اند. (6/6) | P2:WEAK_GRIS_INGREDIENTS:مواد GRIS نقش/نکته خرید/گروه کامل ندارند. (6/6)"
"garnish_recipe_global_143_052_fd0a302b","salted-edamame","ادامامه نمکی","global-143-v0.3","ژاپن","","","boiled","3","5","18","YES","NOT_RULED","P2","1","P2:WEAK_GRIS_STEPS:بعضی مراحل GRIS کوتاه/کم‌جزئیات‌اند. (5/5)"
"garnish_recipe_global_143_104_31c06413","home-style-peking-duck","اردک پکنی خانگی","global-143-v0.3","ایران","گیلان","","main_course","10","5","18","YES","NOT_RULED","P2","1","P2:WEAK_GRIS_STEPS:بعضی مراحل GRIS کوتاه/کم‌جزئیات‌اند. (7/7)"
"garnish_recipe_intl_028_ecdcc65f","stamppot","استامپوت (پوره سیب‌زمینی و کلم ترش)","international-core-150-v0.6.0","هلند","","","main_course","8","5","18","YES","NOT_RULED","P2","1","P2:WEAK_GRIS_STEPS:بعضی مراحل GRIS کوتاه/کم‌جزئیات‌اند. (6/6)"
"garnish_recipe_fa_868_c97331a5","estamboli-polo","استانبولی پلو بدون گوشت","phase-one-v0.6.1","ایران","","","rice","10","7","16","YES","NOT_RULED","P3","1","P3:IRANIAN_LOCALITY_MISSING:غذای ایرانی است اما شهر/استان مشخص ندارد."
"garnish_recipe_intl_070_ef1a1272","stroopwafel","استروپ‌وافل","international-core-150-v0.6.0","هلند","","","dessert","8","5","18","YES","NOT_RULED","P2","1","P2:WEAK_GRIS_STEPS:بعضی مراحل GRIS کوتاه/کم‌جزئیات‌اند. (6/6)"
"garnish_lite_fa_052_cbf1699d","pineapple-coconut-smoothie","اسموتی آناناس و نارگیل","lite-food-v0.3","نامشخص در داده؛ بین‌المللی","","","lite_food","3","3","0","YES","NOT_RULED","P2","1","P2:ORIGIN_WEAK:کشور/مبدا از داده به‌وضوح قابل استخراج نیست."
"garnish_lite_fa_066_09614bdf","avocado-smoothie","اسموتی آووکادو","lite-food-v0.3","نامشخص در داده؛ بین‌المللی","","","lite_food","3","3","0","YES","NOT_RULED","P2","1","P2:ORIGIN_WEAK:کشور/مبدا از داده به‌وضوح قابل استخراج نیست."
"garnish_lite_fa_018_03b6b930","mango-yogurt-smoothie","اسموتی انبه و ماست","lite-food-v0.3","نامشخص در داده؛ بین‌المللی","","","lite_food","3","3","0","YES","NOT_RULED","P2","1","P2:ORIGIN_WEAK:کشور/مبدا از داده به‌وضوح قابل استخراج نیست."
"garnish_recipe_fa_1563_68a06056","strawberry-smoothie","اسموتی توت‌فرنگی","phase-one-v0.6.1","ایران","","","beverage","5","5","18","YES","NOT_RULED","P3","1","P3:IRANIAN_LOCALITY_MISSING:غذای ایرانی است اما شهر/استان مشخص ندارد."
"garnish_lite_fa_019_37a117f6","date-and-cacao-smoothie","اسموتی خرما و کاکائو","lite-food-v0.3","نامشخص در داده؛ بین‌المللی","","","lite_food","4","3","0","YES","NOT_RULED","P2","1","P2:ORIGIN_WEAK:کشور/مبدا از داده به‌وضوح قابل استخراج نیست."
"garnish_lite_fa_062_0b593690","chocolate-banana-smoothie","اسموتی شکلات و موز","lite-food-v0.3","نامشخص در داده؛ بین‌المللی","","","lite_food","3","3","0","YES","NOT_RULED","P2","1","P2:ORIGIN_WEAK:کشور/مبدا از داده به‌وضوح قابل استخراج نیست."
"garnish_recipe_fa_1554_6e31eecc","cantaloupe-smoothie","اسموتی طالبی","phase-one-v0.6.1","ایران","","","beverage","5","5","18","YES","NOT_RULED","P3","1","P3:IRANIAN_LOCALITY_MISSING:غذای ایرانی است اما شهر/استان مشخص ندارد."
"garnish_lite_fa_056_6f618741","peach-yogurt-smoothie","اسموتی هلو و ماست","lite-food-v0.3","نامشخص در داده؛ بین‌المللی","","","lite_food","4","3","0","YES","NOT_RULED","P2","1","P2:ORIGIN_WEAK:کشور/مبدا از داده به‌وضوح قابل استخراج نیست."
"garnish_recipe_fa_1564_e9a872de","watermelon-smoothie","اسموتی هندوانه","phase-one-v0.6.1","ایران","","","beverage","3","5","18","YES","NOT_RULED","P3","1","P3:IRANIAN_LOCALITY_MISSING:غذای ایرانی است اما شهر/استان مشخص ندارد."
"garnish_recipe_global_143_143_6060b21f","danish-smorrebrod-herring","اسموربرود دانمارکی با شاه‌ماهی","global-143-v0.3","دانمارک","","","open_sandwich","9","5","18","YES","RULE_PASS","P2","1","P2:WEAK_GRIS_STEPS:بعضی مراحل GRIS کوتاه/کم‌جزئیات‌اند. (5/5)"
"garnish_recipe_intl_036_e0780696","spanakopita","اسپاناکوپیتا","international-core-150-v0.6.0","یونان","","","main_course","11","5","18","YES","NOT_RULED","P2","1","P2:WEAK_GRIS_STEPS:بعضی مراحل GRIS کوتاه/کم‌جزئیات‌اند. (6/6)"
"garnish_recipe_intl_123_e8fa3267","spaghetti-al-limone","اسپاگتی آل لیمونه","international-core-150-v0.6.0","ایتالیا","","","main_course","8","5","18","YES","NOT_RULED","P2","1","P2:WEAK_GRIS_STEPS:بعضی مراحل GRIS کوتاه/کم‌جزئیات‌اند. (6/6)"
"garnish_recipe_intl_062_ce31c267","spaghetti-aglio-e-olio","اسپاگتی سیر و روغن","international-core-150-v0.6.0","ایتالیا","","","main_course","6","5","18","YES","NOT_RULED","P2","2","P2:WEAK_GRIS_STEPS:بعضی مراحل GRIS کوتاه/کم‌جزئیات‌اند. (6/6) | P2:WEAK_GRIS_INGREDIENTS:مواد GRIS نقش/نکته خرید/گروه کامل ندارند. (6/6)"
"garnish_recipe_global_143_135_2919e78e","roman-spaghetti-carbonara","اسپاگتی کاربونارای رومی","global-143-v0.3","ایتالیا","","رم","main_course","6","6","18","YES","RULE_PASS","P2","1","P2:WEAK_GRIS_STEPS:بعضی مراحل GRIS کوتاه/کم‌جزئیات‌اند. (6/6)"
"garnish_recipe_global_143_024_194514e6","espresso-double-shot","اسپرسوی دوبل خانگی","global-143-v0.3","نامشخص در داده؛ بین‌المللی","","","drink","2","4","18","YES","NOT_RULED","P2","1","P2:ORIGIN_WEAK:کشور/مبدا از داده به‌وضوح قابل استخراج نیست."
"garnish_recipe_global_143_039_d8dc5a96","vietnamese-fresh-spring-rolls","اسپرینگ رول تازه ویتنامی","global-143-v0.3","نامشخص در داده؛ بین‌المللی","","","appetizer","12","5","18","YES","NOT_RULED","P2","2","P2:WEAK_GRIS_STEPS:بعضی مراحل GRIS کوتاه/کم‌جزئیات‌اند. (6/6) | P2:ORIGIN_WEAK:کشور/مبدا از داده به‌وضوح قابل استخراج نیست."
"garnish_recipe_global_143_047_8830766d","thai-fried-spring-rolls","اسپرینگ‌رول تایلندی سرخ‌شده","global-143-v0.3","تایلند","","","fried_roll","11","5","18","YES","NOT_RULED","P2","1","P2:WEAK_GRIS_STEPS:بعضی مراحل GRIS کوتاه/کم‌جزئیات‌اند. (7/7)"
"garnish_recipe_intl_115_bd72c652","speculaas","اسپکولاس","international-core-150-v0.6.0","هلند","","","dessert","8","5","18","YES","NOT_RULED","P2","1","P2:WEAK_GRIS_STEPS:بعضی مراحل GRIS کوتاه/کم‌جزئیات‌اند. (6/6)"
"garnish_recipe_intl_117_d8d3d0ac","espinacas-con-garbanzos","اسپیناکاس کن گاربانثوس","international-core-150-v0.6.0","اسپانیا","","","main_course","9","5","18","YES","NOT_RULED","P2","1","P2:WEAK_GRIS_STEPS:بعضی مراحل GRIS کوتاه/کم‌جزئیات‌اند. (5/5)"
"garnish_recipe_intl_106_81b42fa9","iskender-kebab","اسکندر کباب","international-core-150-v0.6.0","ترکیه","","","main_course","10","5","16","YES","NOT_RULED","PASS","0",""
"garnish_recipe_intl_084_fb10b1a9","scones","اسکونز","international-core-150-v0.6.0","بریتانیا","","","baked","8","5","18","YES","NOT_RULED","P2","1","P2:WEAK_GRIS_STEPS:بعضی مراحل GRIS کوتاه/کم‌جزئیات‌اند. (6/6)"
"garnish_recipe_intl_069_b980b37b","apple-strudel","اشترودل سیب","international-core-150-v0.6.0","اتریش","","","dessert","9","5","18","YES","NOT_RULED","P2","1","P2:WEAK_GRIS_STEPS:بعضی مراحل GRIS کوتاه/کم‌جزئیات‌اند. (6/6)"
"garnish_recipe_fa_1334_8963bd85","meat-strudel","اشترودل گوشت","phase-one-v0.6.1","اتریش","","","main","13","5","16","YES","NOT_RULED","P3","1","P3:IRANIAN_LOCALITY_MISSING:غذای ایرانی است اما شهر/استان مشخص ندارد."
"garnish_recipe_fa_1072_b55bdfe7","eshkeneh","اشکنه","phase-one-v0.6.1","ایران","","","main","9","6","16","YES","NOT_RULED","P3","1","P3:IRANIAN_LOCALITY_MISSING:غذای ایرانی است اما شهر/استان مشخص ندارد."
"garnish_recipe_intl_012_46d4828e","imam-bayildi","امام بایلدی","international-core-150-v0.6.0","ترکیه","","","main_course","9","5","18","YES","NOT_RULED","P2","1","P2:WEAK_GRIS_STEPS:بعضی مراحل GRIS کوتاه/کم‌جزئیات‌اند. (6/6)"
"garnish_recipe_fa_121_b6f01192","omelet-rob","املت رب","phase-one-v0.6.1","ایران","","","main_course","6","6","18","YES","NOT_RULED","P2","3","P2:WEAK_GRIS_STEPS:بعضی مراحل GRIS کوتاه/کم‌جزئیات‌اند. (6/6) | P2:WEAK_GRIS_INGREDIENTS:مواد GRIS نقش/نکته خرید/گروه کامل ندارند. (6/6) | P3:IRANIAN_LOCALITY_MISSING:غذای ایرانی است اما شهر/استان مشخص ندارد."
"garnish_recipe_fa_120_502ae408","omelet-ghahvekhaneh","املت قهوه‌خانه‌ای","phase-one-v0.6.1","ایران","","","main_course","7","6","18","YES","NOT_RULED","P2","2","P2:WEAK_GRIS_STEPS:بعضی مراحل GRIS کوتاه/کم‌جزئیات‌اند. (6/6) | P3:IRANIAN_LOCALITY_MISSING:غذای ایرانی است اما شهر/استان مشخص ندارد."
"garnish_recipe_fa_1521_13feed66","cheese-omelet","املت پنیر","phase-one-v0.6.1","ایران","","","main","6","5","18","YES","NOT_RULED","P2","3","P2:WEAK_GRIS_STEPS:بعضی مراحل GRIS کوتاه/کم‌جزئیات‌اند. (6/6) | P2:WEAK_GRIS_INGREDIENTS:مواد GRIS نقش/نکته خرید/گروه کامل ندارند. (6/6) | P3:IRANIAN_LOCALITY_MISSING:غذای ایرانی است اما شهر/استان مشخص ندارد."
"garnish_recipe_fa_1325_87da9b04","omelet-gojeh-farangi","املت گوجه فرنگی","phase-one-v0.6.1","ایران","","","main","9","5","16","YES","NOT_RULED","P3","1","P3:IRANIAN_LOCALITY_MISSING:غذای ایرانی است اما شهر/استان مشخص ندارد."
"garnish_recipe_global_143_049_9785e6eb","beef-empanadas","امپانادای گوشت","global-143-v0.3","آرژانتین","","","filled_pastry","11","5","18","YES","NOT_RULED","P2","1","P2:WEAK_GRIS_STEPS:بعضی مراحل GRIS کوتاه/کم‌جزئیات‌اند. (7/7)"
"garnish_recipe_fa_113_2a1debd0","anar-polo-shirazi","انارپلو شیرازی","phase-one-v0.6.1","ایران","فارس","شیراز","rice","15","5","18","YES","NOT_RULED","P2","1","P2:WEAK_GRIS_STEPS:بعضی مراحل GRIS کوتاه/کم‌جزئیات‌اند. (6/6)"
"garnish_lite_fa_033_980e9629","dried-figs-stuffed-with-walnut","انجیر خشک با گردو","lite-food-v0.3","ایران","","","lite_food","2","3","0","YES","NOT_RULED","P3","1","P3:IRANIAN_LOCALITY_MISSING:غذای ایرانی است اما شهر/استان مشخص ندارد."
"garnish_recipe_global_143_100_da23be37","chicken-enchiladas-red-sauce","انچیلادای مرغ با سس قرمز","global-143-v0.3","مکزیک/تکس-مکس","","","main_course","10","5","18","YES","NOT_RULED","P2","1","P2:WEAK_GRIS_STEPS:بعضی مراحل GRIS کوتاه/کم‌جزئیات‌اند. (7/7)"
"garnish_recipe_global_143_136_0ebb92f9","osso-buco-alla-milanese","اوسوبوکو میلانی","global-143-v0.3","ایتالیا","","","main_course","9","6","18","YES","NOT_RULED","P2","1","P2:WEAK_GRIS_STEPS:بعضی مراحل GRIS کوتاه/کم‌جزئیات‌اند. (6/6)"
"garnish_recipe_intl_116_c3a0982f","oliebollen","اولی‌بولن","international-core-150-v0.6.0","هلند","","","dessert","9","5","18","YES","NOT_RULED","P2","1","P2:WEAK_GRIS_STEPS:بعضی مراحل GRIS کوتاه/کم‌جزئیات‌اند. (6/6)"
"garnish_recipe_intl_108_d102f5f2","okonomiyaki","اوکونومی‌یاکی","international-core-150-v0.6.0","ژاپن","","","main_course","10","5","18","YES","NOT_RULED","P2","1","P2:WEAK_GRIS_STEPS:بعضی مراحل GRIS کوتاه/کم‌جزئیات‌اند. (6/6)"
"garnish_recipe_intl_048_5b5471e4","oyakodon","اویاکودون (کاسه مرغ و تخم‌مرغ)","international-core-150-v0.6.0","ژاپن","","","main_course","9","5","18","YES","NOT_RULED","P2","1","P2:WEAK_GRIS_STEPS:بعضی مراحل GRIS کوتاه/کم‌جزئیات‌اند. (6/6)"
"garnish_recipe_global_143_083_233e9bde","umm-ali-egyptian-bread-pudding","اُم علی مصری","global-143-v0.3","مصر","","","dessert","8","4","18","YES","NOT_RULED","P2","1","P2:WEAK_GRIS_STEPS:بعضی مراحل GRIS کوتاه/کم‌جزئیات‌اند. (6/6)"
"garnish_recipe_fa_89_292dde1d","akbar-joojeh","اکبر جوجه","phase-one-v0.6.1","ایران","مازندران","","roasted","9","6","16","YES","NOT_RULED","PASS","0",""
"garnish_recipe_global_143_063_b14ec21c","classic-chocolate-eclair","اکلر شکلاتی کلاسیک","global-143-v0.3","فرانسه","","","pastry","10","5","18","YES","NOT_RULED","P2","1","P2:WEAK_GRIS_STEPS:بعضی مراحل GRIS کوتاه/کم‌جزئیات‌اند. (7/7)"
"garnish_recipe_global_143_013_d4a1df19","idli-with-sambar","ایدلی با سامبار","global-143-v0.3","نامشخص در داده؛ بین‌المللی","","","steamed","13","6","18","YES","NOT_RULED","P2","2","P2:WEAK_GRIS_STEPS:بعضی مراحل GRIS کوتاه/کم‌جزئیات‌اند. (7/7) | P2:ORIGIN_WEAK:کشور/مبدا از داده به‌وضوح قابل استخراج نیست."
"garnish_recipe_global_143_117_be424535","injera-with-doro-wat","اینجرا با دورو وات","global-143-v0.3","نامشخص در داده؛ بین‌المللی","","","main_course","11","5","18","YES","NOT_RULED","P2","2","P2:WEAK_GRIS_STEPS:بعضی مراحل GRIS کوتاه/کم‌جزئیات‌اند. (7/7) | P2:ORIGIN_WEAK:کشور/مبدا از داده به‌وضوح قابل استخراج نیست."
"garnish_recipe_global_143_044_051125e5","steamed-pork-baozi","بائوی بخارپز شکم‌پر","global-143-v0.3","نامشخص در داده؛ بین‌المللی","","","steamed_bun","12","5","18","YES","NOT_RULED","P2","2","P2:WEAK_GRIS_STEPS:بعضی مراحل GRIS کوتاه/کم‌جزئیات‌اند. (7/7) | P2:ORIGIN_WEAK:کشور/مبدا از داده به‌وضوح قابل استخراج نیست."
"garnish_recipe_intl_010_0e45be4c","baba-ghanoush","بابا غنوج","international-core-150-v0.6.0","لبنان/شام","","","appetizer","8","5","18","YES","NOT_RULED","P2","1","P2:WEAK_GRIS_STEPS:بعضی مراحل GRIS کوتاه/کم‌جزئیات‌اند. (6/6)"
"garnish_recipe_intl_033_8acac046","eggplant-parmigiana","بادمجان پارمیجانا","international-core-150-v0.6.0","ایتالیا","","","main_course","11","5","18","YES","NOT_RULED","P2","1","P2:WEAK_GRIS_STEPS:بعضی مراحل GRIS کوتاه/کم‌جزئیات‌اند. (6/6)"
"garnish_lite_fa_035_3483033b","salted-dried-fava-beans","باقالی شور","lite-food-v0.3","ایران","","","lite_food","1","3","0","YES","NOT_RULED","P3","1","P3:IRANIAN_LOCALITY_MISSING:غذای ایرانی است اما شهر/استان مشخص ندارد."
"garnish_recipe_fa_862_dbf3d4d5","baghali-polo-ba-goosht","باقالی پلو با گوشت","phase-one-v0.6.1","ایران","","","rice","12","7","16","YES","RULE_PASS","P3","1","P3:IRANIAN_LOCALITY_MISSING:غذای ایرانی است اما شهر/استان مشخص ندارد."
"garnish_recipe_fa_1224_c65df148","baghali-ghatogh","باقلاقاتُق","phase-one-v0.6.1","ایران","گیلان","","main","9","6","16","YES","NOT_RULED","PASS","0",""
"garnish_recipe_intl_078_c3975f3a","baklava","باقلوا","international-core-150-v0.6.0","ترکیه","","","dessert","8","5","18","YES","NOT_RULED","P2","1","P2:WEAK_GRIS_STEPS:بعضی مراحل GRIS کوتاه/کم‌جزئیات‌اند. (7/7)"
"garnish_recipe_global_143_053_7f9d9df9","buffalo-chicken-wings","بال مرغ بوفالو","global-143-v0.3","آمریکا","","","chicken","8","5","18","YES","NOT_RULED","P2","1","P2:WEAK_GRIS_STEPS:بعضی مراحل GRIS کوتاه/کم‌جزئیات‌اند. (6/6)"
"garnish_recipe_global_143_071_32ff2f21","classic-banoffee-pie","بانوفی پای","global-143-v0.3","نامشخص در داده؛ بین‌المللی","","","pie","9","5","18","YES","NOT_RULED","P2","2","P2:WEAK_GRIS_STEPS:بعضی مراحل GRIS کوتاه/کم‌جزئیات‌اند. (6/6) | P2:ORIGIN_WEAK:کشور/مبدا از داده به‌وضوح قابل استخراج نیست."
"garnish_recipe_global_143_118_67f4b795","south-african-bunny-chow","بانی چاو آفریقای جنوبی","global-143-v0.3","ایران","جنوب ایران","","main_course","12","5","18","YES","NOT_RULED","P2","1","P2:WEAK_GRIS_STEPS:بعضی مراحل GRIS کوتاه/کم‌جزئیات‌اند. (6/6)"
"garnish_recipe_global_143_134_b4cc12b5","bacalhau-a-bras","باکالائو آ براس پرتغالی","global-143-v0.3","پرتغال","","","main_course","7","6","18","YES","RULE_PASS","P2","1","P2:WEAK_GRIS_STEPS:بعضی مراحل GRIS کوتاه/کم‌جزئیات‌اند. (6/6)"
"garnish_recipe_global_143_068_2f672fa4","fudgy-chocolate-brownies","براونی شکلاتی فاجی","global-143-v0.3","آمریکا","","","bar_cookie","9","5","18","YES","NOT_RULED","P2","1","P2:WEAK_GRIS_STEPS:بعضی مراحل GRIS کوتاه/کم‌جزئیات‌اند. (7/7)"
"garnish_recipe_global_143_017_5b23f5df","german-brotchen-breakfast-spread","برتشن آلمانی با صبحانه سرد","global-143-v0.3","آلمان","","","bread","9","6","18","YES","NOT_RULED","P2","1","P2:WEAK_GRIS_STEPS:بعضی مراحل GRIS کوتاه/کم‌جزئیات‌اند. (6/6)"
"garnish_recipe_intl_007_34f16382","egg-fried-rice","برنج سرخ‌شده با تخم‌مرغ","international-core-150-v0.6.0","چین","","","main_course","10","5","18","YES","NOT_RULED","P2","1","P2:WEAK_GRIS_STEPS:بعضی مراحل GRIS کوتاه/کم‌جزئیات‌اند. (6/6)"
"garnish_recipe_intl_004_e65ccfe3","bruschetta-pomodoro","بروسکتا با گوجه و ریحان","international-core-150-v0.6.0","ایران","گیلان","","appetizer","8","5","18","YES","NOT_RULED","P2","1","P2:WEAK_GRIS_STEPS:بعضی مراحل GRIS کوتاه/کم‌جزئیات‌اند. (6/6)"
"garnish_recipe_fa_1291_b4dad1f1","mahi-shekam-por","بریان ماهی (ماهی شکم‌پر)","phase-one-v0.6.1","ایران","","","main","11","5","16","YES","NOT_RULED","P3","1","P3:IRANIAN_LOCALITY_MISSING:غذای ایرانی است اما شهر/استان مشخص ندارد."
"garnish_recipe_fa_90_85d9aaf0","beryani-isfahan","بریانی اصفهان","phase-one-v0.6.1","ایران","","اصفهان","main_course","10","6","16","YES","RULE_PASS","P2","1","P2:WEAK_GRIS_INGREDIENTS:مواد GRIS نقش/نکته خرید/گروه کامل ندارند. (1/10)"
"garnish_recipe_global_143_102_36229b49","hyderabadi-style-chicken-biryani","بریانی مرغ هندی","global-143-v0.3","هند","","","main_course","16","5","18","YES","NOT_RULED","P2","1","P2:WEAK_GRIS_STEPS:بعضی مراحل GRIS کوتاه/کم‌جزئیات‌اند. (7/7)"
"garnish_recipe_global_143_089_59f271c3","brigadeiro-chocolate-truffles","بریگادیرو شکلاتی","global-143-v0.3","نامشخص در داده؛ بین‌المللی","","","dessert","6","4","18","YES","NOT_RULED","P2","2","P2:WEAK_GRIS_STEPS:بعضی مراحل GRIS کوتاه/کم‌جزئیات‌اند. (6/6) | P2:ORIGIN_WEAK:کشور/مبدا از داده به‌وضوح قابل استخراج نیست."
"garnish_recipe_fa_96_730b7817","boz-ghormeh-kermani","بزقرمه کرمانی","phase-one-v0.6.1","ایران","کرمان","کرمان","stew","10","6","18","YES","NOT_RULED","P2","1","P2:WEAK_GRIS_STEPS:بعضی مراحل GRIS کوتاه/کم‌جزئیات‌اند. (6/6)"
"garnish_recipe_fa_173_ab17534c","bastani-sonnati","بستنی سنتی","phase-one-v0.6.1","ایران","","","dessert","8","6","18","YES","NOT_RULED","P2","2","P2:WEAK_GRIS_STEPS:بعضی مراحل GRIS کوتاه/کم‌جزئیات‌اند. (6/6) | P3:IRANIAN_LOCALITY_MISSING:غذای ایرانی است اما شهر/استان مشخص ندارد."
"garnish_recipe_global_143_058_33c6e1fc","italian-antipasto-platter","بشقاب آنتی‌پاستوی ایتالیایی","global-143-v0.3","ایتالیا","","","no_cook","10","5","18","YES","NOT_RULED","P2","1","P2:WEAK_GRIS_STEPS:بعضی مراحل GRIS کوتاه/کم‌جزئیات‌اند. (6/6)"
"garnish_lite_fa_007_f1109425","persian-breakfast-plate","بشقاب صبحانه پنیر و سبزی و گوجه","lite-food-v0.3","ایران","","","lite_food","4","3","0","YES","NOT_RULED","P3","1","P3:IRANIAN_LOCALITY_MISSING:غذای ایرانی است اما شهر/استان مشخص ندارد."
"garnish_lite_fa_088_be94fc3b","grazing-plate","بشقاب مزه (پنیر، کراکر، میوه، آجیل)","lite-food-v0.3","نامشخص در داده؛ بین‌المللی","","","lite_food","5","3","0","YES","NOT_RULED","P2","1","P2:ORIGIN_WEAK:کشور/مبدا از داده به‌وضوح قابل استخراج نیست."
"garnish_recipe_global_143_059_1049b27a","buckwheat-blini-with-caviar","بلینی گندم سیاه با خاویار","global-143-v0.3","نامشخص در داده؛ بین‌المللی","","","pancake","10","5","18","YES","NOT_RULED","P2","2","P2:WEAK_GRIS_STEPS:بعضی مراحل GRIS کوتاه/کم‌جزئیات‌اند. (6/6) | P2:ORIGIN_WEAK:کشور/مبدا از داده به‌وضوح قابل استخراج نیست."
"garnish_recipe_global_143_003_e6033f62","eggs-benedict","بندیکت تخم‌مرغ","global-143-v0.3","ایران","اصفهان","اصفهان","egg","9","5","18","YES","NOT_RULED","P2","1","P2:WEAK_GRIS_STEPS:بعضی مراحل GRIS کوتاه/کم‌جزئیات‌اند. (6/6)"
"garnish_recipe_fa_126_76675c2f","borani-esfenaj","بورانی اسفناج","phase-one-v0.6.1","ایران","","","side_dish","6","6","18","YES","NOT_RULED","P2","3","P2:WEAK_GRIS_STEPS:بعضی مراحل GRIS کوتاه/کم‌جزئیات‌اند. (6/6) | P2:WEAK_GRIS_INGREDIENTS:مواد GRIS نقش/نکته خرید/گروه کامل ندارند. (6/6) | P3:IRANIAN_LOCALITY_MISSING:غذای ایرانی است اما شهر/استان مشخص ندارد."
"garnish_recipe_fa_127_38980a7f","borani-bademjan","بورانی بادمجان","phase-one-v0.6.1","ایران","","","side_dish","6","6","18","YES","NOT_RULED","P2","3","P2:WEAK_GRIS_STEPS:بعضی مراحل GRIS کوتاه/کم‌جزئیات‌اند. (6/6) | P2:WEAK_GRIS_INGREDIENTS:مواد GRIS نقش/نکته خرید/گروه کامل ندارند. (6/6) | P3:IRANIAN_LOCALITY_MISSING:غذای ایرانی است اما شهر/استان مشخص ندارد."
"garnish_recipe_intl_066_d22397d4","borscht","بورش","international-core-150-v0.6.0","نامشخص در داده؛ بین‌المللی","","","soup","13","5","18","YES","NOT_RULED","P2","2","P2:WEAK_GRIS_STEPS:بعضی مراحل GRIS کوتاه/کم‌جزئیات‌اند. (5/5) | P2:ORIGIN_WEAK:کشور/مبدا از داده به‌وضوح قابل استخراج نیست."
"garnish_recipe_global_143_132_32880128","boeuf-bourguignon","بوف بورگینیون","global-143-v0.3","فرانسه","بورگونی","","main_course","9","7","18","YES","RULE_PASS","P2","1","P2:WEAK_GRIS_STEPS:بعضی مراحل GRIS کوتاه/کم‌جزئیات‌اند. (7/7)"
"garnish_recipe_global_143_098_0f8fbedd","korean-beef-bulgogi","بولگوگی گوشت کره‌ای","global-143-v0.3","کره جنوبی","","","main_course","10","5","18","YES","NOT_RULED","P2","1","P2:WEAK_GRIS_STEPS:بعضی مراحل GRIS کوتاه/کم‌جزئیات‌اند. (6/6)"
"garnish_recipe_global_143_097_4fa8c5e5","korean-bibimbap-beef-vegetables","بیبیمباپ کره‌ای با گوشت و سبزیجات","global-143-v0.3","کره جنوبی","","","rice_bowl","13","5","18","YES","NOT_RULED","P2","1","P2:WEAK_GRIS_STEPS:بعضی مراحل GRIS کوتاه/کم‌جزئیات‌اند. (7/7)"
"garnish_recipe_intl_056_1509959b","bitterballen","بیتربالن","international-core-150-v0.6.0","هلند","","","appetizer","11","5","18","YES","NOT_RULED","P2","1","P2:WEAK_GRIS_STEPS:بعضی مراحل GRIS کوتاه/کم‌جزئیات‌اند. (6/6)"
"garnish_recipe_global_143_018_285f8e1b","bircher-muesli","بیرچر میوزلی","global-143-v0.3","سوئیس","","","cold_breakfast","9","3","18","YES","NOT_RULED","P2","1","P2:WEAK_GRIS_STEPS:بعضی مراحل GRIS کوتاه/کم‌جزئیات‌اند. (5/5)"
"garnish_recipe_intl_124_ee006e03","bistecca-alla-fiorentina","بیستکا آلا فیورنتینا","international-core-150-v0.6.0","نامشخص در داده؛ بین‌المللی","","","main_course","7","5","18","YES","NOT_RULED","P2","2","P2:WEAK_GRIS_STEPS:بعضی مراحل GRIS کوتاه/کم‌جزئیات‌اند. (5/5) | P2:ORIGIN_WEAK:کشور/مبدا از داده به‌وضوح قابل استخراج نیست."
"garnish_lite_fa_040_167f7ab7","biscuits-with-milk","بیسکویت با شیر","lite-food-v0.3","ایران","","","lite_food","2","3","0","YES","NOT_RULED","P3","1","P3:IRANIAN_LOCALITY_MISSING:غذای ایرانی است اما شهر/استان مشخص ندارد."
"garnish_recipe_intl_065_d91803a7","beef-stroganoff","بیف استروگانف","international-core-150-v0.6.0","نامشخص در داده؛ بین‌المللی","","","main_course","10","5","18","YES","NOT_RULED","P2","2","P2:WEAK_GRIS_STEPS:بعضی مراحل GRIS کوتاه/کم‌جزئیات‌اند. (6/6) | P2:ORIGIN_WEAK:کشور/مبدا از داده به‌وضوح قابل استخراج نیست."
"garnish_recipe_global_143_130_c4a5fa79","classic-beef-wellington","بیف ولینگتون کلاسیک","global-143-v0.3","بریتانیا","","","main_course","8","6","18","YES","RULE_PASS","P2","1","P2:WEAK_GRIS_STEPS:بعضی مراحل GRIS کوتاه/کم‌جزئیات‌اند. (6/6)"
"garnish_recipe_global_143_091_88b57d1e","korean-bingsu-red-bean-fruit","بینگسو با لوبیای قرمز و میوه","global-143-v0.3","کره جنوبی","","","dessert","6","4","18","YES","NOT_RULED","P2","1","P2:WEAK_GRIS_STEPS:بعضی مراحل GRIS کوتاه/کم‌جزئیات‌اند. (6/6)"
"garnish_recipe_global_143_004_44168530","bagel-lox-cream-cheese","بیگل با لاکس و پنیر خامه‌ای","global-143-v0.3","آمریکا","","","sandwich","8","4","18","YES","NOT_RULED","P2","1","P2:WEAK_GRIS_STEPS:بعضی مراحل GRIS کوتاه/کم‌جزئیات‌اند. (5/5)"
"garnish_recipe_global_143_065_c4cb085e","classic-apple-tarte-tatin","تارت تاتن سیب","global-143-v0.3","فرانسه","","","tart","7","5","18","YES","NOT_RULED","PASS","0",""
"garnish_recipe_intl_140_e00e3df2","tarta-de-santiago","تارتا د سانتیاگو","international-core-150-v0.6.0","اسپانیا","","","dessert","6","5","18","YES","NOT_RULED","P2","1","P2:WEAK_GRIS_STEPS:بعضی مراحل GRIS کوتاه/کم‌جزئیات‌اند. (6/6)"
"garnish_recipe_fa_1276_cdef73d2","tas-kabab","تاس‌کباب","phase-one-v0.6.1","ایران","","","main","12","6","16","YES","NOT_RULED","P3","1","P3:IRANIAN_LOCALITY_MISSING:غذای ایرانی است اما شهر/استان مشخص ندارد."
"garnish_recipe_intl_019_629698d5","tom-kha-gai","تام کا گای (سوپ مرغ و نارگیل)","international-core-150-v0.6.0","تایلند","","","soup","11","5","16","YES","NOT_RULED","PASS","0",""
"garnish_recipe_intl_049_04e612cd","tom-yum-goong","تام یوم گونگ (سوپ تند میگو)","international-core-150-v0.6.0","تایلند","","","soup","10","5","16","YES","NOT_RULED","PASS","0",""
"garnish_recipe_global_143_008_22e17e44","tamagoyaki-japanese-rolled-omelette","تاماگویاکی ژاپنی","global-143-v0.3","ژاپن","","","egg","5","4","18","YES","NOT_RULED","P2","1","P2:WEAK_GRIS_STEPS:بعضی مراحل GRIS کوتاه/کم‌جزئیات‌اند. (5/5)"
"garnish_recipe_global_143_114_cc474629","moroccan-chicken-tagine-apricot","تاژین مراکشی مرغ و زردآلو","global-143-v0.3","نامشخص در داده؛ بین‌المللی","","","main_course","13","5","18","YES","NOT_RULED","P2","2","P2:WEAK_GRIS_STEPS:بعضی مراحل GRIS کوتاه/کم‌جزئیات‌اند. (6/6) | P2:ORIGIN_WEAK:کشور/مبدا از داده به‌وضوح قابل استخراج نیست."
"garnish_recipe_global_143_099_2a8c35d1","mexican-beef-tacos","تاکوی گوشت با سالسای تازه","global-143-v0.3","مکزیک/تکس-مکس","","","street_food","12","5","18","YES","NOT_RULED","P2","1","P2:WEAK_GRIS_STEPS:بعضی مراحل GRIS کوتاه/کم‌جزئیات‌اند. (6/6)"
"garnish_recipe_intl_009_ab044ed1","tabbouleh","تبوله","international-core-150-v0.6.0","لبنان/شام","","","salad","9","5","18","YES","NOT_RULED","P2","1","P2:WEAK_GRIS_STEPS:بعضی مراحل GRIS کوتاه/کم‌جزئیات‌اند. (5/5)"
"garnish_lite_fa_010_5402d628","soft-boiled-egg-with-bread-soldiers","تخم‌مرغ عسلی با نان","lite-food-v0.3","نامشخص در داده؛ بین‌المللی","","","lite_food","4","3","0","YES","NOT_RULED","P2","1","P2:ORIGIN_WEAK:کشور/مبدا از داده به‌وضوح قابل استخراج نیست."
"garnish_lite_fa_082_5e31f95b","radish-and-cucumber-with-lemon-salt","تربچه و خیار با نمک و آبلیمو","lite-food-v0.3","ایران","","","lite_food","4","3","0","YES","NOT_RULED","P3","1","P3:IRANIAN_LOCALITY_MISSING:غذای ایرانی است اما شهر/استان مشخص ندارد."
"garnish_recipe_fa_106_d9e3968a","torsh-tareh","ترش‌تره","phase-one-v0.6.1","ایران","گیلان","","stew","11","6","18","YES","NOT_RULED","P2","1","P2:WEAK_GRIS_STEPS:بعضی مراحل GRIS کوتاه/کم‌جزئیات‌اند. (6/6)"
"garnish_recipe_fa_1262_9f42258a","torsh-shami-gilani","ترش‌شامی گیلانی","phase-one-v0.6.1","ایران","گیلان","","main","11","5","16","YES","NOT_RULED","PASS","0",""
"garnish_recipe_intl_037_7cf2e346","tzatziki","تزاتزیکی","international-core-150-v0.6.0","یونان","","","appetizer","7","5","18","YES","NOT_RULED","P2","1","P2:WEAK_GRIS_STEPS:بعضی مراحل GRIS کوتاه/کم‌جزئیات‌اند. (5/5)"
"garnish_lite_fa_012_c3da9856","ricotta-and-honey-toast","تست ریکوتا و عسل","lite-food-v0.3","نامشخص در داده؛ بین‌المللی","","","lite_food","4","3","0","YES","NOT_RULED","P2","1","P2:ORIGIN_WEAK:کشور/مبدا از داده به‌وضوح قابل استخراج نیست."
"garnish_lite_fa_016_565be283","cream-cheese-and-cucumber-toast","تست پنیر خامه‌ای و خیار","lite-food-v0.3","نامشخص در داده؛ بین‌المللی","","","lite_food","4","3","0","YES","NOT_RULED","P2","1","P2:ORIGIN_WEAK:کشور/مبدا از داده به‌وضوح قابل استخراج نیست."
"garnish_lite_fa_013_374a5ddc","almond-butter-and-berry-toast","تست کره بادام و توت","lite-food-v0.3","نامشخص در داده؛ بین‌المللی","","","lite_food","3","3","0","YES","NOT_RULED","P2","1","P2:ORIGIN_WEAK:کشور/مبدا از داده به‌وضوح قابل استخراج نیست."
"garnish_recipe_intl_080_5dbc4315","tempura","تمپورا","international-core-150-v0.6.0","ژاپن","","","main_course","10","5","18","YES","NOT_RULED","P2","1","P2:WEAK_GRIS_STEPS:بعضی مراحل GRIS کوتاه/کم‌جزئیات‌اند. (5/5)"
"garnish_recipe_intl_138_4f5d8e11","tompoes","تمپوس","international-core-150-v0.6.0","هلند","","","dessert","8","5","18","YES","NOT_RULED","P2","1","P2:WEAK_GRIS_STEPS:بعضی مراحل GRIS کوتاه/کم‌جزئیات‌اند. (5/5)"
"garnish_recipe_fa_1084_8f35205e","tahchin-morgh","ته چین مرغ","phase-one-v0.6.1","ایران","","","main","11","6","16","YES","NOT_RULED","P3","1","P3:IRANIAN_LOCALITY_MISSING:غذای ایرانی است اما شهر/استان مشخص ندارد."
"garnish_recipe_fa_115_ba80ef7c","tahandaz-morgh","ته‌انداز مرغ","phase-one-v0.6.1","ایران","","","rice","10","5","18","YES","NOT_RULED","P2","2","P2:WEAK_GRIS_STEPS:بعضی مراحل GRIS کوتاه/کم‌جزئیات‌اند. (5/5) | P3:IRANIAN_LOCALITY_MISSING:غذای ایرانی است اما شهر/استان مشخص ندارد."
"garnish_recipe_fa_164_8367ec24","tahchin-goosht-bademjan","ته‌چین گوشت و بادمجان","phase-one-v0.6.1","ایران","","","rice","10","6","16","YES","NOT_RULED","P3","1","P3:IRANIAN_LOCALITY_MISSING:غذای ایرانی است اما شهر/استان مشخص ندارد."
"garnish_lite_fa_032_f43fdf8e","dried-mulberry-and-walnut","توت خشک و گردو","lite-food-v0.3","ایران","","","lite_food","2","3","0","YES","NOT_RULED","P3","1","P3:IRANIAN_LOCALITY_MISSING:غذای ایرانی است اما شهر/استان مشخص ندارد."
"garnish_recipe_intl_111_248a08a4","toad-in-the-hole","تود این د هول","international-core-150-v0.6.0","بریتانیا","","","main_course","7","5","18","YES","NOT_RULED","P2","1","P2:WEAK_GRIS_STEPS:بعضی مراحل GRIS کوتاه/کم‌جزئیات‌اند. (6/6)"
"garnish_recipe_intl_022_ac4d3143","tortilla-espanola","تورتیای اسپانیایی","international-core-150-v0.6.0","اسپانیا","","","egg_dish","5","5","18","YES","NOT_RULED","P2","2","P2:WEAK_GRIS_STEPS:بعضی مراحل GRIS کوتاه/کم‌جزئیات‌اند. (6/6) | P2:WEAK_GRIS_INGREDIENTS:مواد GRIS نقش/نکته خرید/گروه کامل ندارند. (5/5)"
"garnish_recipe_intl_031_7e902faf","tiramisu","تیرامیسو","international-core-150-v0.6.0","ایتالیا","","","dessert","7","5","18","YES","NOT_RULED","P2","1","P2:WEAK_GRIS_STEPS:بعضی مراحل GRIS کوتاه/کم‌جزئیات‌اند. (6/6)"
"garnish_recipe_global_143_074_7b07ce2a","vanilla-bean-gelato","جلاتوی وانیلی","global-143-v0.3","نامشخص در داده؛ بین‌المللی","","","frozen_dessert","6","6","18","YES","NOT_RULED","P2","2","P2:WEAK_GRIS_STEPS:بعضی مراحل GRIS کوتاه/کم‌جزئیات‌اند. (6/6) | P2:ORIGIN_WEAK:کشور/مبدا از داده به‌وضوح قابل استخراج نیست."
"garnish_recipe_global_143_116_d25d42e2","west-african-jollof-rice","جلوف رایس غرب آفریقا","global-143-v0.3","نامشخص در داده؛ بین‌المللی","","","main_course","13","5","18","YES","NOT_RULED","P2","2","P2:WEAK_GRIS_STEPS:بعضی مراحل GRIS کوتاه/کم‌جزئیات‌اند. (7/7) | P2:ORIGIN_WEAK:کشور/مبدا از داده به‌وضوح قابل استخراج نیست."
"garnish_recipe_fa_216_1bfdfe55","saffron-joojeh-kabab","جوجه کباب زعفرانی","phase-one-v0.6.1","ایران","","","grilled","11","6","16","YES","RULE_PASS","P2","2","P2:WEAK_GRIS_INGREDIENTS:مواد GRIS نقش/نکته خرید/گروه کامل ندارند. (1/11) | P3:IRANIAN_LOCALITY_MISSING:غذای ایرانی است اما شهر/استان مشخص ندارد."
"garnish_recipe_fa_92_397baf20","jigar-kababi","جگر کبابی","phase-one-v0.6.1","ایران","","","grilled","6","5","18","YES","NOT_RULED","P2","2","P2:WEAK_GRIS_STEPS:بعضی مراحل GRIS کوتاه/کم‌جزئیات‌اند. (6/6) | P3:IRANIAN_LOCALITY_MISSING:غذای ایرانی است اما شهر/استان مشخص ندارد."
"garnish_recipe_fa_1483_557ee839","saffron-halva","حلوا زعفرانی","phase-one-v0.6.1","ایران","","","dessert","8","5","18","YES","NOT_RULED","P2","2","P2:WEAK_GRIS_STEPS:بعضی مراحل GRIS کوتاه/کم‌جزئیات‌اند. (5/5) | P3:IRANIAN_LOCALITY_MISSING:غذای ایرانی است اما شهر/استان مشخص ندارد."
"garnish_lite_fa_008_c8ddf724","sesame-halva-on-bread","حلوا شکری روی نان","lite-food-v0.3","ایران","","","lite_food","3","3","0","YES","NOT_RULED","P3","1","P3:IRANIAN_LOCALITY_MISSING:غذای ایرانی است اما شهر/استان مشخص ندارد."
"garnish_recipe_global_143_061_6a6023a1","grilled-halloumi-lemon-herbs","حلومی گریل‌شده با لیمو و سبزی","global-143-v0.3","نامشخص در داده؛ بین‌المللی","","","cheese","5","4","18","YES","NOT_RULED","P2","2","P2:WEAK_GRIS_STEPS:بعضی مراحل GRIS کوتاه/کم‌جزئیات‌اند. (4/4) | P2:ORIGIN_WEAK:کشور/مبدا از داده به‌وضوح قابل استخراج نیست."
"garnish_recipe_fa_1290_f5fc285f","halim-bademjan","حلیم بادمجان","phase-one-v0.6.1","ایران","","","main","12","6","16","YES","NOT_RULED","P3","1","P3:IRANIAN_LOCALITY_MISSING:غذای ایرانی است اما شهر/استان مشخص ندارد."
"garnish_recipe_fa_1238_296fbec3","halim-gandom","حلیم گندم","phase-one-v0.6.1","ایران","","","main","7","6","16","YES","NOT_RULED","P3","1","P3:IRANIAN_LOCALITY_MISSING:غذای ایرانی است اما شهر/استان مشخص ندارد."
"garnish_recipe_intl_043_fbe26aba","hummus","حمص","international-core-150-v0.6.0","لبنان/شام","","","appetizer","8","5","18","YES","NOT_RULED","P2","1","P2:WEAK_GRIS_STEPS:بعضی مراحل GRIS کوتاه/کم‌جزئیات‌اند. (5/5)"
"garnish_recipe_intl_109_997edbdb","khao-soi","خائو سوی","international-core-150-v0.6.0","تایلند","","","main_course","11","5","18","YES","NOT_RULED","P2","1","P2:WEAK_GRIS_STEPS:بعضی مراحل GRIS کوتاه/کم‌جزئیات‌اند. (5/5)"
"garnish_lite_fa_025_cff0018f","clotted-cream-and-date-on-bread","خامه و خرما روی نان","lite-food-v0.3","ایران","","","lite_food","3","3","0","YES","NOT_RULED","P3","1","P3:IRANIAN_LOCALITY_MISSING:غذای ایرانی است اما شهر/استان مشخص ندارد."
"garnish_lite_fa_009_2268aef8","cream-and-jam-on-bread","خامه و مربا روی نان","lite-food-v0.3","ایران","","","lite_food","3","3","0","YES","NOT_RULED","P3","1","P3:IRANIAN_LOCALITY_MISSING:غذای ایرانی است اما شهر/استان مشخص ندارد."
"garnish_recipe_fa_1548_dc89130d","khagineh","خاگینه","phase-one-v0.6.1","ایران","","","dessert","9","5","16","YES","NOT_RULED","P3","1","P3:IRANIAN_LOCALITY_MISSING:غذای ایرانی است اما شهر/استان مشخص ندارد."
"garnish_lite_fa_039_f5062366","dates-stuffed-with-walnut","خرما با گردو","lite-food-v0.3","ایران","","","lite_food","2","3","0","YES","NOT_RULED","P3","1","P3:IRANIAN_LOCALITY_MISSING:غذای ایرانی است اما شهر/استان مشخص ندارد."
"garnish_lite_fa_051_25696db8","date-cheese-and-walnut-bite","خرما و پنیر و گردو (لقمه)","lite-food-v0.3","ایران","قم","قم","lite_food","3","3","0","YES","NOT_RULED","PASS","0",""
"garnish_lite_fa_021_da2f107f","dates-stuffed-with-cream-cheese","خرما پر شده با پنیر خامه‌ای","lite-food-v0.3","نامشخص در داده؛ بین‌المللی","","","lite_food","3","3","0","YES","NOT_RULED","P2","1","P2:ORIGIN_WEAK:کشور/مبدا از داده به‌وضوح قابل استخراج نیست."
"garnish_recipe_fa_2014_249aa268","italian-pizza-dough","خمیر پیتزا ایتالیایی","phase-one-v0.6.1","ایتالیا","","","main","5","5","18","YES","NOT_RULED","P2","2","P2:WEAK_GRIS_STEPS:بعضی مراحل GRIS کوتاه/کم‌جزئیات‌اند. (6/6) | P2:WEAK_GRIS_INGREDIENTS:مواد GRIS نقش/نکته خرید/گروه کامل ندارند. (5/5)"
"garnish_recipe_fa_1077_1b3eec19","khorak-loobia-chiti","خوراک لوبیا چیتی","phase-one-v0.6.1","ایران","","","main","9","6","16","YES","NOT_RULED","P3","1","P3:IRANIAN_LOCALITY_MISSING:غذای ایرانی است اما شهر/استان مشخص ندارد."
"garnish_recipe_fa_1342_ce4a8da3","saffron-chicken-stew","خوراک مرغ زعفرانی","phase-one-v0.6.1","ایران","","","main","13","5","16","YES","NOT_RULED","P3","1","P3:IRANIAN_LOCALITY_MISSING:غذای ایرانی است اما شهر/استان مشخص ندارد."
"garnish_recipe_fa_1343_5bf8151c","chicken-and-mushroom","خوراک مرغ و قارچ","phase-one-v0.6.1","ایران","","","main","13","5","16","YES","NOT_RULED","P3","1","P3:IRANIAN_LOCALITY_MISSING:غذای ایرانی است اما شهر/استان مشخص ندارد."
"garnish_recipe_fa_101_877a41d3","khoresh-aloo","خورش آلو","phase-one-v0.6.1","ایران","","","stew","10","5","16","YES","NOT_RULED","P3","1","P3:IRANIAN_LOCALITY_MISSING:غذای ایرانی است اما شهر/استان مشخص ندارد."
"garnish_recipe_intl_098_0fbf4374","irish-stew","خورش ایرلندی","international-core-150-v0.6.0","نامشخص در داده؛ بین‌المللی","","","main_course","9","5","16","YES","NOT_RULED","P2","1","P2:ORIGIN_WEAK:کشور/مبدا از داده به‌وضوح قابل استخراج نیست."
"garnish_recipe_fa_109_7c2e92a0","khoresh-ghooreh-bademjan","خورش غوره بادمجان","phase-one-v0.6.1","ایران","","","stew","9","5","18","YES","NOT_RULED","P2","2","P2:WEAK_GRIS_STEPS:بعضی مراحل GRIS کوتاه/کم‌جزئیات‌اند. (5/5) | P3:IRANIAN_LOCALITY_MISSING:غذای ایرانی است اما شهر/استان مشخص ندارد."
"garnish_recipe_global_143_094_ebb15b77","thai-massaman-chicken-curry","خورش ماسامان تایلندی با مرغ","global-143-v0.3","تایلند","","","curry","11","5","18","YES","RULE_PASS","PASS","0",""
"garnish_recipe_fa_190_49162ac2","khoresh-morgh-qeysi","خورش مرغ قیسی","phase-one-v0.6.1","ایران","","","stew","10","5","16","YES","NOT_RULED","P3","1","P3:IRANIAN_LOCALITY_MISSING:غذای ایرانی است اما شهر/استان مشخص ندارد."
"garnish_recipe_fa_107_5765c9eb","khoresht-chaghartameh","خورش چغرتمه","phase-one-v0.6.1","ایران","","","stew","11","5","18","YES","NOT_RULED","P2","2","P2:WEAK_GRIS_STEPS:بعضی مراحل GRIS کوتاه/کم‌جزئیات‌اند. (6/6) | P3:IRANIAN_LOCALITY_MISSING:غذای ایرانی است اما شهر/استان مشخص ندارد."
"garnish_recipe_fa_108_441adb29","khoresh-kadoo","خورش کدو","phase-one-v0.6.1","ایران","","","stew","10","5","18","YES","NOT_RULED","P2","2","P2:WEAK_GRIS_STEPS:بعضی مراحل GRIS کوتاه/کم‌جزئیات‌اند. (5/5) | P3:IRANIAN_LOCALITY_MISSING:غذای ایرانی است اما شهر/استان مشخص ندارد."
"garnish_recipe_fa_1052_8bde566e","khoresh-aloo-esfenaj","خورشت آلو اسفناج","phase-one-v0.6.1","ایران","گیلان","","main","9","6","16","YES","NOT_RULED","PASS","0",""
"garnish_recipe_fa_102_1994bb32","anar-bij","خورشت اناربیج","phase-one-v0.6.1","ایران","گیلان","","stew","9","6","18","YES","NOT_RULED","P2","1","P2:WEAK_GRIS_STEPS:بعضی مراحل GRIS کوتاه/کم‌جزئیات‌اند. (6/6)"
"garnish_recipe_fa_1251_3f83f105","khoresh-bademjan","خورشت بادمجان","phase-one-v0.6.1","ایران","گیلان","","main","11","6","16","YES","NOT_RULED","PASS","0",""
"garnish_recipe_fa_1053_29566b67","khoresh-bamieh","خورشت بامیه","phase-one-v0.6.1","ایران","گیلان","","main","10","6","16","YES","NOT_RULED","PASS","0",""
"garnish_recipe_fa_100_ce2b0c24","khoresh-beh","خورشت به","phase-one-v0.6.1","ایران","گیلان","","stew","10","6","18","YES","NOT_RULED","P2","1","P2:WEAK_GRIS_STEPS:بعضی مراحل GRIS کوتاه/کم‌جزئیات‌اند. (5/5)"
"garnish_recipe_fa_1059_32ca5280","khoresh-khalal","خورشت خلال","phase-one-v0.6.1","ایران","گیلان","","main","12","6","18","YES","NOT_RULED","P2","1","P2:WEAK_GRIS_STEPS:بعضی مراحل GRIS کوتاه/کم‌جزئیات‌اند. (6/6)"
"garnish_recipe_fa_99_14f1018b","khoresh-rivas","خورشت ریواس","phase-one-v0.6.1","ایران","گیلان","","stew","9","6","16","YES","NOT_RULED","P2","1","P2:WEAK_GRIS_INGREDIENTS:مواد GRIS نقش/نکته خرید/گروه کامل ندارند. (2/9)"
"garnish_recipe_fa_110_847e93ad","khoresh-sib","خورشت سیب","phase-one-v0.6.1","ایران","فارس","شیراز","stew","12","5","16","YES","NOT_RULED","PASS","0",""
"garnish_recipe_fa_228_09a631f3","fesenjan","خورشت فسنجان","phase-one-v0.6.1","ایران","","","stew","10","7","16","YES","RULE_PASS","P3","1","P3:IRANIAN_LOCALITY_MISSING:غذای ایرانی است اما شهر/استان مشخص ندارد."
"garnish_recipe_fa_224_c9d0355d","ghormeh-sabzi","خورشت قرمه‌سبزی","phase-one-v0.6.1","ایران","","","stew","10","7","16","YES","RULE_PASS","P3","1","P3:IRANIAN_LOCALITY_MISSING:غذای ایرانی است اما شهر/استان مشخص ندارد."
"garnish_recipe_fa_97_b033ed16","khoresh-loobia-sabz","خورشت لوبیا سبز","phase-one-v0.6.1","ایران","گیلان","","stew","10","6","18","YES","NOT_RULED","P2","1","P2:WEAK_GRIS_STEPS:بعضی مراحل GRIS کوتاه/کم‌جزئیات‌اند. (6/6)"
"garnish_recipe_fa_1314_7f39d182","khoresh-mast","خورشت ماست","phase-one-v0.6.1","ایران","اصفهان","اصفهان","dessert_main","10","6","16","YES","NOT_RULED","PASS","0",""
"garnish_recipe_fa_98_601bddc6","khoresh-havij-tabrizi","خورشت هویج تبریزی","phase-one-v0.6.1","ایران","گیلان","","stew","10","6","16","YES","NOT_RULED","PASS","0",""
"garnish_recipe_fa_1051_68dd60e0","khoresh-karafs","خورشت کرفس","phase-one-v0.6.1","ایران","گیلان","","main","11","6","16","YES","NOT_RULED","PASS","0",""
"garnish_lite_fa_072_dad6a14e","pickle-olive-and-tomato-side-plate","خیارشور و زیتون و گوجه (مزه کنار غذا)","lite-food-v0.3","ایران","","","lite_food","4","3","0","YES","NOT_RULED","P3","1","P3:IRANIAN_LOCALITY_MISSING:غذای ایرانی است اما شهر/استان مشخص ندارد."
"garnish_recipe_global_143_141_12664fc7","georgian-khinkali","خینکالی گرجی","global-143-v0.3","گرجستان","","","main_course","8","6","18","YES","RULE_PASS","P2","1","P2:WEAK_GRIS_STEPS:بعضی مراحل GRIS کوتاه/کم‌جزئیات‌اند. (6/6)"
"garnish_recipe_fa_1315_c324442d","dal-adas","دال عدس","phase-one-v0.6.1","ایران","جنوب ایران","","main","11","6","16","YES","NOT_RULED","PASS","0",""
"garnish_recipe_global_143_105_a30b590b","xiao-long-bao-soup-dumplings","دامپلینگ سوپی چینی","global-143-v0.3","چین","","","dumpling","10","5","18","YES","NOT_RULED","P2","1","P2:WEAK_GRIS_STEPS:بعضی مراحل GRIS کوتاه/کم‌جزئیات‌اند. (7/7)"
"garnish_recipe_intl_005_1bc32e70","chicken-jiaozi","دامپلینگ مرغ چینی (جیائوزی)","international-core-150-v0.6.0","چین","","","main_course","10","5","18","YES","NOT_RULED","P2","1","P2:WEAK_GRIS_STEPS:بعضی مراحل GRIS کوتاه/کم‌جزئیات‌اند. (6/6)"
"garnish_recipe_fa_875_f2ddeb1c","dolmeh-bademjan-kalam","دلمه بادمجان / دلمه کلم","phase-one-v0.6.1","ایران","","","main","14","5","16","YES","NOT_RULED","P3","1","P3:IRANIAN_LOCALITY_MISSING:غذای ایرانی است اما شهر/استان مشخص ندارد."
"garnish_recipe_fa_872_529097b4","dolmeh-barg-mo","دلمه برگ مو (دلمه‌ی برگ انگور)","phase-one-v0.6.1","ایران/منطقه قفقاز","","","main","14","6","16","YES","RULE_PASS","P2","2","P2:WEAK_GRIS_INGREDIENTS:مواد GRIS نقش/نکته خرید/گروه کامل ندارند. (8/14) | P3:IRANIAN_LOCALITY_MISSING:غذای ایرانی است اما شهر/استان مشخص ندارد."
"garnish_recipe_fa_161_b79bdd11","dampokht-mahi-jonubi","دمپخت ماهی جنوبی","phase-one-v0.6.1","ایران","جنوب ایران","","rice","10","5","16","YES","NOT_RULED","PASS","0",""
"garnish_recipe_fa_1261_99e02971","dampokhtak-mash-polo","دمپختک (ماش‌پلو تهرانی)","phase-one-v0.6.1","ایران","تهران","تهران","main","8","5","16","YES","NOT_RULED","PASS","0",""
"garnish_recipe_fa_87_b75c560e","dande-kabab","دنده‌کباب کرمانشاهی","phase-one-v0.6.1","ایران","کرمانشاه","کرمانشاه","grilled","9","6","18","YES","NOT_RULED","P2","1","P2:WEAK_GRIS_STEPS:بعضی مراحل GRIS کوتاه/کم‌جزئیات‌اند. (6/6)"
"garnish_recipe_global_143_079_060db242","dorayaki-red-bean-pancakes","دورایاکی با خمیر لوبیا","global-143-v0.3","ژاپن","","","pancake","8","5","18","YES","NOT_RULED","PASS","0",""
"garnish_recipe_global_143_014_8a86b8a0","masala-dosa","دوسا ماسالا","global-143-v0.3","نامشخص در داده؛ بین‌المللی","","","crepe","11","5","18","YES","NOT_RULED","P2","2","P2:WEAK_GRIS_STEPS:بعضی مراحل GRIS کوتاه/کم‌جزئیات‌اند. (7/7) | P2:ORIGIN_WEAK:کشور/مبدا از داده به‌وضوح قابل استخراج نیست."
"garnish_lite_fa_059_c1594c61","mint-yogurt-drink","دوغ نعنا خانگی","lite-food-v0.3","ایران","","","lite_food","3","3","0","YES","NOT_RULED","P3","1","P3:IRANIAN_LOCALITY_MISSING:غذای ایرانی است اما شهر/استان مشخص ندارد."
"garnish_recipe_global_143_087_3d227836","glazed-yeast-doughnuts","دونات مخمری لعابی","global-143-v0.3","نامشخص در داده؛ بین‌المللی","","","dessert","9","4","18","YES","NOT_RULED","P2","2","P2:WEAK_GRIS_STEPS:بعضی مراحل GRIS کوتاه/کم‌جزئیات‌اند. (6/6) | P2:ORIGIN_WEAK:کشور/مبدا از داده به‌وضوح قابل استخراج نیست."
"garnish_recipe_fa_1297_aaa24704","do-piazeh-aloo","دوپیازه آلو","phase-one-v0.6.1","ایران","فارس","شیراز","main","8","6","18","YES","NOT_RULED","P2","1","P2:WEAK_GRIS_STEPS:بعضی مراحل GRIS کوتاه/کم‌جزئیات‌اند. (6/6)"
"garnish_recipe_fa_125_31716f89","doopiazeh-meygoo","دوپیازه میگو","phase-one-v0.6.1","ایران","جنوب ایران","","main_course","9","6","18","YES","NOT_RULED","P2","1","P2:WEAK_GRIS_STEPS:بعضی مراحل GRIS کوتاه/کم‌جزئیات‌اند. (6/6)"
"garnish_recipe_fa_123_a52aadf1","doymaj","دویماج","phase-one-v0.6.1","ایران","","","appetizer","7","6","18","YES","NOT_RULED","P2","2","P2:WEAK_GRIS_STEPS:بعضی مراحل GRIS کوتاه/کم‌جزئیات‌اند. (6/6) | P3:IRANIAN_LOCALITY_MISSING:غذای ایرانی است اما شهر/استان مشخص ندارد."
"garnish_recipe_fa_1553_fc9a29b8","flavored-fruit-water","دیتاکس واتر","phase-one-v0.6.1","ایران","","","beverage","5","5","18","YES","NOT_RULED","P3","1","P3:IRANIAN_LOCALITY_MISSING:غذای ایرانی است اما شهر/استان مشخص ندارد."
"garnish_recipe_fa_230_332dd922","abgoosht","دیزی (آبگوشت)","phase-one-v0.6.1","ایران","","","stew","13","7","16","YES","NOT_RULED","P3","1","P3:IRANIAN_LOCALITY_MISSING:غذای ایرانی است اما شهر/استان مشخص ندارد."
"garnish_lite_fa_048_89204b05","beet-yogurt-dip","دیپ ماست و لبو (بورانی سرد)","lite-food-v0.3","ایران","","","lite_food","4","3","0","YES","NOT_RULED","P3","1","P3:IRANIAN_LOCALITY_MISSING:غذای ایرانی است اما شهر/استان مشخص ندارد."
"garnish_lite_fa_078_578dd342","guacamole-with-bread","دیپ گواکاموله با نان","lite-food-v0.3","نامشخص در داده؛ بین‌المللی","","","lite_food","6","3","0","YES","NOT_RULED","P2","1","P2:ORIGIN_WEAK:کشور/مبدا از داده به‌وضوح قابل استخراج نیست."
"garnish_lite_fa_042_9be6a738","mexican-street-corn-cup","ذرت مکزیکی فنجانی (الوته آماده)","lite-food-v0.3","مکزیک/تکس-مکس","","","lite_food","5","3","0","YES","NOT_RULED","PASS","0",""
"garnish_recipe_intl_020_a0837273","ratatouille","راتاتویی","international-core-150-v0.6.0","فرانسه","","","main_course","11","5","18","YES","NOT_RULED","P2","1","P2:WEAK_GRIS_STEPS:بعضی مراحل GRIS کوتاه/کم‌جزئیات‌اند. (5/5)"
"garnish_recipe_intl_079_bc51f8e5","ramen","رامن","international-core-150-v0.6.0","ژاپن","","","main_course","11","5","18","YES","NOT_RULED","P2","1","P2:WEAK_GRIS_STEPS:بعضی مراحل GRIS کوتاه/کم‌جزئیات‌اند. (6/6)"
"garnish_recipe_fa_2039_b49f818c","red-mojito","رد موهیتو","phase-one-v0.6.1","ایران","","","beverage","4","5","18","YES","NOT_RULED","P3","1","P3:IRANIAN_LOCALITY_MISSING:غذای ایرانی است اما شهر/استان مشخص ندارد."
"garnish_recipe_fa_184_e616db37","reshteh-khoshkar","رشته خشکار","phase-one-v0.6.1","ایران","گیلان","","sweet","8","5","18","YES","NOT_RULED","P2","1","P2:WEAK_GRIS_STEPS:بعضی مراحل GRIS کوتاه/کم‌جزئیات‌اند. (6/6)"
"garnish_recipe_fa_1280_13a22528","reshteh-polo-shirazi","رشته‌پلو شیرازی","phase-one-v0.6.1","ایران","فارس","شیراز","main","11","5","16","YES","NOT_RULED","P2","1","P2:WEAK_GRIS_INGREDIENTS:مواد GRIS نقش/نکته خرید/گروه کامل ندارند. (1/11)"
"garnish_recipe_global_143_107_dbd1eb92","indonesian-beef-rendang","رندانگ گوشت اندونزیایی","global-143-v0.3","اندونزی","","","main_course","13","5","18","YES","NOT_RULED","P2","1","P2:WEAK_GRIS_STEPS:بعضی مراحل GRIS کوتاه/کم‌جزئیات‌اند. (6/6)"
"garnish_recipe_fa_1496_5705c3de","ranginak","رنگینک","phase-one-v0.6.1","ایران","","","dessert","7","5","18","YES","NOT_RULED","P2","3","P2:WEAK_GRIS_STEPS:بعضی مراحل GRIS کوتاه/کم‌جزئیات‌اند. (6/6) | P2:WEAK_GRIS_INGREDIENTS:مواد GRIS نقش/نکته خرید/گروه کامل ندارند. (7/7) | P3:IRANIAN_LOCALITY_MISSING:غذای ایرانی است اما شهر/استان مشخص ندارد."
"garnish_recipe_intl_039_29544b7d","rosti","روشتی سوئیسی","international-core-150-v0.6.0","سوئیس","","","side_dish","5","5","18","YES","NOT_RULED","P2","2","P2:WEAK_GRIS_STEPS:بعضی مراحل GRIS کوتاه/کم‌جزئیات‌اند. (6/6) | P2:WEAK_GRIS_INGREDIENTS:مواد GRIS نقش/نکته خرید/گروه کامل ندارند. (5/5)"
"garnish_recipe_fa_883_4b80bbcf","meat-roulade","رولت گوشت","phase-one-v0.6.1","ایران","","","main","12","6","16","YES","NOT_RULED","P3","1","P3:IRANIAN_LOCALITY_MISSING:غذای ایرانی است اما شهر/استان مشخص ندارد."
"garnish_recipe_global_143_124_ce358cac","cuban-ropa-vieja","روپا ویه‌خای کوبایی","global-143-v0.3","نامشخص در داده؛ بین‌المللی","","","main_course","11","5","18","YES","NOT_RULED","P2","2","P2:WEAK_GRIS_STEPS:بعضی مراحل GRIS کوتاه/کم‌جزئیات‌اند. (5/5) | P2:ORIGIN_WEAK:کشور/مبدا از داده به‌وضوح قابل استخراج نیست."
"garnish_lite_fa_087_61b3189b","turkey-and-cheese-wrap","رپ بوقلمون و پنیر","lite-food-v0.3","نامشخص در داده؛ بین‌المللی","","","lite_food","4","3","0","YES","NOT_RULED","P2","1","P2:ORIGIN_WEAK:کشور/مبدا از داده به‌وضوح قابل استخراج نیست."
"garnish_lite_fa_091_be3a7a1d","greek-salad-wrap","رپ سالاد یونانی","lite-food-v0.3","یونان","","","lite_food","6","3","0","YES","NOT_RULED","PASS","0",""
"garnish_lite_fa_085_7e285172","hummus-and-veggie-wrap","رپ هوموس و سبزیجات","lite-food-v0.3","نامشخص در داده؛ بین‌المللی","","","lite_food","5","3","0","YES","NOT_RULED","P2","1","P2:ORIGIN_WEAK:کشور/مبدا از داده به‌وضوح قابل استخراج نیست."
"garnish_lite_fa_093_936a36ff","cream-cheese-and-veggie-roll-up","رپ پنیر خامه‌ای و سبزیجات","lite-food-v0.3","نامشخص در داده؛ بین‌المللی","","","lite_food","5","3","0","YES","NOT_RULED","P2","1","P2:ORIGIN_WEAK:کشور/مبدا از داده به‌وضوح قابل استخراج نیست."
"garnish_recipe_intl_121_c6d25626","ribollita","ریبولیتا","international-core-150-v0.6.0","ایتالیا","","","main_course","12","5","18","YES","NOT_RULED","P2","1","P2:WEAK_GRIS_STEPS:بعضی مراحل GRIS کوتاه/کم‌جزئیات‌اند. (5/5)"
"garnish_recipe_intl_001_a95ca931","risotto-alla-milanese","ریزوتو میلانی زعفرانی","international-core-150-v0.6.0","ایتالیا","","","main_course","9","5","18","YES","NOT_RULED","P2","1","P2:WEAK_GRIS_STEPS:بعضی مراحل GRIS کوتاه/کم‌جزئیات‌اند. (6/6)"
"garnish_recipe_intl_150_951c615d","risalamande","ریسالاماند","international-core-150-v0.6.0","دانمارک","","","dessert","8","5","18","YES","NOT_RULED","P2","1","P2:WEAK_GRIS_STEPS:بعضی مراحل GRIS کوتاه/کم‌جزئیات‌اند. (6/6)"
"garnish_recipe_global_143_075_83dba9bf","classic-sachertorte","زاخر تورته شکلاتی","global-143-v0.3","اتریش","","","cake","10","6","18","YES","NOT_RULED","PASS","0",""
"garnish_recipe_intl_059_1736c8ad","sauerbraten","زاوربراتن","international-core-150-v0.6.0","آلمان","","","main_course","12","5","18","YES","NOT_RULED","P2","1","P2:WEAK_GRIS_STEPS:بعضی مراحل GRIS کوتاه/کم‌جزئیات‌اند. (6/6)"
"garnish_recipe_fa_878_85458912","zereshk-polo-ba-morgh","زرشک پلو با مرغ","phase-one-v0.6.1","ایران","","","main","12","5","16","YES","RULE_PASS","P3","1","P3:IRANIAN_LOCALITY_MISSING:غذای ایرانی است اما شهر/استان مشخص ندارد."
"garnish_recipe_intl_142_44b006d6","semmelknodel","زمل‌کنودل","international-core-150-v0.6.0","آلمان","","","side_dish","10","5","18","YES","NOT_RULED","P2","1","P2:WEAK_GRIS_STEPS:بعضی مراحل GRIS کوتاه/کم‌جزئیات‌اند. (6/6)"
"garnish_recipe_intl_141_16bce5b8","senfeier","زنف‌آیر","international-core-150-v0.6.0","آلمان","","","main_course","10","5","18","YES","NOT_RULED","P2","1","P2:WEAK_GRIS_STEPS:بعضی مراحل GRIS کوتاه/کم‌جزئیات‌اند. (6/6)"
"garnish_recipe_fa_179_9cb4bccf","zoolbia-bamieh","زولبیا و بامیه","phase-one-v0.6.1","ایران","","","dessert","9","6","16","YES","NOT_RULED","P3","1","P3:IRANIAN_LOCALITY_MISSING:غذای ایرانی است اما شهر/استان مشخص ندارد."
"garnish_recipe_fa_128_80595bf3","zeytoon-parvardeh","زیتون پرورده","phase-one-v0.6.1","ایران","گیلان","","appetizer","8","6","18","YES","NOT_RULED","PASS","0",""
"garnish_lite_fa_038_de0f96b1","marinated-olive-and-herb-dip-with-bread","زیتون پرورده با نان","lite-food-v0.3","ایران","","","lite_food","6","3","0","YES","NOT_RULED","P3","1","P3:IRANIAN_LOCALITY_MISSING:غذای ایرانی است اما شهر/استان مشخص ندارد."
"garnish_recipe_fa_1272_b3180a59","zireh-polo-kermani","زیره‌پلو کرمانی","phase-one-v0.6.1","ایران","کرمان","کرمان","main","10","5","18","YES","NOT_RULED","P2","2","P2:WEAK_GRIS_STEPS:بعضی مراحل GRIS کوتاه/کم‌جزئیات‌اند. (6/6) | P2:WEAK_GRIS_INGREDIENTS:مواد GRIS نقش/نکته خرید/گروه کامل ندارند. (10/10)"
"garnish_recipe_intl_110_d9922059","chicken-satay","ساته مرغ","international-core-150-v0.6.0","تایلند","","","main_course","11","5","18","YES","NOT_RULED","PASS","0",""
"garnish_lite_fa_076_cd5d8bb9","avocado-and-tomato-salad","سالاد آووکادو و گوجه","lite-food-v0.3","نامشخص در داده؛ بین‌المللی","","","lite_food","5","3","0","YES","NOT_RULED","P2","1","P2:ORIGIN_WEAK:کشور/مبدا از داده به‌وضوح قابل استخراج نیست."
"garnish_recipe_fa_1324_2b0dbfd9","salad-olivieh","سالاد الویه","phase-one-v0.6.1","ایران","","","salad","13","5","16","YES","NOT_RULED","P3","1","P3:IRANIAN_LOCALITY_MISSING:غذای ایرانی است اما شهر/استان مشخص ندارد."
"garnish_recipe_fa_1747_23e0a898","indonesian-salad","سالاد اندونزی","phase-one-v0.6.1","اندونزی","","","salad","12","5","18","YES","NOT_RULED","P3","1","P3:IRANIAN_LOCALITY_MISSING:غذای ایرانی است اما شهر/استان مشخص ندارد."
"garnish_lite_fa_080_532aebff","corn-and-bean-salad","سالاد ذرت و لوبیا","lite-food-v0.3","نامشخص در داده؛ بین‌المللی","","","lite_food","5","3","0","YES","NOT_RULED","P2","1","P2:ORIGIN_WEAK:کشور/مبدا از داده به‌وضوح قابل استخراج نیست."
"garnish_recipe_fa_1761_4f9171a7","ranginak-fruit-salad","سالاد رنگینک","phase-one-v0.6.1","ایران","","","dessert","9","5","16","YES","NOT_RULED","P3","1","P3:IRANIAN_LOCALITY_MISSING:غذای ایرانی است اما شهر/استان مشخص ندارد."
"garnish_lite_fa_074_821a3098","simple-green-salad-with-vinaigrette","سالاد سبز ساده با سس وینگرت","lite-food-v0.3","نامشخص در داده؛ بین‌المللی","","","lite_food","5","3","0","YES","NOT_RULED","P2","1","P2:ORIGIN_WEAK:کشور/مبدا از داده به‌وضوح قابل استخراج نیست."
"garnish_recipe_fa_2071_5391bddf","caesar-salad","سالاد سزار","phase-one-v0.6.1","نامشخص در داده؛ بین‌المللی","","","salad","13","5","16","YES","NOT_RULED","P2","1","P2:ORIGIN_WEAK:کشور/مبدا از داده به‌وضوح قابل استخراج نیست."
"garnish_recipe_fa_1762_ecb03b4e","potato-salad","سالاد سیب زمینی","phase-one-v0.6.1","ایران","","","salad","11","5","18","YES","NOT_RULED","P2","3","P2:WEAK_GRIS_STEPS:بعضی مراحل GRIS کوتاه/کم‌جزئیات‌اند. (6/6) | P2:WEAK_GRIS_INGREDIENTS:مواد GRIS نقش/نکته خرید/گروه کامل ندارند. (11/11) | P3:IRANIAN_LOCALITY_MISSING:غذای ایرانی است اما شهر/استان مشخص ندارد."
"garnish_recipe_intl_027_8a794c67","kartoffelsalat","سالاد سیب‌زمینی آلمانی","international-core-150-v0.6.0","آلمان","","","salad","9","5","16","YES","NOT_RULED","PASS","0",""
"garnish_recipe_fa_2056_099d047a","salad-shirazi","سالاد شیرازی","phase-one-v0.6.1","ایران","فارس","شیراز","salad","8","5","18","YES","NOT_RULED","PASS","0",""
"garnish_recipe_fa_1808_788119ed","macaroni-salad","سالاد ماکارونی","phase-one-v0.6.1","ایران","","","salad","13","5","16","YES","NOT_RULED","P2","2","P2:WEAK_GRIS_INGREDIENTS:مواد GRIS نقش/نکته خرید/گروه کامل ندارند. (1/13) | P3:IRANIAN_LOCALITY_MISSING:غذای ایرانی است اما شهر/استان مشخص ندارد."
"garnish_recipe_fa_1751_cd7bc7b8","chicken-salad","سالاد مرغ","phase-one-v0.6.1","ایران","","","salad","15","5","18","YES","NOT_RULED","P2","3","P2:WEAK_GRIS_STEPS:بعضی مراحل GRIS کوتاه/کم‌جزئیات‌اند. (6/6) | P2:WEAK_GRIS_INGREDIENTS:مواد GRIS نقش/نکته خرید/گروه کامل ندارند. (15/15) | P3:IRANIAN_LOCALITY_MISSING:غذای ایرانی است اما شهر/استان مشخص ندارد."
"garnish_recipe_intl_085_31af330d","salade-nicoise","سالاد نیسواز","international-core-150-v0.6.0","فرانسه","","","salad","12","5","18","YES","NOT_RULED","PASS","0",""
"garnish_lite_fa_075_a94612da","watermelon-and-feta-salad","سالاد هندوانه و فتا","lite-food-v0.3","نامشخص در داده؛ بین‌المللی","","","lite_food","4","3","0","YES","NOT_RULED","P2","1","P2:ORIGIN_WEAK:کشور/مبدا از داده به‌وضوح قابل استخراج نیست."
"garnish_lite_fa_081_1fb39818","cabbage-and-pineapple-slaw","سالاد کارائیب کلم و آناناس","lite-food-v0.3","نامشخص در داده؛ بین‌المللی","","","lite_food","4","3","0","YES","NOT_RULED","P2","1","P2:ORIGIN_WEAK:کشور/مبدا از داده به‌وضوح قابل استخراج نیست."
"garnish_recipe_intl_002_ca22fd2f","caprese-salad","سالاد کاپرزه","international-core-150-v0.6.0","ایتالیا","","","salad","6","5","16","YES","NOT_RULED","PASS","0",""
"garnish_lite_fa_073_9481977d","red-cabbage-and-carrot-slaw","سالاد کلم بنفش و هویج","lite-food-v0.3","نامشخص در داده؛ بین‌المللی","","","lite_food","5","3","0","YES","NOT_RULED","P2","1","P2:ORIGIN_WEAK:کشور/مبدا از داده به‌وضوح قابل استخراج نیست."
"garnish_lite_fa_077_2c5659c2","quinoa-salad","سالاد کینوا آماده با سبزیجات","lite-food-v0.3","نامشخص در داده؛ بین‌المللی","","","lite_food","6","3","0","YES","NOT_RULED","P2","1","P2:ORIGIN_WEAK:کشور/مبدا از داده به‌وضوح قابل استخراج نیست."
"garnish_lite_fa_070_fad47a28","tomato-cucumber-and-onion-chopped-salad","سالاد گوجه و خیار و پیاز شیرازی‌وار","lite-food-v0.3","ایران","فارس","شیراز","lite_food","5","3","0","YES","NOT_RULED","PASS","0",""
"garnish_recipe_intl_029_0cafb54c","greek-salad","سالاد یونانی","international-core-150-v0.6.0","یونان","","","salad","10","5","18","YES","NOT_RULED","PASS","0",""
"garnish_recipe_global_143_046_b111554d","punjabi-potato-samosa","ساموسای سیب‌زمینی هندی","global-143-v0.3","هند","","","fried_pastry","14","5","18","YES","NOT_RULED","PASS","0",""
"garnish_lite_fa_096_2d866197","avocado-and-tomato-sandwich","ساندویچ آووکادو و گوجه","lite-food-v0.3","نامشخص در داده؛ بین‌المللی","","","lite_food","5","3","0","YES","NOT_RULED","P2","1","P2:ORIGIN_WEAK:کشور/مبدا از داده به‌وضوح قابل استخراج نیست."
"garnish_recipe_global_143_096_0e548c27","vietnamese-pork-banh-mi","ساندویچ بان می با گوشت و ترشی","global-143-v0.3","نامشخص در داده؛ بین‌المللی","","","sandwich","11","5","18","YES","NOT_RULED","P2","2","P2:WEAK_GRIS_STEPS:بعضی مراحل GRIS کوتاه/کم‌جزئیات‌اند. (6/6) | P2:ORIGIN_WEAK:کشور/مبدا از داده به‌وضوح قابل استخراج نیست."
"garnish_lite_fa_084_b1b75380","egg-salad-sandwich","ساندویچ تخم‌مرغ و مایونز","lite-food-v0.3","نامشخص در داده؛ بین‌المللی","","","lite_food","5","3","0","YES","NOT_RULED","P2","1","P2:ORIGIN_WEAK:کشور/مبدا از داده به‌وضوح قابل استخراج نیست."
"garnish_lite_fa_083_a0f30266","cheese-tomato-and-cucumber-sandwich","ساندویچ پنیر و گوجه و خیار","lite-food-v0.3","ایران","","","lite_food","4","3","0","YES","NOT_RULED","P3","1","P3:IRANIAN_LOCALITY_MISSING:غذای ایرانی است اما شهر/استان مشخص ندارد."
"garnish_lite_fa_094_fde3c956","cold-mortadella-and-cheese-sandwich","ساندویچ کالباس و پنیر سرد","lite-food-v0.3","ایران","","","lite_food","6","3","0","YES","NOT_RULED","P3","1","P3:IRANIAN_LOCALITY_MISSING:غذای ایرانی است اما شهر/استان مشخص ندارد."
"garnish_lite_fa_090_0e727d97","peanut-butter-and-honey-sandwich","ساندویچ کره بادام‌زمینی و عسل","lite-food-v0.3","نامشخص در داده؛ بین‌المللی","","","lite_food","3","3","0","YES","NOT_RULED","P2","1","P2:ORIGIN_WEAK:کشور/مبدا از داده به‌وضوح قابل استخراج نیست."
"garnish_recipe_intl_144_5774ae78","saganaki","ساگاناکی","international-core-150-v0.6.0","یونان","","","side_dish","5","5","18","YES","NOT_RULED","P2","2","P2:WEAK_GRIS_STEPS:بعضی مراحل GRIS کوتاه/کم‌جزئیات‌اند. (6/6) | P2:WEAK_GRIS_INGREDIENTS:مواد GRIS نقش/نکته خرید/گروه کامل ندارند. (5/5)"
"garnish_recipe_fa_1220_6429319c","sabzi-polo-ba-mahi","سبزی پلو با ماهی","phase-one-v0.6.1","ایران","","","main","10","5","16","YES","NOT_RULED","P3","1","P3:IRANIAN_LOCALITY_MISSING:غذای ایرانی است اما شهر/استان مشخص ندارد."
"garnish_recipe_fa_2018_2572b935","bechamel-sauce","سس بشامل","phase-one-v0.6.1","نامشخص در داده؛ بین‌المللی","","","sauce","8","5","18","YES","NOT_RULED","P2","3","P2:WEAK_GRIS_STEPS:بعضی مراحل GRIS کوتاه/کم‌جزئیات‌اند. (6/6) | P2:WEAK_GRIS_INGREDIENTS:مواد GRIS نقش/نکته خرید/گروه کامل ندارند. (8/8) | P2:ORIGIN_WEAK:کشور/مبدا از داده به‌وضوح قابل استخراج نیست."
"garnish_recipe_fa_2028_1932b5ee","falafel-sauce","سس فلافل","phase-one-v0.6.1","ایران","","","sauce","9","5","16","YES","NOT_RULED","P3","1","P3:IRANIAN_LOCALITY_MISSING:غذای ایرانی است اما شهر/استان مشخص ندارد."
"garnish_recipe_fa_2035_e1080e79","marinara-sauce","سس مارینارا","phase-one-v0.6.1","نامشخص در داده؛ بین‌المللی","","","sauce","9","5","16","YES","NOT_RULED","P2","2","P2:WEAK_GRIS_INGREDIENTS:مواد GRIS نقش/نکته خرید/گروه کامل ندارند. (1/9) | P2:ORIGIN_WEAK:کشور/مبدا از داده به‌وضوح قابل استخراج نیست."
"garnish_recipe_fa_2032_c2aacc2c","burger-sauce","سس همبرگر","phase-one-v0.6.1","ایران","","","sauce","8","5","18","YES","NOT_RULED","P2","3","P2:WEAK_GRIS_STEPS:بعضی مراحل GRIS کوتاه/کم‌جزئیات‌اند. (6/6) | P2:WEAK_GRIS_INGREDIENTS:مواد GRIS نقش/نکته خرید/گروه کامل ندارند. (8/8) | P3:IRANIAN_LOCALITY_MISSING:غذای ایرانی است اما شهر/استان مشخص ندارد."
"garnish_recipe_fa_2022_ed370352","pesto-sauce","سس پستو","phase-one-v0.6.1","ایتالیا","","","sauce","7","5","18","YES","NOT_RULED","P2","1","P2:WEAK_GRIS_STEPS:بعضی مراحل GRIS کوتاه/کم‌جزئیات‌اند. (6/6)"
"garnish_recipe_fa_2075_3d9b2098","samosa-abadan","سمبوسه آبادانی","phase-one-v0.6.1","ایران","","","main","13","5","16","YES","NOT_RULED","P3","1","P3:IRANIAN_LOCALITY_MISSING:غذای ایرانی است اما شهر/استان مشخص ندارد."
"garnish_recipe_fa_2079_5543499b","baked-samosa","سمبوسه در فر","phase-one-v0.6.1","ایران","","","main","13","5","16","YES","NOT_RULED","P3","1","P3:IRANIAN_LOCALITY_MISSING:غذای ایرانی است اما شهر/استان مشخص ندارد."
"garnish_recipe_fa_185_c892351b","samanu","سمنو","phase-one-v0.6.1","ایران","","","dessert","2","6","18","YES","NOT_RULED","P2","3","P2:WEAK_GRIS_STEPS:بعضی مراحل GRIS کوتاه/کم‌جزئیات‌اند. (6/6) | P2:WEAK_GRIS_INGREDIENTS:مواد GRIS نقش/نکته خرید/گروه کامل ندارند. (2/2) | P3:IRANIAN_LOCALITY_MISSING:غذای ایرانی است اما شهر/استان مشخص ندارد."
"garnish_recipe_global_143_010_8626885f","sucuklu-yumurta","سوجوک با تخم‌مرغ","global-143-v0.3","ترکیه","","","egg","5","4","18","YES","NOT_RULED","P2","1","P2:WEAK_GRIS_STEPS:بعضی مراحل GRIS کوتاه/کم‌جزئیات‌اند. (5/5)"
"garnish_recipe_fa_1768_7a1c6699","sosis-bandari","سوسیس بندری","phase-one-v0.6.1","ایران","","","main","11","5","18","YES","NOT_RULED","P3","1","P3:IRANIAN_LOCALITY_MISSING:غذای ایرانی است اما شهر/استان مشخص ندارد."
"garnish_recipe_intl_051_38dcc2df","bangers-and-mash","سوسیس و پورهٔ سیب‌زمینی","international-core-150-v0.6.0","بریتانیا","","","main_course","10","5","18","YES","NOT_RULED","PASS","0",""
"garnish_recipe_global_143_093_bf5fab4c","sushi-rolls-salmon-tuna","سوشی رول خانگی با سالمون و تن","global-143-v0.3","ژاپن","","","rice","11","5","18","YES","NOT_RULED","PASS","0",""
"garnish_recipe_fa_176_60f55560","sohan-qom","سوهان قم","phase-one-v0.6.1","ایران","قم","قم","sweet","7","5","18","YES","NOT_RULED","P2","1","P2:WEAK_GRIS_STEPS:بعضی مراحل GRIS کوتاه/کم‌جزئیات‌اند. (6/6)"
"garnish_recipe_intl_067_995a81a6","chicken-souvlaki","سوولاکی مرغ","international-core-150-v0.6.0","یونان","","","main_course","8","5","18","YES","NOT_RULED","PASS","0",""
"garnish_recipe_intl_042_c2aaf822","hot-and-sour-soup","سوپ ترش و تند","international-core-150-v0.6.0","چین","","","soup","11","5","18","YES","NOT_RULED","PASS","0",""
"garnish_recipe_fa_1816_dec0afbb","cream-of-chicken-soup","سوپ شیر","phase-one-v0.6.1","ایران","","","main","14","5","16","YES","NOT_RULED","P3","1","P3:IRANIAN_LOCALITY_MISSING:غذای ایرانی است اما شهر/استان مشخص ندارد."
"garnish_recipe_intl_046_0c90256b","red-lentil-soup","سوپ عدس قرمز ترکی","international-core-150-v0.6.0","ترکیه","","","soup","10","5","16","YES","NOT_RULED","PASS","0",""
"garnish_recipe_intl_014_33ae62d8","miso-soup","سوپ میسو","international-core-150-v0.6.0","ژاپن","","","soup","5","5","16","YES","NOT_RULED","PASS","0",""
"garnish_recipe_intl_032_a150e5b1","minestrone-soup","سوپ مینسترونه","international-core-150-v0.6.0","ایتالیا","","","soup","12","5","16","YES","NOT_RULED","PASS","0",""
"garnish_recipe_intl_055_0182b616","erwtensoep","سوپ نخود سبز هلندی","international-core-150-v0.6.0","هلند","","","soup","10","5","18","YES","NOT_RULED","PASS","0",""
"garnish_recipe_intl_021_6914ecb7","french-onion-soup","سوپ پیاز فرانسوی","international-core-150-v0.6.0","فرانسه","","","soup","10","5","16","YES","NOT_RULED","PASS","0",""
"garnish_recipe_global_143_120_8da4e4b0","peruvian-fish-ceviche","سویچه ماهی پرویی","global-143-v0.3","نامشخص در داده؛ بین‌المللی","","","main_course","9","5","18","YES","NOT_RULED","P2","2","P2:WEAK_GRIS_STEPS:بعضی مراحل GRIS کوتاه/کم‌جزئیات‌اند. (6/6) | P2:ORIGIN_WEAK:کشور/مبدا از داده به‌وضوح قابل استخراج نیست."
"garnish_recipe_fa_1332_682d694b","french-fries","سیب زمینی سرخ کرده","phase-one-v0.6.1","ایران","","","main","4","5","18","YES","NOT_RULED","P2","3","P2:WEAK_GRIS_STEPS:بعضی مراحل GRIS کوتاه/کم‌جزئیات‌اند. (6/6) | P2:WEAK_GRIS_INGREDIENTS:مواد GRIS نقش/نکته خرید/گروه کامل ندارند. (4/4) | P3:IRANIAN_LOCALITY_MISSING:غذای ایرانی است اما شهر/استان مشخص ندارد."
"garnish_recipe_fa_105_606b3bee","sir-qelyeh","سیر قلیه","phase-one-v0.6.1","ایران","گیلان","","stew","9","6","18","YES","NOT_RULED","PASS","0",""
"garnish_recipe_intl_146_5a7a3b3f","syrniki","سیرنیکی","international-core-150-v0.6.0","نامشخص در داده؛ بین‌المللی","","","dessert","8","5","18","YES","NOT_RULED","P2","1","P2:ORIGIN_WEAK:کشور/مبدا از داده به‌وضوح قابل استخراج نیست."
"garnish_recipe_global_143_006_10cd2dcc","cantonese-siu-mai-dim-sum","سیومای کانتونی دیم‌سام","global-143-v0.3","چین","","","dumpling","12","5","18","YES","NOT_RULED","P2","1","P2:WEAK_GRIS_STEPS:بعضی مراحل GRIS کوتاه/کم‌جزئیات‌اند. (6/6)"
"garnish_recipe_fa_1767_4e6ed616","shami-kabab-lorestan","شامی کباب لرستانی","phase-one-v0.6.1","ایران","لرستان","","main","10","5","16","YES","NOT_RULED","PASS","0",""
"garnish_recipe_fa_1820_41034bbe","chicken-shawarma","شاورما","phase-one-v0.6.1","نامشخص در داده؛ بین‌المللی","","","main","19","5","16","YES","NOT_RULED","P2","1","P2:ORIGIN_WEAK:کشور/مبدا از داده به‌وضوح قابل استخراج نیست."
"garnish_lite_fa_053_03f59ac8","mint-limeade","شربت آبلیمو و نعنا","lite-food-v0.3","نامشخص در داده؛ بین‌المللی","","","lite_food","3","3","0","YES","NOT_RULED","P2","1","P2:ORIGIN_WEAK:کشور/مبدا از داده به‌وضوح قابل استخراج نیست."
"garnish_lite_fa_058_9891c764","sour-cherry-cooler","شربت آلبالو خانگی با یخ","lite-food-v0.3","ایران","","","lite_food","1","3","0","YES","NOT_RULED","P3","1","P3:IRANIAN_LOCALITY_MISSING:غذای ایرانی است اما شهر/استان مشخص ندارد."
"garnish_recipe_fa_1513_1e7a7b4f","orange-blossom-sharbat","شربت بهار نارنج","phase-one-v0.6.1","ایران","","","beverage","3","5","18","YES","NOT_RULED","P3","1","P3:IRANIAN_LOCALITY_MISSING:غذای ایرانی است اما شهر/استان مشخص ندارد."
"garnish_recipe_fa_1510_2d1f8557","cucumber-sekanjabin-sharbat","شربت خیار سکنجبین","phase-one-v0.6.1","ایران","","","beverage","5","5","18","YES","NOT_RULED","P3","1","P3:IRANIAN_LOCALITY_MISSING:غذای ایرانی است اما شهر/استان مشخص ندارد."
"garnish_lite_fa_060_0a0758f2","saffron-orange-blossom-cooler","شربت زعفران و بهارنارنج","lite-food-v0.3","ایران","","","lite_food","3","3","0","YES","NOT_RULED","P3","1","P3:IRANIAN_LOCALITY_MISSING:غذای ایرانی است اما شهر/استان مشخص ندارد."
"garnish_lite_fa_067_65bc28c4","sekanjabin-with-cucumber","شربت سکنجبین با خیار","lite-food-v0.3","ایران","","","lite_food","2","3","0","YES","NOT_RULED","P3","1","P3:IRANIAN_LOCALITY_MISSING:غذای ایرانی است اما شهر/استان مشخص ندارد."
"garnish_recipe_fa_1514_82bb4541","rosewater-sharbat","شربت گلاب","phase-one-v0.6.1","ایران","","","beverage","3","5","18","YES","NOT_RULED","P3","1","P3:IRANIAN_LOCALITY_MISSING:غذای ایرانی است اما شهر/استان مشخص ندارد."
"garnish_recipe_fa_1482_782462e9","sholeh-zard","شله زرد","phase-one-v0.6.1","ایران","","","dessert","9","5","16","YES","NOT_RULED","P3","1","P3:IRANIAN_LOCALITY_MISSING:غذای ایرانی است اما شهر/استان مشخص ندارد."
"garnish_recipe_fa_154_cdfcadf7","sholeh-mashhadi","شله مشهدی","phase-one-v0.6.1","ایران","خراسان رضوی","مشهد","main_course","11","5","16","YES","NOT_RULED","PASS","0",""
"garnish_recipe_intl_026_b9f5a392","chicken-schnitzel","شنیتسل مرغ","international-core-150-v0.6.0","اتریش","","وین","main_course","9","5","18","YES","RULE_PASS","PASS","0",""
"garnish_recipe_global_143_137_6a99342c","wiener-schnitzel","شنیتسل وینی","global-143-v0.3","اتریش","","وین","main_course","6","5","18","YES","RULE_PASS","P2","1","P2:WEAK_GRIS_STEPS:بعضی مراحل GRIS کوتاه/کم‌جزئیات‌اند. (6/6)"
"garnish_recipe_intl_024_ff4dc9ab","shepherds-pie","شپرد پای (پای گوشت و سیب‌زمینی)","international-core-150-v0.6.0","بریتانیا","","","main_course","12","5","18","YES","NOT_RULED","PASS","0",""
"garnish_recipe_intl_044_2e127ee1","shakshuka","شکشوکا","international-core-150-v0.6.0","نامشخص در داده؛ بین‌المللی","","","egg_dish","11","5","18","YES","NOT_RULED","P2","1","P2:ORIGIN_WEAK:کشور/مبدا از داده به‌وضوح قابل استخراج نیست."
"garnish_recipe_fa_1491_0553f941","shir-berenj","شیر برنج","phase-one-v0.6.1","ایران","","","dessert","9","5","16","YES","NOT_RULED","P3","1","P3:IRANIAN_LOCALITY_MISSING:غذای ایرانی است اما شهر/استان مشخص ندارد."
"garnish_lite_fa_026_0f726e6c","cold-rice-pudding-cup-with-cinnamon","شیر برنج آماده با دارچین","lite-food-v0.3","نامشخص در داده؛ بین‌المللی","","","lite_food","3","3","0","YES","NOT_RULED","P2","1","P2:ORIGIN_WEAK:کشور/مبدا از داده به‌وضوح قابل استخراج نیست."
"garnish_lite_fa_055_dce52169","iced-honey-vanilla-milk","شیر طلایی سرد با عسل","lite-food-v0.3","نامشخص در داده؛ بین‌المللی","","","lite_food","3","3","0","YES","NOT_RULED","P2","1","P2:ORIGIN_WEAK:کشور/مبدا از داده به‌وضوح قابل استخراج نیست."
"garnish_recipe_fa_1555_00844d92","pistachio-milk","شیر پسته","phase-one-v0.6.1","ایران","","","beverage","5","5","18","YES","NOT_RULED","P3","1","P3:IRANIAN_LOCALITY_MISSING:غذای ایرانی است اما شهر/استان مشخص ندارد."
"garnish_lite_fa_065_cda75133","cold-pistachio-milk","شیر پسته سرد","lite-food-v0.3","ایران","","","lite_food","3","3","0","YES","NOT_RULED","P3","1","P3:IRANIAN_LOCALITY_MISSING:غذای ایرانی است اما شهر/استان مشخص ندارد."
"garnish_lite_fa_002_6f0bd5c3","grape-molasses-and-tahini-on-bread","شیره انگور و ارده روی نان","lite-food-v0.3","ایران","","","lite_food","3","3","0","YES","NOT_RULED","P3","1","P3:IRANIAN_LOCALITY_MISSING:غذای ایرانی است اما شهر/استان مشخص ندارد."
"garnish_lite_fa_003_84eb3049","date-syrup-and-tahini-on-bread","شیره خرما و ارده روی نان","lite-food-v0.3","ایران","","","lite_food","3","3","0","YES","NOT_RULED","P3","1","P3:IRANIAN_LOCALITY_MISSING:غذای ایرانی است اما شهر/استان مشخص ندارد."
"garnish_recipe_fa_1250_cb9a971c","shirin-polo","شیرین‌پلو (مرصع‌پلو)","phase-one-v0.6.1","ایران","","","main","13","5","18","YES","NOT_RULED","P2","3","P2:WEAK_GRIS_STEPS:بعضی مراحل GRIS کوتاه/کم‌جزئیات‌اند. (6/6) | P2:WEAK_GRIS_INGREDIENTS:مواد GRIS نقش/نکته خرید/گروه کامل ندارند. (13/13) | P3:IRANIAN_LOCALITY_MISSING:غذای ایرانی است اما شهر/استان مشخص ندارد."
"garnish_recipe_fa_1207_5b8c823a","shishlik","شیشلیک (کباب دنده)","phase-one-v0.6.1","ایران","","","main","10","6","16","YES","NOT_RULED","P3","1","P3:IRANIAN_LOCALITY_MISSING:غذای ایرانی است اما شهر/استان مشخص ندارد."
"garnish_recipe_global_143_002_5f663504","full-english-breakfast","صبحانه کامل انگلیسی","global-143-v0.3","نامشخص در داده؛ بین‌المللی","","","breakfast","13","6","18","YES","NOT_RULED","P2","2","P2:WEAK_GRIS_STEPS:بعضی مراحل GRIS کوتاه/کم‌جزئیات‌اند. (6/6) | P2:ORIGIN_WEAK:کشور/مبدا از داده به‌وضوح قابل استخراج نیست."
"garnish_recipe_global_143_062_f288b067","oysters-on-the-half-shell","صدف تازه روی نیم‌پوسته","global-143-v0.3","نامشخص در داده؛ بین‌المللی","","","seafood","6","5","18","YES","NOT_RULED","P2","1","P2:ORIGIN_WEAK:کشور/مبدا از داده به‌وضوح قابل استخراج نیست."
"garnish_recipe_fa_1562_0d149539","adasi","عدسی","phase-one-v0.6.1","ایران","","","main","8","5","18","YES","NOT_RULED","P3","1","P3:IRANIAN_LOCALITY_MISSING:غذای ایرانی است اما شهر/استان مشخص ندارد."
"garnish_recipe_fa_864_37673192","adas-polo-ba-goosht","عدس‌پلو با گوشت","phase-one-v0.6.1","ایران","","","rice","13","7","16","YES","NOT_RULED","P3","1","P3:IRANIAN_LOCALITY_MISSING:غذای ایرانی است اما شهر/استان مشخص ندارد."
"garnish_recipe_intl_128_22442750","fatteh","فته","international-core-150-v0.6.0","نامشخص در داده؛ بین‌المللی","","","main_course","7","5","18","YES","NOT_RULED","P2","2","P2:WEAK_GRIS_STEPS:بعضی مراحل GRIS کوتاه/کم‌جزئیات‌اند. (5/5) | P2:ORIGIN_WEAK:کشور/مبدا از داده به‌وضوح قابل استخراج نیست."
"garnish_recipe_intl_075_adf77e6a","fattoush","فتوش","international-core-150-v0.6.0","یونان","","","salad","12","5","18","YES","NOT_RULED","PASS","0",""
"garnish_recipe_global_143_021_7cee5181","classic-french-toast","فرنچ تست کلاسیک","global-143-v0.3","نامشخص در داده؛ بین‌المللی","","","breakfast","10","4","18","YES","NOT_RULED","P2","2","P2:WEAK_GRIS_STEPS:بعضی مراحل GRIS کوتاه/کم‌جزئیات‌اند. (6/6) | P2:ORIGIN_WEAK:کشور/مبدا از داده به‌وضوح قابل استخراج نیست."
"garnish_recipe_fa_1492_08a81971","ferni","فرنی","phase-one-v0.6.1","ایران","","","dessert","9","5","16","YES","NOT_RULED","P3","1","P3:IRANIAN_LOCALITY_MISSING:غذای ایرانی است اما شهر/استان مشخص ندارد."
"garnish_recipe_intl_008_df43915b","falafel","فلافل","international-core-150-v0.6.0","نامشخص در داده؛ بین‌المللی","","","main_course","11","5","18","YES","NOT_RULED","P2","1","P2:ORIGIN_WEAK:کشور/مبدا از داده به‌وضوح قابل استخراج نیست."
"garnish_recipe_fa_2086_c02ef228","falafel-abadan","فلافل آبادانی","phase-one-v0.6.1","ایران","","","main","16","5","16","YES","NOT_RULED","P3","1","P3:IRANIAN_LOCALITY_MISSING:غذای ایرانی است اما شهر/استان مشخص ندارد."
"garnish_recipe_global_143_076_72b1d9d1","classic-caramel-flan","فلان کاراملی","global-143-v0.3","نامشخص در داده؛ بین‌المللی","","","custard","8","6","18","YES","NOT_RULED","P2","2","P2:WEAK_GRIS_STEPS:بعضی مراحل GRIS کوتاه/کم‌جزئیات‌اند. (6/6) | P2:ORIGIN_WEAK:کشور/مبدا از داده به‌وضوح قابل استخراج نیست."
"garnish_recipe_global_143_055_f8fbb75e","blistered-padron-peppers","فلفل پادرون تاول‌زده","global-143-v0.3","اسپانیا","","","tapas","3","5","18","YES","NOT_RULED","P2","1","P2:WEAK_GRIS_STEPS:بعضی مراحل GRIS کوتاه/کم‌جزئیات‌اند. (5/5)"
"garnish_recipe_global_143_095_65c4e5ac","vietnamese-beef-pho","فو گوشت ویتنامی","global-143-v0.3","نامشخص در داده؛ بین‌المللی","","","soup","14","5","18","YES","NOT_RULED","P2","1","P2:ORIGIN_WEAK:کشور/مبدا از داده به‌وضوح قابل استخراج نیست."
"garnish_recipe_global_143_011_0fce0e09","ful-medames","فول مدمس مصری","global-143-v0.3","مصر","","","stew","10","4","18","YES","NOT_RULED","P2","1","P2:WEAK_GRIS_STEPS:بعضی مراحل GRIS کوتاه/کم‌جزئیات‌اند. (4/4)"
"garnish_recipe_global_143_138_ce0f10ba","swiss-cheese-fondue","فوندوی پنیر سوئیسی","global-143-v0.3","سوئیس","","","main_course","7","5","18","YES","RULE_PASS","P2","1","P2:WEAK_GRIS_STEPS:بعضی مراحل GRIS کوتاه/کم‌جزئیات‌اند. (5/5)"
"garnish_recipe_intl_064_1aa2311f","focaccia","فوکاچا","international-core-150-v0.6.0","ایتالیا","","","bread","5","5","18","YES","NOT_RULED","P2","2","P2:WEAK_GRIS_STEPS:بعضی مراحل GRIS کوتاه/کم‌جزئیات‌اند. (6/6) | P2:WEAK_GRIS_INGREDIENTS:مواد GRIS نقش/نکته خرید/گروه کامل ندارند. (5/5)"
"garnish_recipe_global_143_119_e71710d8","brazilian-feijoada-black-beans","فیجوآدای برزیلی","global-143-v0.3","نامشخص در داده؛ بین‌المللی","","","main_course","12","5","18","YES","NOT_RULED","P2","2","P2:WEAK_GRIS_STEPS:بعضی مراحل GRIS کوتاه/کم‌جزئیات‌اند. (6/6) | P2:ORIGIN_WEAK:کشور/مبدا از داده به‌وضوح قابل استخراج نیست."
"garnish_recipe_fa_177_c8caf164","qottab-yazdi","قطاب یزدی","phase-one-v0.6.1","ایران","یزد","یزد","sweet","9","5","18","YES","NOT_RULED","PASS","0",""
"garnish_recipe_fa_1306_a212d523","ghalieh-mahi","قلیه ماهی سیرافی","phase-one-v0.6.1","ایران","جنوب ایران","","main","12","5","16","YES","NOT_RULED","PASS","0",""
"garnish_recipe_fa_1307_4401749e","ghalieh-meygoo","قلیه میگو","phase-one-v0.6.1","ایران","جنوب ایران","","main","11","6","16","YES","NOT_RULED","PASS","0",""
"garnish_recipe_fa_129_5d8a7866","ghanbar-polo-shirazi","قنبرپلو شیرازی","phase-one-v0.6.1","ایران","فارس","شیراز","rice","10","6","16","YES","NOT_RULED","PASS","0",""
"garnish_recipe_global_143_035_10b9f67b","vietnamese-iced-coffee","قهوه سرد ویتنامی با شیر عسلی","global-143-v0.3","نامشخص در داده؛ بین‌المللی","","","drink","4","4","18","YES","NOT_RULED","P2","1","P2:ORIGIN_WEAK:کشور/مبدا از داده به‌وضوح قابل استخراج نیست."
"garnish_recipe_global_143_112_ea1e7e26","iraqi-lamb-quzi-rice","قوزی عراقی با بره و برنج","global-143-v0.3","نامشخص در داده؛ بین‌المللی","","","main_course","12","5","18","YES","NOT_RULED","P2","2","P2:WEAK_GRIS_STEPS:بعضی مراحل GRIS کوتاه/کم‌جزئیات‌اند. (6/6) | P2:ORIGIN_WEAK:کشور/مبدا از داده به‌وضوح قابل استخراج نیست."
"garnish_recipe_fa_2054_be491f02","gheymeh-sibzamini","قیمه سیب زمینی","phase-one-v0.6.1","ایران","","","main","12","5","16","YES","RULE_PASS","P3","1","P3:IRANIAN_LOCALITY_MISSING:غذای ایرانی است اما شهر/استان مشخص ندارد."
"garnish_recipe_fa_1239_1be04a64","gheymeh-nesar","قیمه نثار","phase-one-v0.6.1","ایران","","","main","15","5","16","YES","NOT_RULED","P2","2","P2:WEAK_GRIS_INGREDIENTS:مواد GRIS نقش/نکته خرید/گروه کامل ندارند. (1/15) | P3:IRANIAN_LOCALITY_MISSING:غذای ایرانی است اما شهر/استان مشخص ندارد."
"garnish_recipe_fa_170_44f0d2ad","gheymeh-rizeh-esfahani","قیمه‌ریزه اصفهانی","phase-one-v0.6.1","ایران","","اصفهان","main","13","7","22","YES","RULE_PASS","PASS","0",""
"garnish_recipe_intl_082_7d443f56","larb-gai","لارب مرغ","international-core-150-v0.6.0","تایلند","","","salad","10","5","18","YES","NOT_RULED","P2","1","P2:WEAK_GRIS_STEPS:بعضی مراحل GRIS کوتاه/کم‌جزئیات‌اند. (5/5)"
"garnish_recipe_fa_1323_cf6bcb5c","lasagna","لازانیا","phase-one-v0.6.1","ایران","","","main","13","6","16","YES","NOT_RULED","P3","1","P3:IRANIAN_LOCALITY_MISSING:غذای ایرانی است اما شهر/استان مشخص ندارد."
"garnish_recipe_intl_149_71c64832","langos","لانگوش","international-core-150-v0.6.0","نامشخص در داده؛ بین‌المللی","","","main_course","8","5","18","YES","NOT_RULED","P2","2","P2:WEAK_GRIS_STEPS:بعضی مراحل GRIS کوتاه/کم‌جزئیات‌اند. (5/5) | P2:ORIGIN_WEAK:کشور/مبدا از داده به‌وضوح قابل استخراج نیست."
"garnish_recipe_intl_045_88dbb554","lahmacun","لاهماجون","international-core-150-v0.6.0","ترکیه","","","main_course","11","5","18","YES","NOT_RULED","P2","1","P2:WEAK_GRIS_STEPS:بعضی مراحل GRIS کوتاه/کم‌جزئیات‌اند. (5/5)"
"garnish_recipe_fa_193_35a54c20","lavangi-morgh-talesh","لاوانگی مرغ تالش","phase-one-v0.6.1","ایران","گیلان","","main_course","10","5","18","YES","NOT_RULED","P2","1","P2:WEAK_GRIS_STEPS:بعضی مراحل GRIS کوتاه/کم‌جزئیات‌اند. (5/5)"
"garnish_recipe_global_143_109_3275e597","coconut-laksa-noodle-soup","لاکسا نارگیلی","global-143-v0.3","نامشخص در داده؛ بین‌المللی","","","main_course","11","5","18","YES","NOT_RULED","P2","1","P2:ORIGIN_WEAK:کشور/مبدا از داده به‌وضوح قابل استخراج نیست."
"garnish_recipe_global_143_032_0bd00218","mango-cardamom-lassi","لسی انبه و هل","global-143-v0.3","هند","","","drink","6","4","18","YES","NOT_RULED","PASS","0",""
"garnish_recipe_fa_866_9986ddf5","loobia-polo-ba-goosht","لوبیا پلو با گوشت چرخ‌کرده","phase-one-v0.6.1","ایران","","","rice","12","7","16","YES","RULE_PASS","P3","1","P3:IRANIAN_LOCALITY_MISSING:غذای ایرانی است اما شهر/استان مشخص ندارد."
"garnish_recipe_global_143_121_ee99f013","peruvian-lomo-saltado","لومو سالتادوی پرویی","global-143-v0.3","نامشخص در داده؛ بین‌المللی","","","main_course","11","5","18","YES","NOT_RULED","P2","2","P2:WEAK_GRIS_STEPS:بعضی مراحل GRIS کوتاه/کم‌جزئیات‌اند. (6/6) | P2:ORIGIN_WEAK:کشور/مبدا از داده به‌وضوح قابل استخراج نیست."
"garnish_recipe_global_143_048_2f232e7c","filipino-lumpia-shanghai","لومپیای فیلیپینی","global-143-v0.3","فیلیپین","","","fried_roll","10","5","18","YES","NOT_RULED","P2","1","P2:WEAK_GRIS_STEPS:بعضی مراحل GRIS کوتاه/کم‌جزئیات‌اند. (6/6)"
"garnish_recipe_global_143_085_cb35078b","turkish-delight-rose-pistachio","لوکوم پسته‌ای با گلاب","global-143-v0.3","نامشخص در داده؛ بین‌المللی","","","dessert","8","4","18","YES","NOT_RULED","P2","2","P2:WEAK_GRIS_STEPS:بعضی مراحل GRIS کوتاه/کم‌جزئیات‌اند. (7/7) | P2:ORIGIN_WEAK:کشور/مبدا از داده به‌وضوح قابل استخراج نیست."
"garnish_recipe_fa_1520_8cec648d","lemonade","لیموناد","phase-one-v0.6.1","ایران","","","beverage","4","5","18","YES","NOT_RULED","P3","1","P3:IRANIAN_LOCALITY_MISSING:غذای ایرانی است اما شهر/استان مشخص ندارد."
"garnish_lite_fa_063_ac0a3894","classic-lemonade","لیموناد کلاسیک","lite-food-v0.3","نامشخص در داده؛ بین‌المللی","","","lite_food","2","3","0","YES","NOT_RULED","P2","1","P2:ORIGIN_WEAK:کشور/مبدا از داده به‌وضوح قابل استخراج نیست."
"garnish_recipe_global_143_030_4f8b9a24","mint-limonana","لیمونانای نعناع","global-143-v0.3","نامشخص در داده؛ بین‌المللی","","","drink","5","4","18","YES","NOT_RULED","P2","1","P2:ORIGIN_WEAK:کشور/مبدا از داده به‌وضوح قابل استخراج نیست."
"garnish_recipe_global_143_034_51a63c81","yerba-mate-traditional","ماته سنتی","global-143-v0.3","آرژانتین","","","drink","2","3","18","YES","NOT_RULED","PASS","0",""
"garnish_recipe_intl_135_6e8e303d","madeleines","مادلن","international-core-150-v0.6.0","فرانسه","","","dessert","8","5","18","YES","NOT_RULED","P2","1","P2:WEAK_GRIS_STEPS:بعضی مراحل GRIS کوتاه/کم‌جزئیات‌اند. (5/5)"
"garnish_lite_fa_043_fe50cdbf","cucumber-walnut-yogurt-dip","ماست با خیار و گردو (دیپ)","lite-food-v0.3","ایران","","","lite_food","5","3","0","YES","NOT_RULED","P3","1","P3:IRANIAN_LOCALITY_MISSING:غذای ایرانی است اما شهر/استان مشخص ندارد."
"garnish_lite_fa_015_d850a87c","yogurt-with-peanut-butter-and-banana","ماست با کره بادام‌زمینی و موز","lite-food-v0.3","نامشخص در داده؛ بین‌المللی","","","lite_food","4","3","0","YES","NOT_RULED","P2","1","P2:ORIGIN_WEAK:کشور/مبدا از داده به‌وضوح قابل استخراج نیست."
"garnish_lite_fa_071_ddaeef9b","quick-spinach-yogurt-side","ماست و اسفناج آماده (بورانی سرد)","lite-food-v0.3","ایران","","","lite_food","3","3","0","YES","NOT_RULED","P3","1","P3:IRANIAN_LOCALITY_MISSING:غذای ایرانی است اما شهر/استان مشخص ندارد."
"garnish_lite_fa_006_0ad8d5a5","yogurt-with-honey-and-cinnamon","ماست و عسل و دارچین","lite-food-v0.3","ایران","","","lite_food","3","3","0","YES","NOT_RULED","P3","1","P3:IRANIAN_LOCALITY_MISSING:غذای ایرانی است اما شهر/استان مشخص ندارد."
"garnish_recipe_fa_114_4d182f15","mash-polo","ماش‌پلو","phase-one-v0.6.1","ایران","","","rice","8","6","18","YES","NOT_RULED","P2","2","P2:WEAK_GRIS_STEPS:بعضی مراحل GRIS کوتاه/کم‌جزئیات‌اند. (6/6) | P3:IRANIAN_LOCALITY_MISSING:غذای ایرانی است اما شهر/استان مشخص ندارد."
"garnish_recipe_global_143_084_87b7230c","malva-pudding-caramel-sauce","مالوا پودینگ با سس گرم","global-143-v0.3","نامشخص در داده؛ بین‌المللی","","","dessert","9","4","18","YES","NOT_RULED","P2","2","P2:WEAK_GRIS_STEPS:بعضی مراحل GRIS کوتاه/کم‌جزئیات‌اند. (7/7) | P2:ORIGIN_WEAK:کشور/مبدا از داده به‌وضوح قابل استخراج نیست."
"garnish_recipe_intl_013_4bcde1bc","manti","مانتی ترکی","international-core-150-v0.6.0","چین","","","main_course","10","5","18","YES","NOT_RULED","P2","1","P2:WEAK_GRIS_STEPS:بعضی مراحل GRIS کوتاه/کم‌جزئیات‌اند. (5/5)"
"garnish_recipe_global_143_080_f488debf","thai-mango-sticky-rice","مانگو استیکی رایس","global-143-v0.3","تایلند","","","rice_dessert","7","6","18","YES","NOT_RULED","P2","1","P2:WEAK_GRIS_STEPS:بعضی مراحل GRIS کوتاه/کم‌جزئیات‌اند. (6/6)"
"garnish_recipe_intl_025_b9bdfd91","fish-and-chips","ماهی و چیپس","international-core-150-v0.6.0","بریتانیا","","","main_course","8","5","16","YES","NOT_RULED","PASS","0",""
"garnish_recipe_intl_073_b02d8fd5","mapo-tofu","ماپو توفو","international-core-150-v0.6.0","چین","","","main_course","11","5","18","YES","NOT_RULED","P2","1","P2:WEAK_GRIS_STEPS:بعضی مراحل GRIS کوتاه/کم‌جزئیات‌اند. (5/5)"
"garnish_recipe_global_143_026_e631bbb6","warm-matcha-latte","ماچا لاته گرم","global-143-v0.3","نامشخص در داده؛ بین‌المللی","","","drink","4","4","18","YES","NOT_RULED","P2","1","P2:ORIGIN_WEAK:کشور/مبدا از داده به‌وضوح قابل استخراج نیست."
"garnish_recipe_global_143_064_71576bec","french-vanilla-macarons","ماکارون وانیلی فرانسوی","global-143-v0.3","فرانسه","","","cookie","9","6","18","YES","NOT_RULED","P2","1","P2:WEAK_GRIS_STEPS:بعضی مراحل GRIS کوتاه/کم‌جزئیات‌اند. (7/7)"
"garnish_recipe_fa_1195_4b547f19","persian-makaroni","ماکارونی","phase-one-v0.6.1","ایران","","","main","10","5","16","YES","NOT_RULED","P3","1","P3:IRANIAN_LOCALITY_MISSING:غذای ایرانی است اما شهر/استان مشخص ندارد."
"garnish_recipe_global_143_060_17a8b6d3","smoky-mutabbal-eggplant-tahini","متبل بادمجان دودی","global-143-v0.3","نامشخص در داده؛ بین‌المللی","","","dip","9","5","18","YES","NOT_RULED","P2","2","P2:WEAK_GRIS_STEPS:بعضی مراحل GRIS کوتاه/کم‌جزئیات‌اند. (6/6) | P2:ORIGIN_WEAK:کشور/مبدا از داده به‌وضوح قابل استخراج نیست."
"garnish_recipe_intl_076_aee6a297","mujadara","مجدّره","international-core-150-v0.6.0","نامشخص در داده؛ بین‌المللی","","","main_course","8","5","18","YES","NOT_RULED","P2","2","P2:WEAK_GRIS_STEPS:بعضی مراحل GRIS کوتاه/کم‌جزئیات‌اند. (5/5) | P2:ORIGIN_WEAK:کشور/مبدا از داده به‌وضوح قابل استخراج نیست."
"garnish_recipe_intl_130_95dea58b","mercimek-koftesi","مرجیمک کوفته‌سی","international-core-150-v0.6.0","ترکیه","","","side_dish","10","5","18","YES","NOT_RULED","P2","1","P2:WEAK_GRIS_STEPS:بعضی مراحل GRIS کوتاه/کم‌جزئیات‌اند. (5/5)"
"garnish_recipe_intl_041_cd57d47e","sweet-and-sour-chicken","مرغ ترش و شیرین","international-core-150-v0.6.0","چین","","","main_course","12","5","18","YES","NOT_RULED","P2","1","P2:WEAK_GRIS_STEPS:بعضی مراحل GRIS کوتاه/کم‌جزئیات‌اند. (5/5)"
"garnish_recipe_fa_1296_5d4fca2c","morgh-torsh-gilani","مرغ ترش گیلانی","phase-one-v0.6.1","ایران","گیلان","","main","12","6","18","YES","NOT_RULED","P2","2","P2:WEAK_GRIS_STEPS:بعضی مراحل GRIS کوتاه/کم‌جزئیات‌اند. (7/7) | P2:WEAK_GRIS_INGREDIENTS:مواد GRIS نقش/نکته خرید/گروه کامل ندارند. (10/10)"
"garnish_recipe_intl_015_bd5b6369","chicken-teriyaki","مرغ تریاکی","international-core-150-v0.6.0","ژاپن","","","main_course","8","5","18","YES","NOT_RULED","P2","1","P2:WEAK_GRIS_STEPS:بعضی مراحل GRIS کوتاه/کم‌جزئیات‌اند. (5/5)"
"garnish_recipe_global_143_103_bc22d718","chicken-tikka-masala","مرغ تیکا ماسالا","global-143-v0.3","هند","","","main_course","13","5","18","YES","NOT_RULED","P2","1","P2:WEAK_GRIS_STEPS:بعضی مراحل GRIS کوتاه/کم‌جزئیات‌اند. (7/7)"
"garnish_recipe_global_143_125_d0851524","jamaican-jerk-chicken","مرغ جرک جامائیکایی","global-143-v0.3","نامشخص در داده؛ بین‌المللی","","","main_course","10","5","18","YES","NOT_RULED","P2","2","P2:WEAK_GRIS_STEPS:بعضی مراحل GRIS کوتاه/کم‌جزئیات‌اند. (6/6) | P2:ORIGIN_WEAK:کشور/مبدا از داده به‌وضوح قابل استخراج نیست."
"garnish_recipe_fa_1333_db68905d","fried-chicken","مرغ سوخاری","phase-one-v0.6.1","ایران","","","main","13","5","16","YES","NOT_RULED","P3","1","P3:IRANIAN_LOCALITY_MISSING:غذای ایرانی است اما شهر/استان مشخص ندارد."
"garnish_recipe_fa_91_a3224405","morgh-shekam-por","مرغ شکم‌پر","phase-one-v0.6.1","ایران","","","main_course","10","6","18","YES","NOT_RULED","P2","2","P2:WEAK_GRIS_STEPS:بعضی مراحل GRIS کوتاه/کم‌جزئیات‌اند. (6/6) | P3:IRANIAN_LOCALITY_MISSING:غذای ایرانی است اما شهر/استان مشخص ندارد."
"garnish_recipe_fa_124_c0616f8d","morgh-nardooni","مرغ ناردونی","phase-one-v0.6.1","ایران","گیلان","","stew","10","6","18","YES","NOT_RULED","P2","1","P2:WEAK_GRIS_STEPS:بعضی مراحل GRIS کوتاه/کم‌جزئیات‌اند. (5/5)"
"garnish_recipe_intl_126_dc234f18","hainanese-chicken-rice","مرغ و برنج هایننی","international-core-150-v0.6.0","چین","","","main_course","10","5","18","YES","NOT_RULED","P2","1","P2:WEAK_GRIS_STEPS:بعضی مراحل GRIS کوتاه/کم‌جزئیات‌اند. (5/5)"
"garnish_recipe_intl_096_697dba10","chicken-paprikash","مرغ پاپریکاش","international-core-150-v0.6.0","نامشخص در داده؛ بین‌المللی","","","main_course","10","5","18","YES","NOT_RULED","P2","2","P2:WEAK_GRIS_STEPS:بعضی مراحل GRIS کوتاه/کم‌جزئیات‌اند. (5/5) | P2:ORIGIN_WEAK:کشور/مبدا از داده به‌وضوح قابل استخراج نیست."
"garnish_recipe_intl_101_b76754a7","piri-piri-chicken","مرغ پیری‌پیری","international-core-150-v0.6.0","نامشخص در داده؛ بین‌المللی","","","main_course","10","5","18","YES","NOT_RULED","P2","3","P2:WEAK_GRIS_STEPS:بعضی مراحل GRIS کوتاه/کم‌جزئیات‌اند. (7/7) | P2:WEAK_GRIS_INGREDIENTS:مواد GRIS نقش/نکته خرید/گروه کامل ندارند. (9/9) | P2:ORIGIN_WEAK:کشور/مبدا از داده به‌وضوح قابل استخراج نیست."
"garnish_recipe_intl_093_1d61d86b","pollo-alla-cacciatora","مرغ کاچیاتورا","international-core-150-v0.6.0","ایتالیا","","","main_course","12","5","18","YES","NOT_RULED","P2","1","P2:WEAK_GRIS_STEPS:بعضی مراحل GRIS کوتاه/کم‌جزئیات‌اند. (5/5)"
"garnish_recipe_global_143_101_f007a227","murgh-makhani-butter-chicken","مرغ کره‌ای هندی","global-143-v0.3","کره جنوبی","","","main_course","14","5","18","YES","NOT_RULED","P2","1","P2:WEAK_GRIS_STEPS:بعضی مراحل GRIS کوتاه/کم‌جزئیات‌اند. (5/5)"
"garnish_recipe_intl_006_0abe82db","kung-pao-chicken","مرغ کونگ پائو","international-core-150-v0.6.0","چین","","","main_course","13","5","18","YES","NOT_RULED","P2","1","P2:WEAK_GRIS_STEPS:بعضی مراحل GRIS کوتاه/کم‌جزئیات‌اند. (5/5)"
"garnish_recipe_fa_1484_ccebf63e","masghati","مسقطی","phase-one-v0.6.1","ایران","","","dessert","7","5","18","YES","NOT_RULED","P2","2","P2:WEAK_GRIS_STEPS:بعضی مراحل GRIS کوتاه/کم‌جزئیات‌اند. (6/6) | P3:IRANIAN_LOCALITY_MISSING:غذای ایرانی است اما شهر/استان مشخص ندارد."
"garnish_lite_fa_069_6bd00b08","iranian-nut-and-fruit-shake","معجون انرژی‌زا","lite-food-v0.3","ایران","","","lite_food","5","3","0","YES","NOT_RULED","P3","1","P3:IRANIAN_LOCALITY_MISSING:غذای ایرانی است اما شهر/استان مشخص ندارد."
"garnish_recipe_intl_127_65e78281","maqluba","مقلوبه","international-core-150-v0.6.0","نامشخص در داده؛ بین‌المللی","","","main_course","13","5","16","YES","NOT_RULED","P2","1","P2:ORIGIN_WEAK:کشور/مبدا از داده به‌وضوح قابل استخراج نیست."
"garnish_recipe_fa_192_fe533328","malabij-gilani","ملابیج گیلانی","phase-one-v0.6.1","ایران","گیلان","","sweet","7","5","18","YES","NOT_RULED","P2","1","P2:WEAK_GRIS_STEPS:بعضی مراحل GRIS کوتاه/کم‌جزئیات‌اند. (6/6)"
"garnish_recipe_global_143_111_f81cb103","jordanian-mansaf-lamb-jameed","منسف اردنی با بره و جمید","global-143-v0.3","نامشخص در داده؛ بین‌المللی","","","main_course","12","5","18","YES","NOT_RULED","P2","2","P2:WEAK_GRIS_STEPS:بعضی مراحل GRIS کوتاه/کم‌جزئیات‌اند. (7/7) | P2:ORIGIN_WEAK:کشور/مبدا از داده به‌وضوح قابل استخراج نیست."
"garnish_recipe_intl_011_5a1d0ef8","menemen","منمن","international-core-150-v0.6.0","ترکیه","","","egg_dish","9","5","18","YES","NOT_RULED","P2","1","P2:WEAK_GRIS_STEPS:بعضی مراحل GRIS کوتاه/کم‌جزئیات‌اند. (5/5)"
"garnish_lite_fa_045_42ab7334","banana-with-honey-and-walnuts","موز با عسل و گردو","lite-food-v0.3","ایران","","","lite_food","3","3","0","YES","NOT_RULED","P3","1","P3:IRANIAN_LOCALITY_MISSING:غذای ایرانی است اما شهر/استان مشخص ندارد."
"garnish_recipe_global_143_066_4fc69a4a","classic-dark-chocolate-mousse","موس شکلات تلخ","global-143-v0.3","فرانسه","","","mousse","7","5","18","YES","NOT_RULED","P2","1","P2:WEAK_GRIS_STEPS:بعضی مراحل GRIS کوتاه/کم‌جزئیات‌اند. (6/6)"
"garnish_recipe_intl_035_d46eacaf","moussaka","موساکا","international-core-150-v0.6.0","یونان","","","main_course","13","5","18","YES","NOT_RULED","P2","1","P2:WEAK_GRIS_STEPS:بعضی مراحل GRIS کوتاه/کم‌جزئیات‌اند. (5/5)"
"garnish_recipe_fa_1519_9d69f5f1","classic-mojito","موهیتو کلاسیک","phase-one-v0.6.1","ایران","","","beverage","4","5","18","YES","NOT_RULED","P3","1","P3:IRANIAN_LOCALITY_MISSING:غذای ایرانی است اما شهر/استان مشخص ندارد."
"garnish_recipe_global_143_078_0b996a59","daifuku-mochi-red-bean","موچی دایفوکو با خمیر لوبیا","global-143-v0.3","نامشخص در داده؛ بین‌المللی","","","rice_cake","5","6","18","YES","NOT_RULED","P2","2","P2:WEAK_GRIS_STEPS:بعضی مراحل GRIS کوتاه/کم‌جزئیات‌اند. (6/6) | P2:ORIGIN_WEAK:کشور/مبدا از داده به‌وضوح قابل استخراج نیست."
"garnish_recipe_global_143_127_380e9b65","classic-macaroni-and-cheese","مک‌اندچیز کلاسیک","global-143-v0.3","آمریکا/بریتانیا","","","main_course","7","6","18","YES","RULE_PASS","P2","1","P2:WEAK_GRIS_STEPS:بعضی مراحل GRIS کوتاه/کم‌جزئیات‌اند. (6/6)"
"garnish_recipe_fa_1225_159208a2","mirza-ghasemi","میرزا قاسمی","phase-one-v0.6.1","ایران","گیلان","","main","9","6","16","YES","RULE_PASS","PASS","0",""
"garnish_recipe_fa_1279_e3e99c0f","meygoo-polo","میگو پلو","phase-one-v0.6.1","ایران","جنوب ایران","","main","13","5","16","YES","NOT_RULED","PASS","0",""
"garnish_recipe_intl_058_f01bc84b","gambas-al-ajillo","میگوی سیر اسپانیایی","international-core-150-v0.6.0","اسپانیا","","","appetizer","7","5","16","YES","NOT_RULED","PASS","0",""
"garnish_recipe_global_143_007_578cc354","natto-gohan","ناتو با برنج","global-143-v0.3","ژاپن","","","rice_bowl","6","3","18","YES","NOT_RULED","P2","1","P2:WEAK_GRIS_STEPS:بعضی مراحل GRIS کوتاه/کم‌جزئیات‌اند. (4/4)"
"garnish_recipe_fa_130_45602c10","naz-khatun","نازخاتون","phase-one-v0.6.1","ایران","گیلان","","appetizer","8","6","18","YES","NOT_RULED","P2","1","P2:WEAK_GRIS_STEPS:بعضی مراحل GRIS کوتاه/کم‌جزئیات‌اند. (6/6)"
"garnish_recipe_global_143_106_6371564f","indonesian-nasi-goreng","ناسی گورنگ اندونزیایی","global-143-v0.3","اندونزی","","","main_course","10","6","18","YES","RULE_PASS","P2","1","P2:WEAK_GRIS_STEPS:بعضی مراحل GRIS کوتاه/کم‌جزئیات‌اند. (6/6)"
"garnish_recipe_fa_180_c301e88a","nan-berenji-kermanshahi","نان برنجی کرمانشاهی","phase-one-v0.6.1","ایران","کرمانشاه","کرمانشاه","sweet","7","5","18","YES","NOT_RULED","P2","1","P2:WEAK_GRIS_STEPS:بعضی مراحل GRIS کوتاه/کم‌جزئیات‌اند. (6/6)"
"garnish_lite_fa_044_ee2f79ac","honey-sesame-toast","نان تست با عسل و کنجد","lite-food-v0.3","نامشخص در داده؛ بین‌المللی","","","lite_food","3","3","0","YES","NOT_RULED","P2","1","P2:ORIGIN_WEAK:کشور/مبدا از داده به‌وضوح قابل استخراج نیست."
"garnish_recipe_fa_181_40d368f2","nan-nokhodchi","نان نخودچی","phase-one-v0.6.1","ایران","","","sweet","6","5","18","YES","NOT_RULED","P2","2","P2:WEAK_GRIS_STEPS:بعضی مراحل GRIS کوتاه/کم‌جزئیات‌اند. (6/6) | P3:IRANIAN_LOCALITY_MISSING:غذای ایرانی است اما شهر/استان مشخص ندارد."
"garnish_lite_fa_001_6f1166ee","bread-with-dates-and-sesame","نان و خرما و کنجد","lite-food-v0.3","ایران","","","lite_food","3","3","0","YES","NOT_RULED","P3","1","P3:IRANIAN_LOCALITY_MISSING:غذای ایرانی است اما شهر/استان مشخص ندارد."
"garnish_recipe_intl_148_2f745b64","soda-bread","نانِ سودا","international-core-150-v0.6.0","نامشخص در داده؛ بین‌المللی","","","side_dish","6","5","18","YES","NOT_RULED","P2","2","P2:WEAK_GRIS_STEPS:بعضی مراحل GRIS کوتاه/کم‌جزئیات‌اند. (6/6) | P2:ORIGIN_WEAK:کشور/مبدا از داده به‌وضوح قابل استخراج نیست."
"garnish_recipe_global_143_054_5c472b48","loaded-nachos","ناچوی پنیری لایه‌ای","global-143-v0.3","مکزیک/تکس-مکس","","","tex_mex","9","5","18","YES","NOT_RULED","P2","1","P2:WEAK_GRIS_STEPS:بعضی مراحل GRIS کوتاه/کم‌جزئیات‌اند. (5/5)"
"garnish_lite_fa_034_396e101d","roasted-chickpeas-and-raisins","نخودچی کشمش","lite-food-v0.3","ایران","","","lite_food","2","3","0","YES","NOT_RULED","P3","1","P3:IRANIAN_LOCALITY_MISSING:غذای ایرانی است اما شهر/استان مشخص ندارد."
"garnish_recipe_fa_122_dc5bb310","nargesi-esfenaj","نرگسی اسفناج","phase-one-v0.6.1","ایران","","","main_course","8","6","18","YES","NOT_RULED","P2","2","P2:WEAK_GRIS_STEPS:بعضی مراحل GRIS کوتاه/کم‌جزئیات‌اند. (6/6) | P3:IRANIAN_LOCALITY_MISSING:غذای ایرانی است اما شهر/استان مشخص ندارد."
"garnish_recipe_fa_2090_ea20119c","vegetable-noodles","نودل سبزیجات","phase-one-v0.6.1","نامشخص در داده؛ بین‌المللی","","","main","12","5","16","YES","NOT_RULED","P2","1","P2:ORIGIN_WEAK:کشور/مبدا از داده به‌وضوح قابل استخراج نیست."
"garnish_recipe_intl_003_5ed6583e","potato-gnocchi-pomodoro","نیوکی سیب‌زمینی با سس گوجه","international-core-150-v0.6.0","ایتالیا","","","main_course","8","5","18","YES","NOT_RULED","P2","1","P2:WEAK_GRIS_STEPS:بعضی مراحل GRIS کوتاه/کم‌جزئیات‌اند. (6/6)"
"garnish_recipe_intl_131_76428aa8","nikujaga","نیکوجاگا","international-core-150-v0.6.0","ژاپن","","","main_course","9","5","18","YES","NOT_RULED","P2","1","P2:WEAK_GRIS_STEPS:بعضی مراحل GRIS کوتاه/کم‌جزئیات‌اند. (6/6)"
"garnish_recipe_global_143_029_c3687330","classic-hot-chocolate","هات چاکلت کلاسیک","global-143-v0.3","نامشخص در داده؛ بین‌المللی","","","drink","5","4","18","YES","NOT_RULED","P2","1","P2:ORIGIN_WEAK:کشور/مبدا از داده به‌وضوح قابل استخراج نیست."
"garnish_recipe_intl_072_60d498d9","hachee","هاخه","international-core-150-v0.6.0","هلند","","","main_course","11","5","18","YES","NOT_RULED","P2","1","P2:WEAK_GRIS_STEPS:بعضی مراحل GRIS کوتاه/کم‌جزئیات‌اند. (6/6)"
"garnish_recipe_global_143_043_4f0736e0","cantonese-har-gow-shrimp-dumplings","هار گائو میگوی کانتونی","global-143-v0.3","چین","","","dumpling","11","5","18","YES","NOT_RULED","P2","1","P2:WEAK_GRIS_STEPS:بعضی مراحل GRIS کوتاه/کم‌جزئیات‌اند. (6/6)"
"garnish_recipe_fa_1341_6b4ba753","cheeseburger","همبرگر (چیز‌برگر)","phase-one-v0.6.1","ایران","","","main","17","5","16","YES","NOT_RULED","P3","1","P3:IRANIAN_LOCALITY_MISSING:غذای ایرانی است اما شهر/استان مشخص ندارد."
"garnish_recipe_global_143_037_976fda08","mexican-rice-horchata","هورچاتای برنج و دارچین","global-143-v0.3","نامشخص در داده؛ بین‌المللی","","","drink","6","4","18","YES","NOT_RULED","P2","1","P2:ORIGIN_WEAK:کشور/مبدا از داده به‌وضوح قابل استخراج نیست."
"garnish_recipe_fa_1706_34be3c2d","havij-polo","هویج پلو","phase-one-v0.6.1","ایران","","","main","8","5","18","YES","NOT_RULED","P2","2","P2:WEAK_GRIS_STEPS:بعضی مراحل GRIS کوتاه/کم‌جزئیات‌اند. (7/7) | P3:IRANIAN_LOCALITY_MISSING:غذای ایرانی است اما شهر/استان مشخص ندارد."
"garnish_recipe_intl_147_bb62e7e1","waterzooi","واترزویی","international-core-150-v0.6.0","نامشخص در داده؛ بین‌المللی","","","main_course","12","5","18","YES","NOT_RULED","P2","2","P2:WEAK_GRIS_STEPS:بعضی مراحل GRIS کوتاه/کم‌جزئیات‌اند. (6/6) | P2:ORIGIN_WEAK:کشور/مبدا از داده به‌وضوح قابل استخراج نیست."
"garnish_recipe_global_143_020_0b2a0961","buttermilk-waffles","وافل باترمیلک","global-143-v0.3","نامشخص در داده؛ بین‌المللی","","","waffle","10","5","18","YES","NOT_RULED","P2","2","P2:WEAK_GRIS_STEPS:بعضی مراحل GRIS کوتاه/کم‌جزئیات‌اند. (7/7) | P2:ORIGIN_WEAK:کشور/مبدا از داده به‌وضوح قابل استخراج نیست."
"garnish_recipe_intl_100_b2b7f06b","belgian-waffles","وافل بلژیکی","international-core-150-v0.6.0","نامشخص در داده؛ بین‌المللی","","","dessert","9","5","18","YES","NOT_RULED","P2","2","P2:WEAK_GRIS_STEPS:بعضی مراحل GRIS کوتاه/کم‌جزئیات‌اند. (7/7) | P2:ORIGIN_WEAK:کشور/مبدا از داده به‌وضوح قابل استخراج نیست."
"garnish_recipe_fa_103_066b318c","vavishka","واویشکا","phase-one-v0.6.1","ایران","گیلان","","main_course","9","6","16","YES","NOT_RULED","PASS","0",""
"garnish_recipe_intl_134_a0dcc7ea","welsh-rarebit","ولش ربیت","international-core-150-v0.6.0","بریتانیا","","","main_course","8","5","18","YES","NOT_RULED","P2","1","P2:WEAK_GRIS_STEPS:بعضی مراحل GRIS کوتاه/کم‌جزئیات‌اند. (6/6)"
"garnish_recipe_intl_057_64cc7ff7","patatas-bravas","پاتاتاس براواس","international-core-150-v0.6.0","اسپانیا","","","appetizer","10","5","16","YES","NOT_RULED","PASS","0",""
"garnish_recipe_global_143_042_f549dcd3","korean-scallion-pajeon","پاجون پیازچه کره‌ای","global-143-v0.3","کره جنوبی","","","savory_pancake","11","5","18","YES","NOT_RULED","PASS","0",""
"garnish_recipe_global_143_012_17b7b915","aloo-paratha","پاراتای سیب‌زمینی","global-143-v0.3","هند","","","flatbread","10","5","18","YES","NOT_RULED","P2","1","P2:WEAK_GRIS_STEPS:بعضی مراحل GRIS کوتاه/کم‌جزئیات‌اند. (7/7)"
"garnish_recipe_intl_091_7dcadc00","pasta-all-arrabbiata","پاستا آلا آرابیاتا","international-core-150-v0.6.0","ایتالیا","","","main_course","8","5","18","YES","NOT_RULED","P2","1","P2:WEAK_GRIS_STEPS:بعضی مراحل GRIS کوتاه/کم‌جزئیات‌اند. (5/5)"
"garnish_recipe_intl_092_3046ff5e","pasta-alla-norma","پاستا آلا نورما","international-core-150-v0.6.0","نامشخص در داده؛ بین‌المللی","","","main_course","9","5","18","YES","NOT_RULED","P2","2","P2:WEAK_GRIS_STEPS:بعضی مراحل GRIS کوتاه/کم‌جزئیات‌اند. (5/5) | P2:ORIGIN_WEAK:کشور/مبدا از داده به‌وضوح قابل استخراج نیست."
"garnish_recipe_fa_2103_d26d79d5","alfredo-pasta","پاستا آلفردو","phase-one-v0.6.1","ایتالیا","","","main","12","5","16","YES","NOT_RULED","PASS","0",""
"garnish_recipe_intl_094_a48d62c1","pasta-e-fagioli","پاستا ای فاجولی","international-core-150-v0.6.0","ایتالیا","","","main_course","12","5","18","YES","NOT_RULED","P2","1","P2:WEAK_GRIS_STEPS:بعضی مراحل GRIS کوتاه/کم‌جزئیات‌اند. (5/5)"
"garnish_recipe_fa_2064_b5a2a37a","pesto-pasta","پاستا پستو","phase-one-v0.6.1","ایتالیا","","","main","10","5","16","YES","NOT_RULED","PASS","0",""
"garnish_recipe_intl_068_c9d33098","pastel-de-nata","پاستل د ناتا","international-core-150-v0.6.0","نامشخص در داده؛ بین‌المللی","","","dessert","9","5","18","YES","NOT_RULED","P2","2","P2:WEAK_GRIS_STEPS:بعضی مراحل GRIS کوتاه/کم‌جزئیات‌اند. (6/6) | P2:ORIGIN_WEAK:کشور/مبدا از داده به‌وضوح قابل استخراج نیست."
"garnish_recipe_global_143_016_1e4df1c0","pan-con-tomate","پان کن توماته","global-143-v0.3","اسپانیا","","","tapas","5","4","18","YES","NOT_RULED","P2","1","P2:WEAK_GRIS_STEPS:بعضی مراحل GRIS کوتاه/کم‌جزئیات‌اند. (4/4)"
"garnish_recipe_intl_063_30b082f3","panna-cotta","پانا کوتا","international-core-150-v0.6.0","ایتالیا","","","dessert","6","5","18","YES","NOT_RULED","P2","2","P2:WEAK_GRIS_STEPS:بعضی مراحل GRIS کوتاه/کم‌جزئیات‌اند. (6/6) | P2:WEAK_GRIS_INGREDIENTS:مواد GRIS نقش/نکته خرید/گروه کامل ندارند. (6/6)"
"garnish_recipe_global_143_072_62482f8c","classic-fruit-pavlova","پاولوا با خامه و میوه","global-143-v0.3","نامشخص در داده؛ بین‌المللی","","","meringue","9","6","18","YES","NOT_RULED","P2","1","P2:ORIGIN_WEAK:کشور/مبدا از داده به‌وضوح قابل استخراج نیست."
"garnish_lite_fa_050_ad49d256","parmesan-popcorn","پاپ‌کورن با پنیر پارمزان","lite-food-v0.3","نامشخص در داده؛ بین‌المللی","","","lite_food","2","3","0","YES","NOT_RULED","P2","1","P2:ORIGIN_WEAK:کشور/مبدا از داده به‌وضوح قابل استخراج نیست."
"garnish_lite_fa_028_37e48787","caramel-popcorn","پاپ‌کورن کاراملی","lite-food-v0.3","نامشخص در داده؛ بین‌المللی","","","lite_food","1","3","0","YES","NOT_RULED","P2","1","P2:ORIGIN_WEAK:کشور/مبدا از داده به‌وضوح قابل استخراج نیست."
"garnish_recipe_global_143_045_c37fb32d","crispy-vegetable-pakora","پاکورای سبزیجات ترد","global-143-v0.3","هند","","","fritter","12","5","18","YES","NOT_RULED","P2","1","P2:WEAK_GRIS_STEPS:بعضی مراحل GRIS کوتاه/کم‌جزئیات‌اند. (7/7)"
"garnish_recipe_global_143_069_28c65edb","classic-american-apple-pie","پای سیب آمریکایی","global-143-v0.3","آمریکا","","","pie","11","6","18","YES","NOT_RULED","P2","1","P2:WEAK_GRIS_STEPS:بعضی مراحل GRIS کوتاه/کم‌جزئیات‌اند. (8/8)"
"garnish_recipe_intl_087_afad4d60","paella","پایلا","international-core-150-v0.6.0","اسپانیا","","","main_course","14","5","18","YES","NOT_RULED","P2","1","P2:WEAK_GRIS_STEPS:بعضی مراحل GRIS کوتاه/کم‌جزئیات‌اند. (6/6)"
"garnish_recipe_intl_018_2d829900","pad-thai","پد تای","international-core-150-v0.6.0","تایلند","","","main_course","12","5","18","YES","NOT_RULED","P2","1","P2:WEAK_GRIS_STEPS:بعضی مراحل GRIS کوتاه/کم‌جزئیات‌اند. (5/5)"
"garnish_recipe_intl_132_71d57108","pad-see-ew","پد سی‌اِو","international-core-150-v0.6.0","تایلند","","","main_course","10","5","18","YES","NOT_RULED","P2","1","P2:WEAK_GRIS_STEPS:بعضی مراحل GRIS کوتاه/کم‌جزئیات‌اند. (5/5)"
"garnish_recipe_intl_081_d8416e42","pad-krapow-gai","پد کاپرائو مرغ","international-core-150-v0.6.0","تایلند","","","main_course","11","5","18","YES","NOT_RULED","P2","1","P2:WEAK_GRIS_STEPS:بعضی مراحل GRIS کوتاه/کم‌جزئیات‌اند. (5/5)"
"garnish_recipe_intl_089_91d816cb","pretzel","پرتزل","international-core-150-v0.6.0","آلمان","","","bread","6","5","18","YES","NOT_RULED","P2","2","P2:WEAK_GRIS_STEPS:بعضی مراحل GRIS کوتاه/کم‌جزئیات‌اند. (8/8) | P2:WEAK_GRIS_INGREDIENTS:مواد GRIS نقش/نکته خرید/گروه کامل ندارند. (3/7)"
"garnish_lite_fa_037_836bac22","pretzels-with-mustard-dip","پرتزل با خردل","lite-food-v0.3","نامشخص در داده؛ بین‌المللی","","","lite_food","2","3","0","YES","NOT_RULED","P2","1","P2:ORIGIN_WEAK:کشور/مبدا از داده به‌وضوح قابل استخراج نیست."
"garnish_recipe_intl_086_a2184266","profiteroles","پروفیترول","international-core-150-v0.6.0","فرانسه","","","dessert","9","5","18","YES","NOT_RULED","P2","1","P2:WEAK_GRIS_STEPS:بعضی مراحل GRIS کوتاه/کم‌جزئیات‌اند. (6/6)"
"garnish_lite_fa_031_1ee0fadc","pistachios-and-raisins","پسته و کشمش","lite-food-v0.3","ایران","","","lite_food","2","3","0","YES","NOT_RULED","P3","1","P3:IRANIAN_LOCALITY_MISSING:غذای ایرانی است اما شهر/استان مشخص ندارد."
"garnish_recipe_intl_061_0bfbb206","polenta-con-funghi","پلنتا با قارچ","international-core-150-v0.6.0","ایتالیا","","","main_course","11","5","18","YES","NOT_RULED","P2","1","P2:WEAK_GRIS_STEPS:بعضی مراحل GRIS کوتاه/کم‌جزئیات‌اند. (5/5)"
"garnish_recipe_global_143_142_bd27951b","uzbek-plov-osh","پلوف ازبکی","global-143-v0.3","ازبکستان","","","main_course","8","8","18","YES","RULE_PASS","P2","1","P2:WEAK_GRIS_STEPS:بعضی مراحل GRIS کوتاه/کم‌جزئیات‌اند. (8/8)"
"garnish_recipe_fa_1780_c3b8ce04","pancake","پنکیک","phase-one-v0.6.1","ایران","","","dessert","8","5","18","YES","NOT_RULED","P2","2","P2:WEAK_GRIS_STEPS:بعضی مراحل GRIS کوتاه/کم‌جزئیات‌اند. (5/5) | P3:IRANIAN_LOCALITY_MISSING:غذای ایرانی است اما شهر/استان مشخص ندارد."
"garnish_recipe_global_143_019_c41b07d2","american-pancakes-maple-syrup","پنکیک آمریکایی با شربت افرا","global-143-v0.3","آمریکا","","","pancake","9","5","18","YES","NOT_RULED","P2","1","P2:WEAK_GRIS_STEPS:بعضی مراحل GRIS کوتاه/کم‌جزئیات‌اند. (7/7)"
"garnish_lite_fa_024_b668a688","tabrizi-cheese-and-walnut-with-tea","پنیر تبریزی و گردو با چای","lite-food-v0.3","ایران","آذربایجان شرقی","تبریز","lite_food","4","3","0","YES","NOT_RULED","PASS","0",""
"garnish_lite_fa_004_ab5fbe9d","feta-walnut-and-honey-on-bread","پنیر و گردو و عسل روی نان","lite-food-v0.3","ایران","","","lite_food","4","3","0","YES","NOT_RULED","P3","1","P3:IRANIAN_LOCALITY_MISSING:غذای ایرانی است اما شهر/استان مشخص ندارد."
"garnish_lite_fa_011_8be28048","cottage-cheese-with-tomato-toast","پنیر کاتیج با گوجه و نان","lite-food-v0.3","نامشخص در داده؛ بین‌المللی","","","lite_food","4","3","0","YES","NOT_RULED","P2","1","P2:ORIGIN_WEAK:کشور/مبدا از داده به‌وضوح قابل استخراج نیست."
"garnish_recipe_global_143_129_0a9a316a","canadian-poutine","پوتین کانادایی","global-143-v0.3","کانادا","کبک","","quick_meal","5","6","18","YES","RULE_PASS","P2","1","P2:WEAK_GRIS_STEPS:بعضی مراحل GRIS کوتاه/کم‌جزئیات‌اند. (6/6)"
"garnish_recipe_intl_136_76743d5b","pot-au-feu","پوت‌او‌فو","international-core-150-v0.6.0","فرانسه","","","main_course","11","5","18","YES","NOT_RULED","P2","1","P2:WEAK_GRIS_STEPS:بعضی مراحل GRIS کوتاه/کم‌جزئیات‌اند. (5/5)"
"garnish_recipe_intl_052_a57a621f","sticky-toffee-pudding","پودینگ تافی خرما","international-core-150-v0.6.0","بریتانیا","","","dessert","10","5","18","YES","NOT_RULED","P2","1","P2:WEAK_GRIS_STEPS:بعضی مراحل GRIS کوتاه/کم‌جزئیات‌اند. (6/6)"
"garnish_recipe_intl_071_48a67e24","poffertjes","پوفِرتیِس","international-core-150-v0.6.0","هلند","","","dessert","7","5","18","YES","NOT_RULED","P2","1","P2:WEAK_GRIS_STEPS:بعضی مراحل GRIS کوتاه/کم‌جزئیات‌اند. (6/6)"
"garnish_recipe_intl_118_9ecd21c7","pollo-al-ajillo","پویو آل آخیو","international-core-150-v0.6.0","اسپانیا","","","main_course","10","5","18","YES","NOT_RULED","P2","1","P2:WEAK_GRIS_STEPS:بعضی مراحل GRIS کوتاه/کم‌جزئیات‌اند. (5/5)"
"garnish_recipe_fa_2082_eaf326bf","steak-pizza","پیتزا استیک گوشت","phase-one-v0.6.1","نامشخص در داده؛ بین‌المللی","","","main","12","5","18","YES","NOT_RULED","P2","2","P2:WEAK_GRIS_STEPS:بعضی مراحل GRIS کوتاه/کم‌جزئیات‌اند. (5/5) | P2:ORIGIN_WEAK:کشور/مبدا از داده به‌وضوح قابل استخراج نیست."
"garnish_recipe_fa_2107_5f30a146","bacon-pizza","پیتزا بیکن","phase-one-v0.6.1","نامشخص در داده؛ بین‌المللی","","","main","6","5","18","YES","NOT_RULED","P2","2","P2:WEAK_GRIS_STEPS:بعضی مراحل GRIS کوتاه/کم‌جزئیات‌اند. (6/6) | P2:ORIGIN_WEAK:کشور/مبدا از داده به‌وضوح قابل استخراج نیست."
"garnish_recipe_fa_2099_2ce15e17","pizza-margherita","پیتزا مارگاریتا","phase-one-v0.6.1","ایتالیا","","","main","6","5","18","YES","NOT_RULED","P2","2","P2:WEAK_GRIS_STEPS:بعضی مراحل GRIS کوتاه/کم‌جزئیات‌اند. (6/6) | P2:WEAK_GRIS_INGREDIENTS:مواد GRIS نقش/نکته خرید/گروه کامل ندارند. (6/6)"
"garnish_recipe_fa_2094_845c07e3","","پیتزا مرغ و پستو","unknown","ایتالیا","","","main","11","5","16","YES","NOT_RULED","PASS","0",""
"garnish_recipe_intl_040_7d7b90a1","pierogi","پیروگی لهستانی","international-core-150-v0.6.0","نامشخص در داده؛ بین‌المللی","","","main_course","9","5","18","YES","NOT_RULED","P2","2","P2:WEAK_GRIS_STEPS:بعضی مراحل GRIS کوتاه/کم‌جزئیات‌اند. (5/5) | P2:ORIGIN_WEAK:کشور/مبدا از داده به‌وضوح قابل استخراج نیست."
"garnish_recipe_intl_074_79385dd1","chow-mein","چاو مین","international-core-150-v0.6.0","چین","","","main_course","12","5","18","YES","NOT_RULED","P2","1","P2:WEAK_GRIS_STEPS:بعضی مراحل GRIS کوتاه/کم‌جزئیات‌اند. (5/5)"
"garnish_recipe_global_143_028_d4b2bfd8","classic-milk-bubble-tea","چای حبابی شیری","global-143-v0.3","نامشخص در داده؛ بین‌المللی","","","drink","6","4","18","YES","NOT_RULED","P2","1","P2:ORIGIN_WEAK:کشور/مبدا از داده به‌وضوح قابل استخراج نیست."
"garnish_recipe_global_143_038_c723f599","thai-iced-tea","چای سرد تایلندی","global-143-v0.3","تایلند","","","drink","6","4","18","YES","NOT_RULED","PASS","0",""
"garnish_recipe_global_143_027_355acc01","masala-chai","چای ماسالای هندی","global-143-v0.3","هند","","","drink","7","4","18","YES","NOT_RULED","PASS","0",""
"garnish_recipe_global_143_036_bc4e7808","moroccan-mint-tea","چای نعناع مراکشی","global-143-v0.3","نامشخص در داده؛ بین‌المللی","","","drink","4","4","18","YES","NOT_RULED","P2","1","P2:ORIGIN_WEAK:کشور/مبدا از داده به‌وضوح قابل استخراج نیست."
"garnish_recipe_fa_197_dbaa9b9a","chelo-mahicheh","چلو ماهیچه","phase-one-v0.6.1","ایران","","","main_course","11","5","16","YES","NOT_RULED","P3","1","P3:IRANIAN_LOCALITY_MISSING:غذای ایرانی است اما شهر/استان مشخص ندارد."
"garnish_recipe_fa_235_3d02f3ae","chelo-kabab-koobideh","چلو کباب کوبیده","phase-one-v0.6.1","ایران","","","grilled","10","7","16","YES","RULE_PASS","P3","1","P3:IRANIAN_LOCALITY_MISSING:غذای ایرانی است اما شهر/استان مشخص ندارد."
"garnish_lite_fa_047_a6f6b289","breadsticks-with-cheese","چوب‌شور با پنیر","lite-food-v0.3","نامشخص در داده؛ بین‌المللی","","","lite_food","2","3","0","YES","NOT_RULED","P2","1","P2:ORIGIN_WEAK:کشور/مبدا از داده به‌وضوح قابل استخراج نیست."
"garnish_recipe_global_143_015_39a2f209","churros-con-chocolate","چورو با شکلات داغ","global-143-v0.3","اسپانیا","","","dessert","10","5","18","YES","NOT_RULED","P2","1","P2:WEAK_GRIS_STEPS:بعضی مراحل GRIS کوتاه/کم‌جزئیات‌اند. (7/7)"
"garnish_recipe_intl_088_7da35d2c","churros","چوروس","international-core-150-v0.6.0","اسپانیا","","","dessert","7","5","18","YES","NOT_RULED","P2","1","P2:WEAK_GRIS_STEPS:بعضی مراحل GRIS کوتاه/کم‌جزئیات‌اند. (6/6)"
"garnish_recipe_global_143_067_843321b7","new-york-style-cheesecake","چیزکیک نیویورکی","global-143-v0.3","آمریکا","","نیویورک","cake","10","6","18","YES","RULE_PASS","PASS","0",""
"garnish_recipe_global_143_128_7b502579","tex-mex-chili-con-carne","چیلی کان کارنه","global-143-v0.3","مکزیک/تکس-مکس","","","main_course","9","6","18","YES","NOT_RULED","P2","1","P2:WEAK_GRIS_STEPS:بعضی مراحل GRIS کوتاه/کم‌جزئیات‌اند. (6/6)"
"garnish_lite_fa_029_eff8d609","tortilla-chips-with-guacamole","چیپس ذرت با گواکاموله","lite-food-v0.3","نامشخص در داده؛ بین‌المللی","","","lite_food","6","3","0","YES","NOT_RULED","P2","1","P2:ORIGIN_WEAK:کشور/مبدا از داده به‌وضوح قابل استخراج نیست."
"garnish_lite_fa_036_35d377a6","chips-with-cheese-dip","چیپس و دیپ پنیر","lite-food-v0.3","نامشخص در داده؛ بین‌المللی","","","lite_food","2","3","0","YES","NOT_RULED","P2","1","P2:ORIGIN_WEAK:کشور/مبدا از داده به‌وضوح قابل استخراج نیست."
"garnish_recipe_intl_047_f6cbcbb5","chicken-katsu","کاتسوی مرغ","international-core-150-v0.6.0","ژاپن","","","main_course","11","5","18","YES","NOT_RULED","PASS","0",""
"garnish_recipe_intl_107_41491dea","karaage","کاراآگه","international-core-150-v0.6.0","ژاپن","","","main_course","10","5","18","YES","NOT_RULED","PASS","0",""
"garnish_recipe_intl_119_9dd64dfc","kartoffelpuffer","کارتوفل‌پوفر","international-core-150-v0.6.0","آلمان","","","main_course","8","5","18","YES","NOT_RULED","PASS","0",""
"garnish_recipe_global_143_140_78d46576","turkish-karniyarik","کارنیاریک ترکی","global-143-v0.3","ترکیه","","","main_course","9","6","18","YES","NOT_RULED","P2","1","P2:WEAK_GRIS_STEPS:بعضی مراحل GRIS کوتاه/کم‌جزئیات‌اند. (6/6)"
"garnish_recipe_global_143_057_6f8924e9","beef-carpaccio-arugula-parmesan","کارپاچوی گوشت با روکا و پارمزان","global-143-v0.3","ایتالیا","","","no_cook","9","5","18","YES","NOT_RULED","PASS","0",""
"garnish_recipe_intl_017_6bc0bdc6","thai-green-curry","کاری سبز تایلندی","international-core-150-v0.6.0","تایلند","","","main_course","10","5","18","YES","NOT_RULED","PASS","0",""
"garnish_recipe_intl_050_23b57a98","thai-red-curry","کاری قرمز تایلندی","international-core-150-v0.6.0","تایلند","","","main_course","10","5","18","YES","NOT_RULED","PASS","0",""
"garnish_recipe_intl_060_9fe40da5","kasespatzle","کازه‌اشپتسله","international-core-150-v0.6.0","آلمان","","","main_course","9","5","18","YES","NOT_RULED","PASS","0",""
"garnish_lite_fa_089_7d03e966","leftover-rice-bowl-with-tuna","کاسه برنج باقی‌مانده با تن و سبزیجات","lite-food-v0.3","نامشخص در داده؛ بین‌المللی","","","lite_food","5","3","0","YES","NOT_RULED","P2","1","P2:ORIGIN_WEAK:کشور/مبدا از داده به‌وضوح قابل استخراج نیست."
"garnish_lite_fa_086_89bab8fc","tuna-and-bean-bowl","کاسه تن ماهی و لوبیا","lite-food-v0.3","نامشخص در داده؛ بین‌المللی","","","lite_food","6","3","0","YES","NOT_RULED","P2","1","P2:ORIGIN_WEAK:کشور/مبدا از داده به‌وضوح قابل استخراج نیست."
"garnish_lite_fa_092_c4c10a13","yogurt-fruit-and-granola-lunch-bowl","کاسه ماست و گرانولا و میوه (وعده سبک)","lite-food-v0.3","نامشخص در داده؛ بین‌المللی","","","lite_food","5","3","0","YES","NOT_RULED","P2","1","P2:ORIGIN_WEAK:کشور/مبدا از داده به‌وضوح قابل استخراج نیست."
"garnish_lite_fa_017_eda0ea67","cottage-cheese-fruit-and-nut-bowl","کاسه پنیر کاتیج با میوه و آجیل","lite-food-v0.3","نامشخص در داده؛ بین‌المللی","","","lite_food","4","3","0","YES","NOT_RULED","P2","1","P2:ORIGIN_WEAK:کشور/مبدا از داده به‌وضوح قابل استخراج نیست."
"garnish_lite_fa_014_d55fff42","chia-pudding","کاسه چیا پودینگ","lite-food-v0.3","نامشخص در داده؛ بین‌المللی","","","lite_food","4","3","0","YES","NOT_RULED","P2","1","P2:ORIGIN_WEAK:کشور/مبدا از داده به‌وضوح قابل استخراج نیست."
"garnish_lite_fa_095_315eb78a","cottage-cheese-and-tuna-bowl","کاسه کاتیج‌چیز و تن ماهی","lite-food-v0.3","نامشخص در داده؛ بین‌المللی","","","lite_food","4","3","0","YES","NOT_RULED","P2","1","P2:ORIGIN_WEAK:کشور/مبدا از داده به‌وضوح قابل استخراج نیست."
"garnish_lite_fa_027_fe3a950f","kefir-fruit-bowl","کاسه کفیر با میوه","lite-food-v0.3","نامشخص در داده؛ بین‌المللی","","","lite_food","3","3","0","YES","NOT_RULED","P2","1","P2:ORIGIN_WEAK:کشور/مبدا از داده به‌وضوح قابل استخراج نیست."
"garnish_lite_fa_020_131860ac","granola-bowl-with-milk","کاسه گرانولا با شیر","lite-food-v0.3","نامشخص در داده؛ بین‌المللی","","","lite_food","3","3","0","YES","NOT_RULED","P2","1","P2:ORIGIN_WEAK:کشور/مبدا از داده به‌وضوح قابل استخراج نیست."
"garnish_recipe_global_143_133_b9eae9ad","french-cassoulet","کاسوله فرانسوی","global-143-v0.3","فرانسه","","","main_course","9","7","18","YES","RULE_PASS","P2","1","P2:WEAK_GRIS_STEPS:بعضی مراحل GRIS کوتاه/کم‌جزئیات‌اند. (7/7)"
"garnish_recipe_fa_131_abd5e2d6","kal-kabab","کال کباب","phase-one-v0.6.1","ایران","گیلان","","main_course","9","5","16","YES","NOT_RULED","PASS","0",""
"garnish_recipe_intl_139_fb85376e","calamares","کالاماره","international-core-150-v0.6.0","اسپانیا","","","main_course","7","5","18","YES","NOT_RULED","P2","1","P2:WEAK_GRIS_STEPS:بعضی مراحل GRIS کوتاه/کم‌جزئیات‌اند. (6/6)"
"garnish_recipe_intl_102_44ec3a0b","caldo-verde","کالدو ورده","international-core-150-v0.6.0","نامشخص در داده؛ بین‌المللی","","","soup","8","5","18","YES","NOT_RULED","P2","1","P2:ORIGIN_WEAK:کشور/مبدا از داده به‌وضوح قابل استخراج نیست."
"garnish_recipe_fa_1263_0e8a8255","kaleh-joosh","کاله‌جوش (کله‌جوش)","phase-one-v0.6.1","ایران","","","main","7","6","16","YES","NOT_RULED","P3","1","P3:IRANIAN_LOCALITY_MISSING:غذای ایرانی است اما شهر/استان مشخص ندارد."
"garnish_recipe_global_143_073_99c342ec","sicilian-ricotta-cannoli","کانولی ریکوتای سیسیلی","global-143-v0.3","نامشخص در داده؛ بین‌المللی","","","pastry","12","6","18","YES","NOT_RULED","P2","1","P2:ORIGIN_WEAK:کشور/مبدا از داده به‌وضوح قابل استخراج نیست."
"garnish_recipe_intl_122_2f006614","caponata","کاپوناتا","international-core-150-v0.6.0","ایتالیا","","","side_dish","11","5","18","YES","NOT_RULED","PASS","0",""
"garnish_recipe_global_143_025_7119c557","classic-cappuccino","کاپوچینوی کلاسیک","global-143-v0.3","نامشخص در داده؛ بین‌المللی","","","drink","3","4","18","YES","NOT_RULED","P2","1","P2:ORIGIN_WEAK:کشور/مبدا از داده به‌وضوح قابل استخراج نیست."
"garnish_recipe_fa_1547_eade852f","kachi","کاچی","phase-one-v0.6.1","ایران","","","dessert","7","5","18","YES","NOT_RULED","P2","3","P2:WEAK_GRIS_STEPS:بعضی مراحل GRIS کوتاه/کم‌جزئیات‌اند. (6/6) | P2:WEAK_GRIS_INGREDIENTS:مواد GRIS نقش/نکته خرید/گروه کامل ندارند. (7/7) | P3:IRANIAN_LOCALITY_MISSING:غذای ایرانی است اما شهر/استان مشخص ندارد."
"garnish_recipe_global_143_023_07bead9c","singapore-kaya-toast","کایا تست سنگاپوری","global-143-v0.3","نامشخص در داده؛ بین‌المللی","","","breakfast","10","4","18","YES","NOT_RULED","P2","2","P2:WEAK_GRIS_STEPS:بعضی مراحل GRIS کوتاه/کم‌جزئیات‌اند. (6/6) | P2:ORIGIN_WEAK:کشور/مبدا از داده به‌وضوح قابل استخراج نیست."
"garnish_recipe_intl_145_098dd406","kaiserschmarrn","کایزرشمارن","international-core-150-v0.6.0","اتریش","","","dessert","8","5","18","YES","NOT_RULED","PASS","0",""
"garnish_recipe_global_143_009_6df91ec8","turkish-kaymak-honey","کایماک و عسل ترکی","global-143-v0.3","ترکیه","","","breakfast","4","3","18","YES","NOT_RULED","P2","1","P2:WEAK_GRIS_STEPS:بعضی مراحل GRIS کوتاه/کم‌جزئیات‌اند. (4/4)"
"garnish_recipe_fa_1209_7bd0ff68","kabab-bakhtiari","کباب بختیاری","phase-one-v0.6.1","ایران","","","main","10","6","16","YES","NOT_RULED","P3","1","P3:IRANIAN_LOCALITY_MISSING:غذای ایرانی است اما شهر/استان مشخص ندارد."
"garnish_recipe_fa_84_52c11d43","kabab-barg","کباب برگ","phase-one-v0.6.1","ایران","","","grilled","9","6","16","YES","NOT_RULED","P3","1","P3:IRANIAN_LOCALITY_MISSING:غذای ایرانی است اما شهر/استان مشخص ندارد."
"garnish_recipe_fa_86_ffcd0713","kabab-bonab","کباب بناب","phase-one-v0.6.1","ایران","آذربایجان شرقی","تبریز","grilled","6","6","18","YES","NOT_RULED","P2","1","P2:WEAK_GRIS_STEPS:بعضی مراحل GRIS کوتاه/کم‌جزئیات‌اند. (6/6)"
"garnish_recipe_fa_1197_73204fa8","kabab-tabei-morgh","کباب تابه‌ای مرغ","phase-one-v0.6.1","ایران","","","main","9","6","16","YES","NOT_RULED","P3","1","P3:IRANIAN_LOCALITY_MISSING:غذای ایرانی است اما شهر/استان مشخص ندارد."
"garnish_recipe_fa_1196_6cbbd3af","kabab-tabei-goosht","کباب تابه‌ای گوشت","phase-one-v0.6.1","ایران","","","main","8","6","18","YES","NOT_RULED","P2","3","P2:WEAK_GRIS_STEPS:بعضی مراحل GRIS کوتاه/کم‌جزئیات‌اند. (6/6) | P2:WEAK_GRIS_INGREDIENTS:مواد GRIS نقش/نکته خرید/گروه کامل ندارند. (8/8) | P3:IRANIAN_LOCALITY_MISSING:غذای ایرانی است اما شهر/استان مشخص ندارد."
"garnish_recipe_fa_1214_189349a1","kabab-torsh","کباب ترش","phase-one-v0.6.1","ایران","گیلان","","main","10","6","18","YES","RULE_PASS","P2","2","P2:WEAK_GRIS_STEPS:بعضی مراحل GRIS کوتاه/کم‌جزئیات‌اند. (6/6) | P2:WEAK_GRIS_INGREDIENTS:مواد GRIS نقش/نکته خرید/گروه کامل ندارند. (10/10)"
"garnish_recipe_fa_1353_5d0ac837","doner-kebab","کباب ترکی","phase-one-v0.6.1","ترکیه","","","main","15","5","16","YES","NOT_RULED","P3","1","P3:IRANIAN_LOCALITY_MISSING:غذای ایرانی است اما شهر/استان مشخص ندارد."
"garnish_recipe_fa_166_41ac7f2f","kabab-hosseini","کباب حسینی","phase-one-v0.6.1","ایران","","","grilled","8","5","18","YES","NOT_RULED","P3","1","P3:IRANIAN_LOCALITY_MISSING:غذای ایرانی است اما شهر/استان مشخص ندارد."
"garnish_recipe_fa_85_575ccb7a","kabab-soltani","کباب سلطانی","phase-one-v0.6.1","ایران","","","grilled","9","6","18","YES","NOT_RULED","P3","1","P3:IRANIAN_LOCALITY_MISSING:غذای ایرانی است اما شهر/استان مشخص ندارد."
"garnish_recipe_fa_88_c20a5f8b","kabab-vaziri","کباب وزیری","phase-one-v0.6.1","ایران","","","grilled","10","6","18","YES","NOT_RULED","P3","1","P3:IRANIAN_LOCALITY_MISSING:غذای ایرانی است اما شهر/استان مشخص ندارد."
"garnish_recipe_fa_1215_673014ad","kabab-chenjeh","کباب چنجه","phase-one-v0.6.1","ایران","","","main","9","6","16","YES","NOT_RULED","P3","1","P3:IRANIAN_LOCALITY_MISSING:غذای ایرانی است اما شهر/استان مشخص ندارد."
"garnish_recipe_global_143_110_9b1cffdd","saudi-chicken-kabsa","کبسه مرغ عربی","global-143-v0.3","نامشخص در داده؛ بین‌المللی","","","main_course","13","5","18","YES","NOT_RULED","P2","2","P2:WEAK_GRIS_STEPS:بعضی مراحل GRIS کوتاه/کم‌جزئیات‌اند. (6/6) | P2:ORIGIN_WEAK:کشور/مبدا از داده به‌وضوح قابل استخراج نیست."
"garnish_recipe_intl_105_f093f056","kibbeh","کبه","international-core-150-v0.6.0","نامشخص در داده؛ بین‌المللی","","","main_course","9","5","18","YES","NOT_RULED","P2","1","P2:ORIGIN_WEAK:کشور/مبدا از داده به‌وضوح قابل استخراج نیست."
"garnish_recipe_fa_1071_6e0696a6","kotlet-goosht","کتلت گوشت","phase-one-v0.6.1","ایران","","","main","9","5","16","YES","NOT_RULED","P3","1","P3:IRANIAN_LOCALITY_MISSING:غذای ایرانی است اما شهر/استان مشخص ندارد."
"garnish_recipe_fa_111_4cb37a1a","kateh-shomali","کته شمالی","phase-one-v0.6.1","ایران","گیلان","","rice","4","6","18","YES","NOT_RULED","P2","2","P2:WEAK_GRIS_STEPS:بعضی مراحل GRIS کوتاه/کم‌جزئیات‌اند. (6/6) | P2:WEAK_GRIS_INGREDIENTS:مواد GRIS نقش/نکته خرید/گروه کامل ندارند. (4/4)"
"garnish_recipe_fa_191_de46bbb6","kadoo-bareh-mazandarani","کدو بره مازندرانی","phase-one-v0.6.1","ایران","مازندران","","main_course","11","5","18","YES","NOT_RULED","PASS","0",""
"garnish_recipe_fa_112_9764d4aa","kadoo-polo-mazandarani","کدو پلو مازندرانی","phase-one-v0.6.1","ایران","مازندران","","rice","9","6","16","YES","NOT_RULED","PASS","0",""
"garnish_lite_fa_030_0341963d","crackers-with-cream-cheese-and-pepper-jelly","کراکر با پنیر خامه‌ای و مربا فلفل","lite-food-v0.3","نامشخص در داده؛ بین‌المللی","","","lite_food","4","3","0","YES","NOT_RULED","P2","1","P2:ORIGIN_WEAK:کشور/مبدا از داده به‌وضوح قابل استخراج نیست."
"garnish_recipe_intl_053_54c002d0","creme-brulee","کرم بروله","international-core-150-v0.6.0","فرانسه","","","dessert","6","5","18","YES","NOT_RULED","P2","1","P2:WEAK_GRIS_STEPS:بعضی مراحل GRIS کوتاه/کم‌جزئیات‌اند. (6/6)"
"garnish_lite_fa_049_91d7f7f4","peanut-butter-crackers","کره بادام‌زمینی روی کراکر","lite-food-v0.3","نامشخص در داده؛ بین‌المللی","","","lite_food","2","3","0","YES","NOT_RULED","P2","1","P2:ORIGIN_WEAK:کشور/مبدا از داده به‌وضوح قابل استخراج نیست."
"garnish_lite_fa_023_82c3c28e","butter-and-date-on-bread","کره و خرما روی نان","lite-food-v0.3","ایران","","","lite_food","3","3","0","YES","NOT_RULED","P3","1","P3:IRANIAN_LOCALITY_MISSING:غذای ایرانی است اما شهر/استان مشخص ندارد."
"garnish_lite_fa_005_c5ef5d2a","butter-and-cheese-on-warm-bread","کره و پنیر روی نان داغ","lite-food-v0.3","ایران","","","lite_food","3","3","0","YES","NOT_RULED","P3","1","P3:IRANIAN_LOCALITY_MISSING:غذای ایرانی است اما شهر/استان مشخص ندارد."
"garnish_recipe_global_143_001_758db93a","classic-bakers-croissant","کروسان کلاسیک لایه‌ای","global-143-v0.3","فرانسه/اتریش","","","pastry","8","8","17","YES","RULE_PASS","P2","1","P2:WEAK_GRIS_INGREDIENTS:مواد GRIS نقش/نکته خرید/گروه کامل ندارند. (8/8)"
"garnish_recipe_global_143_056_c9972b5b","spanish-ham-croquetas","کروکتای ژامبون اسپانیایی","global-143-v0.3","اسپانیا","","","croquette","10","5","18","YES","NOT_RULED","P2","1","P2:WEAK_GRIS_STEPS:بعضی مراحل GRIS کوتاه/کم‌جزئیات‌اند. (7/7)"
"garnish_recipe_intl_113_e0e7753e","crepes","کرپ","international-core-150-v0.6.0","فرانسه","","","dessert","7","5","18","YES","NOT_RULED","P2","1","P2:WEAK_GRIS_STEPS:بعضی مراحل GRIS کوتاه/کم‌جزئیات‌اند. (7/7)"
"garnish_recipe_global_143_090_6c4df1b6","crepes-suzette-orange-butter","کرپ سوزت با سس پرتقالی","global-143-v0.3","فرانسه","","","dessert","8","4","18","YES","NOT_RULED","P2","1","P2:WEAK_GRIS_STEPS:بعضی مراحل GRIS کوتاه/کم‌جزئیات‌اند. (6/6)"
"garnish_recipe_global_143_051_3e8df432","cheese-quesadilla","کسادیا پنیر","global-143-v0.3","مکزیک/تکس-مکس","","","flatbread","6","5","18","YES","NOT_RULED","PASS","0",""
"garnish_recipe_global_143_113_dcc8b929","egyptian-koshari","کشری مصری","global-143-v0.3","مصر","","","main_course","12","5","18","YES","NOT_RULED","P2","1","P2:WEAK_GRIS_STEPS:بعضی مراحل GRIS کوتاه/کم‌جزئیات‌اند. (6/6)"
"garnish_recipe_fa_1743_005c3739","kashk-bademjan","کشک بادمجان","phase-one-v0.6.1","ایران","","","main","8","5","16","YES","RULE_PASS","P3","1","P3:IRANIAN_LOCALITY_MISSING:غذای ایرانی است اما شهر/استان مشخص ندارد."
"garnish_lite_fa_046_5acd7ef7","cold-kashk-and-walnut-dip-with-bread","کشک و گردو با نان (دیپ سرد)","lite-food-v0.3","ایران","","","lite_food","4","3","0","YES","NOT_RULED","P3","1","P3:IRANIAN_LOCALITY_MISSING:غذای ایرانی است اما شهر/استان مشخص ندارد."
"garnish_recipe_global_143_139_91cb38b4","greek-kleftiko-lamb","کلفتیکوی یونانی","global-143-v0.3","یونان","","","main_course","7","6","18","YES","NOT_RULED","P2","1","P2:WEAK_GRIS_STEPS:بعضی مراحل GRIS کوتاه/کم‌جزئیات‌اند. (6/6)"
"garnish_recipe_fa_182_37f081ea","kolompeh-kermani","کلمپه کرمانی","phase-one-v0.6.1","ایران","کرمان","کرمان","sweet","9","5","18","YES","NOT_RULED","PASS","0",""
"garnish_recipe_fa_1252_3d200c70","kalam-polo-shirazi","کلم‌پلو شیرازی","phase-one-v0.6.1","ایران","فارس","شیراز","main","12","5","16","YES","NOT_RULED","PASS","0",""
"garnish_recipe_fa_1528_32041352","kaleh-pacheh","کله پاچه","phase-one-v0.6.1","ایران","","","main","7","5","16","YES","RULE_PASS","P3","1","P3:IRANIAN_LOCALITY_MISSING:غذای ایرانی است اما شهر/استان مشخص ندارد."
"garnish_recipe_fa_196_9e48ca8f","kalleh-gonjeshki","کله گنجشکی","phase-one-v0.6.1","ایران","","","main_course","9","5","18","YES","NOT_RULED","P3","1","P3:IRANIAN_LOCALITY_MISSING:غذای ایرانی است اما شهر/استان مشخص ندارد."
"garnish_recipe_fa_183_6fb2ab4a","koloocheh-fooman","کلوچه فومن","phase-one-v0.6.1","ایران","گیلان","","sweet","9","5","18","YES","NOT_RULED","PASS","0",""
"garnish_recipe_intl_125_19f26215","scallion-pancakes","کلوچهٔ پیازچه","international-core-150-v0.6.0","چین","","","side_dish","6","5","18","YES","NOT_RULED","P2","1","P2:WEAK_GRIS_STEPS:بعضی مراحل GRIS کوتاه/کم‌جزئیات‌اند. (6/6)"
"garnish_recipe_global_143_005_6deeb347","chinese-breakfast-congee","کنجی صبحانه چینی","global-143-v0.3","چین","","","porridge","7","4","18","YES","NOT_RULED","P2","1","P2:WEAK_GRIS_STEPS:بعضی مراحل GRIS کوتاه/کم‌جزئیات‌اند. (5/5)"
"garnish_recipe_intl_083_57ce313d","cornish-pasty","کورنیش پستی","international-core-150-v0.6.0","بریتانیا","","","main_course","9","5","18","YES","NOT_RULED","PASS","0",""
"garnish_recipe_fa_139_012333bd","kufteh-berenji","کوفته برنجی","phase-one-v0.6.1","ایران","","","main_course","11","5","16","YES","NOT_RULED","P3","1","P3:IRANIAN_LOCALITY_MISSING:غذای ایرانی است اما شهر/استان مشخص ندارد."
"garnish_recipe_fa_880_6164abab","koofteh-tabrizi","کوفته تبریزی","phase-one-v0.6.1","ایران","آذربایجان شرقی","تبریز","main","14","6","16","YES","NOT_RULED","PASS","0",""
"garnish_recipe_intl_038_16764713","swedish-meatballs","کوفته سوئدی","international-core-150-v0.6.0","نامشخص در داده؛ بین‌المللی","","","main_course","12","5","16","YES","NOT_RULED","P2","1","P2:ORIGIN_WEAK:کشور/مبدا از داده به‌وضوح قابل استخراج نیست."
"garnish_recipe_intl_077_40b61937","kofte","کوفتهٔ ترکی","international-core-150-v0.6.0","ترکیه","","","main_course","10","5","16","YES","NOT_RULED","PASS","0",""
"garnish_recipe_intl_099_594a1fb5","colcannon","کولکانن","international-core-150-v0.6.0","نامشخص در داده؛ بین‌المللی","","","main_course","7","5","18","YES","NOT_RULED","P2","2","P2:WEAK_GRIS_STEPS:بعضی مراحل GRIS کوتاه/کم‌جزئیات‌اند. (6/6) | P2:ORIGIN_WEAK:کشور/مبدا از داده به‌وضوح قابل استخراج نیست."
"garnish_recipe_global_143_082_4a659652","kunafa-cheese-syrup","کونافه پنیری با شربت عطری","global-143-v0.3","ایران","گیلان","","pastry","10","6","18","YES","NOT_RULED","PASS","0",""
"garnish_recipe_intl_120_ae775732","koenigsberger-klopse","کونیگسبرگر کلوپسه","international-core-150-v0.6.0","آلمان","","","main_course","12","5","18","YES","NOT_RULED","P2","1","P2:WEAK_GRIS_STEPS:بعضی مراحل GRIS کوتاه/کم‌جزئیات‌اند. (8/8)"
"garnish_recipe_global_143_131_e8f2c6f0","coq-au-vin","کوک او ون فرانسوی","global-143-v0.3","فرانسه","","","main_course","10","6","18","YES","RULE_PASS","P2","1","P2:WEAK_GRIS_STEPS:بعضی مراحل GRIS کوتاه/کم‌جزئیات‌اند. (6/6)"
"garnish_recipe_fa_134_34e1816f","kuku-bademjan","کوکو بادمجان","phase-one-v0.6.1","ایران","","","main_course","9","5","16","YES","NOT_RULED","P2","2","P2:WEAK_GRIS_INGREDIENTS:مواد GRIS نقش/نکته خرید/گروه کامل ندارند. (1/9) | P3:IRANIAN_LOCALITY_MISSING:غذای ایرانی است اما شهر/استان مشخص ندارد."
"garnish_recipe_fa_2049_765e338a","kuku-sabzi","کوکو سبزی","phase-one-v0.6.1","ایران","","","main","14","5","16","YES","NOT_RULED","P3","1","P3:IRANIAN_LOCALITY_MISSING:غذای ایرانی است اما شهر/استان مشخص ندارد."
"garnish_recipe_fa_133_139b05e2","kuku-sibzamini","کوکو سیب‌زمینی","phase-one-v0.6.1","ایران","","","fried","9","6","16","YES","NOT_RULED","P2","2","P2:WEAK_GRIS_INGREDIENTS:مواد GRIS نقش/نکته خرید/گروه کامل ندارند. (1/9) | P3:IRANIAN_LOCALITY_MISSING:غذای ایرانی است اما شهر/استان مشخص ندارد."
"garnish_recipe_global_143_070_eaf9a5f5","classic-chocolate-chip-cookies","کوکی چیپس شکلاتی","global-143-v0.3","آمریکا","","","cookie","10","6","18","YES","NOT_RULED","PASS","0",""
"garnish_recipe_global_143_115_0cc3ef7b","north-african-vegetable-couscous","کُسکُس سبزیجات شمال آفریقا","global-143-v0.3","نامشخص در داده؛ بین‌المللی","","","main_course","11","5","18","YES","NOT_RULED","P2","2","P2:WEAK_GRIS_STEPS:بعضی مراحل GRIS کوتاه/کم‌جزئیات‌اند. (6/6) | P2:ORIGIN_WEAK:کشور/مبدا از داده به‌وضوح قابل استخراج نیست."
"garnish_recipe_intl_137_46d41946","kibbeling","کیبلینگ","international-core-150-v0.6.0","هلند","","","main_course","9","5","18","YES","NOT_RULED","PASS","0",""
"garnish_recipe_intl_114_6e7c743d","quiche","کیش","international-core-150-v0.6.0","فرانسه","","","main_course","9","5","18","YES","NOT_RULED","PASS","0",""
"garnish_lite_fa_079_999c19be","napa-cabbage-kimchi","کیمچی کلم آماده","lite-food-v0.3","کره جنوبی","","","lite_food","1","3","0","YES","RULE_PASS","PASS","0",""
"garnish_recipe_global_143_041_33abbd3b","korean-napa-cabbage-kimchi","کیمچی کلم چینی","global-143-v0.3","کره جنوبی","","","fermented","12","5","18","YES","RULE_PASS","PASS","0",""
"garnish_recipe_global_143_077_de99681c","classic-tres-leches-cake","کیک تره‌لچس","global-143-v0.3","نامشخص در داده؛ بین‌المللی","","","cake","10","6","18","YES","NOT_RULED","P2","2","P2:WEAK_GRIS_STEPS:بعضی مراحل GRIS کوتاه/کم‌جزئیات‌اند. (7/7) | P2:ORIGIN_WEAK:کشور/مبدا از داده به‌وضوح قابل استخراج نیست."
"garnish_recipe_intl_090_07e88d0b","black-forest-cake","کیک جنگل سیاه","international-core-150-v0.6.0","آلمان","","","dessert","11","5","18","YES","NOT_RULED","P2","1","P2:WEAK_GRIS_STEPS:بعضی مراحل GRIS کوتاه/کم‌جزئیات‌اند. (6/6)"
"garnish_recipe_global_143_086_6c72c640","medovik-russian-honey-cake","کیک عسلی روسی لایه‌ای","global-143-v0.3","نامشخص در داده؛ بین‌المللی","","","dessert","8","4","18","YES","NOT_RULED","P2","2","P2:WEAK_GRIS_STEPS:بعضی مراحل GRIS کوتاه/کم‌جزئیات‌اند. (7/7) | P2:ORIGIN_WEAK:کشور/مبدا از داده به‌وضوح قابل استخراج نیست."
"garnish_recipe_global_143_092_87b53529","chocolate-lava-cake","کیک لاوای شکلاتی","global-143-v0.3","نامشخص در داده؛ بین‌المللی","","","dessert","7","4","18","YES","NOT_RULED","P2","2","P2:WEAK_GRIS_STEPS:بعضی مراحل GRIS کوتاه/کم‌جزئیات‌اند. (7/7) | P2:ORIGIN_WEAK:کشور/مبدا از داده به‌وضوح قابل استخراج نیست."
"garnish_recipe_intl_133_db15257e","victoria-sponge","کیک ویکتوریا","international-core-150-v0.6.0","بریتانیا","","","dessert","9","5","18","YES","NOT_RULED","P2","1","P2:WEAK_GRIS_STEPS:بعضی مراحل GRIS کوتاه/کم‌جزئیات‌اند. (6/6)"
"garnish_lite_fa_041_4c94bb3f","cupcake-with-tea","کیک یزدی با چای","lite-food-v0.3","ایران","یزد","یزد","lite_food","2","3","0","YES","NOT_RULED","PASS","0",""
"garnish_recipe_intl_023_bc7c6f90","gazpacho","گازپاچو","international-core-150-v0.6.0","اسپانیا","","","soup","8","5","18","YES","NOT_RULED","P2","1","P2:WEAK_GRIS_STEPS:بعضی مراحل GRIS کوتاه/کم‌جزئیات‌اند. (5/5)"
"garnish_recipe_intl_143_7a372ddf","galaktoboureko","گالاکتوبوریکو","international-core-150-v0.6.0","یونان","","","dessert","8","5","18","YES","NOT_RULED","P2","1","P2:WEAK_GRIS_STEPS:بعضی مراحل GRIS کوتاه/کم‌جزئیات‌اند. (6/6)"
"garnish_recipe_global_143_126_038964de","louisiana-chicken-shrimp-gumbo","گامبوی مرغ و میگو","global-143-v0.3","آمریکا","","لوئیزیانا","main_course","11","7","18","YES","RULE_PASS","P2","1","P2:WEAK_GRIS_STEPS:بعضی مراحل GRIS کوتاه/کم‌جزئیات‌اند. (7/7)"
"garnish_recipe_intl_054_7d3ead5b","gratin-dauphinois","گراتن دوفینوآ","international-core-150-v0.6.0","فرانسه","","","side_dish","9","5","18","YES","NOT_RULED","P2","1","P2:WEAK_GRIS_STEPS:بعضی مراحل GRIS کوتاه/کم‌جزئیات‌اند. (6/6)"
"garnish_recipe_fa_175_51f87cb3","gaz-isfahan","گز اصفهان","phase-one-v0.6.1","ایران","اصفهان","اصفهان","sweet","6","5","18","YES","NOT_RULED","P2","1","P2:WEAK_GRIS_STEPS:بعضی مراحل GRIS کوتاه/کم‌جزئیات‌اند. (6/6)"
"garnish_recipe_global_143_081_a178a755","gulab-jamun-cardamom-syrup","گلاب جامون با شربت هل و گلاب","global-143-v0.3","هند","","","sweet","10","5","18","YES","NOT_RULED","PASS","0",""
"garnish_recipe_fa_104_7b4ced78","gamaj-kabab","گمج کباب","phase-one-v0.6.1","ایران","گیلان","","main_course","13","7","21","YES","RULE_PASS","PASS","0",""
"garnish_recipe_global_143_050_8a9f951a","classic-guacamole","گواکاموله کلاسیک","global-143-v0.3","مکزیک/تکس-مکس","","","dip","7","5","18","YES","NOT_RULED","PASS","0",""
"garnish_recipe_intl_129_382f9727","gozleme","گوزلمه","international-core-150-v0.6.0","ترکیه","","","main_course","6","5","18","YES","NOT_RULED","P2","1","P2:WEAK_GRIS_STEPS:بعضی مراحل GRIS کوتاه/کم‌جزئیات‌اند. (6/6)"
"garnish_recipe_intl_104_f1da6144","beef-and-broccoli","گوشت و بروکلی","international-core-150-v0.6.0","چین","","","main_course","10","5","18","YES","NOT_RULED","P2","1","P2:WEAK_GRIS_STEPS:بعضی مراحل GRIS کوتاه/کم‌جزئیات‌اند. (6/6)"
"garnish_recipe_intl_030_16d9e454","hungarian-goulash","گولاش مجارستانی","international-core-150-v0.6.0","نامشخص در داده؛ بین‌المللی","","","main_course","12","5","18","YES","NOT_RULED","P2","2","P2:WEAK_GRIS_STEPS:بعضی مراحل GRIS کوتاه/کم‌جزئیات‌اند. (6/6) | P2:ORIGIN_WEAK:کشور/مبدا از داده به‌وضوح قابل استخراج نیست."
"garnish_recipe_intl_097_428092c3","golabki","گومبکی","international-core-150-v0.6.0","نامشخص در داده؛ بین‌المللی","","","main_course","10","5","18","YES","NOT_RULED","P2","2","P2:WEAK_GRIS_STEPS:بعضی مراحل GRIS کوتاه/کم‌جزئیات‌اند. (6/6) | P2:ORIGIN_WEAK:کشور/مبدا از داده به‌وضوح قابل استخراج نیست."
"garnish_recipe_fa_142_3215f0b5","gondi","گوندی","phase-one-v0.6.1","ایران","","","soup","9","5","18","YES","NOT_RULED","P2","2","P2:WEAK_GRIS_STEPS:بعضی مراحل GRIS کوتاه/کم‌جزئیات‌اند. (6/6) | P3:IRANIAN_LOCALITY_MISSING:غذای ایرانی است اما شهر/استان مشخص ندارد."
"garnish_recipe_intl_016_a22d4b1d","gyudon","گیودون (کاسه گوشت و برنج)","international-core-150-v0.6.0","ژاپن","","","main_course","10","5","18","YES","NOT_RULED","P2","1","P2:WEAK_GRIS_STEPS:بعضی مراحل GRIS کوتاه/کم‌جزئیات‌اند. (6/6)"
"garnish_recipe_global_143_040_dcfd7c46","pan-fried-pork-gyoza","گیوزای خوک و کلم","global-143-v0.3","ژاپن","","","appetizer","11","5","18","YES","NOT_RULED","P2","1","P2:WEAK_GRIS_STEPS:بعضی مراحل GRIS کوتاه/کم‌جزئیات‌اند. (6/6)"
"garnish_recipe_fa_1270_70cc3cff","yatimcheh","یتیمچه","phase-one-v0.6.1","ایران","","","main","10","6","16","YES","NOT_RULED","P3","1","P3:IRANIAN_LOCALITY_MISSING:غذای ایرانی است اما شهر/استان مشخص ندارد."
"garnish_recipe_fa_167_fc027a91","yakhni-nokhod-shirazi","یخنی نخود شیرازی","phase-one-v0.6.1","ایران","فارس","شیراز","soup","9","5","18","YES","NOT_RULED","P2","1","P2:WEAK_GRIS_STEPS:بعضی مراحل GRIS کوتاه/کم‌جزئیات‌اند. (6/6)"
"garnish_recipe_intl_103_ab3619d0","gemista","یمیستا","international-core-150-v0.6.0","یونان","","","main_course","10","5","18","YES","NOT_RULED","P2","1","P2:WEAK_GRIS_STEPS:بعضی مراحل GRIS کوتاه/کم‌جزئیات‌اند. (7/7)"
