count,sentence,recipeIds
"125","این اطلاعات عمومی و آشپزی است، نه توصیهٔ پزشکی","garnish_recipe_fa_101_877a41d3|garnish_recipe_fa_103_066b318c|garnish_recipe_fa_104_7b4ced78|garnish_recipe_fa_1051_68dd60e0|garnish_recipe_fa_1052_8bde566e|garnish_recipe_fa_1053_29566b67|garnish_recipe_fa_1071_6e0696a6|garnish_recipe_fa_1072_b55bdfe7|garnish_recipe_fa_1077_1b3eec19|garnish_recipe_fa_1084_8f35205e|garnish_recipe_fa_110_847e93ad|garnish_recipe_fa_112_9764d4aa|garnish_recipe_fa_1195_4b547f19|garnish_recipe_fa_1197_73204fa8|garnish_recipe_fa_119_2a846a21|garnish_recipe_fa_1207_5b8c823a|garnish_recipe_fa_1208_434b3a9a|garnish_recipe_fa_1209_7bd0ff68|garnish_recipe_fa_1215_673014ad|garnish_recipe_fa_1220_6429319c|garnish_recipe_fa_1224_c65df148|garnish_recipe_fa_1225_159208a2|garnish_recipe_fa_1235_f91ccc6d|garnish_recipe_fa_1237_3dff9aba|garnish_recipe_fa_1238_296fbec3|garnish_recipe_fa_1239_1be04a64|garnish_recipe_fa_1251_3f83f105|garnish_recipe_fa_1252_3d200c70|garnish_recipe_fa_1261_99e02971|garnish_recipe_fa_1262_9f42258a|garnish_recipe_fa_1263_0e8a8255|garnish_recipe_fa_1270_70cc3cff|garnish_recipe_fa_1276_cdef73d2|garnish_recipe_fa_1279_e3e99c0f|garnish_recipe_fa_1280_13a22528|garnish_recipe_fa_1290_f5fc285f|garnish_recipe_fa_1291_b4dad1f1|garnish_recipe_fa_129_5d8a7866|garnish_recipe_fa_1306_a212d523|garnish_recipe_fa_1307_4401749e|garnish_recipe_fa_1314_7f39d182|garnish_recipe_fa_1315_c324442d|garnish_recipe_fa_131_abd5e2d6|garnish_recipe_fa_1323_cf6bcb5c|garnish_recipe_fa_1324_2b0dbfd9|garnish_recipe_fa_1325_87da9b04|garnish_recipe_fa_1333_db68905d|garnish_recipe_fa_1334_8963bd85|garnish_recipe_fa_133_139b05e2|garnish_recipe_fa_1341_6b4ba753|garnish_recipe_fa_1342_ce4a8da3|garnish_recipe_fa_1343_5bf8151c|garnish_recipe_fa_134_34e1816f|garnish_recipe_fa_1353_5d0ac837|garnish_recipe_fa_139_012333bd|garnish_recipe_fa_1482_782462e9|garnish_recipe_fa_1491_0553f941|garnish_recipe_fa_1492_08a81971|garnish_recipe_fa_1528_32041352|garnish_recipe_fa_1548_dc89130d|garnish_recipe_fa_154_cdfcadf7|garnish_recipe_fa_161_b79bdd11|garnish_recipe_fa_164_8367ec24|garnish_recipe_fa_168_8b2d9b86|garnish_recipe_fa_170_44f0d2ad|garnish_recipe_fa_1743_005c3739|garnish_recipe_fa_1761_4f9171a7|garnish_recipe_fa_1767_4e6ed616|garnish_recipe_fa_179_9cb4bccf|garnish_recipe_fa_1808_788119ed|garnish_recipe_fa_1816_dec0afbb|garnish_recipe_fa_1820_41034bbe|garnish_recipe_fa_190_49162ac2|garnish_recipe_fa_197_dbaa9b9a|garnish_recipe_fa_2028_1932b5ee|garnish_recipe_fa_2035_e1080e79|garnish_recipe_fa_2049_765e338a|garnish_recipe_fa_2064_b5a2a37a|garnish_recipe_fa_2071_5391bddf|garnish_recipe_fa_2075_3d9b2098|garnish_recipe_fa_2079_5543499b|garnish_recipe_fa_2086_c02ef228|garnish_recipe_fa_2090_ea20119c|garnish_recipe_fa_2103_d26d79d5|garnish_recipe_fa_216_1bfdfe55|garnish_recipe_fa_224_c9d0355d|garnish_recipe_fa_228_09a631f3|garnish_recipe_fa_230_332dd922|garnish_recipe_fa_235_3d02f3ae|garnish_recipe_fa_77_3adf94d4|garnish_recipe_fa_78_26989900|garnish_recipe_fa_84_52c11d43|garnish_recipe_fa_862_dbf3d4d5|garnish_recipe_fa_864_37673192|garnish_recipe_fa_866_9986ddf5|garnish_recipe_fa_868_c97331a5|garnish_recipe_fa_870_d37ad654|garnish_recipe_fa_872_529097b4|garnish_recipe_fa_875_f2ddeb1c|garnish_recipe_fa_878_85458912|garnish_recipe_fa_880_6164abab|garnish_recipe_fa_883_4b80bbcf|garnish_recipe_fa_89_292dde1d|garnish_recipe_fa_90_85d9aaf0|garnish_recipe_fa_93_657f87d7|garnish_recipe_fa_94_78034c8a|garnish_recipe_fa_95_0962d2a9|garnish_recipe_fa_98_601bddc6|garnish_recipe_fa_99_14f1018b|garnish_recipe_intl_002_ca22fd2f|garnish_recipe_intl_014_33ae62d8|garnish_recipe_intl_019_629698d5|garnish_recipe_intl_021_6914ecb7|garnish_recipe_intl_025_b9bdfd91|garnish_recipe_intl_027_8a794c67|garnish_recipe_intl_032_a150e5b1|garnish_recipe_intl_038_16764713|garnish_recipe_intl_046_0c90256b|garnish_recipe_intl_049_04e612cd|garnish_recipe_intl_057_64cc7ff7|garnish_recipe_intl_058_f01bc84b|garnish_recipe_intl_077_40b61937|garnish_recipe_intl_098_0fbf4374|garnish_recipe_intl_106_81b42fa9|garnish_recipe_intl_127_65e78281"
"96","جایگزین را ساده نگه دار: ماده‌ای با طعم و بافت نزدیک انتخاب کن، و اگر به چیزی حساسیت داری همان ماده را حذف یا با گزینه امن خودت عوض کن","garnish_lite_fa_001_6f1166ee|garnish_lite_fa_002_6f0bd5c3|garnish_lite_fa_003_84eb3049|garnish_lite_fa_004_ab5fbe9d|garnish_lite_fa_005_c5ef5d2a|garnish_lite_fa_006_0ad8d5a5|garnish_lite_fa_007_f1109425|garnish_lite_fa_008_c8ddf724|garnish_lite_fa_009_2268aef8|garnish_lite_fa_010_5402d628|garnish_lite_fa_011_8be28048|garnish_lite_fa_012_c3da9856|garnish_lite_fa_013_374a5ddc|garnish_lite_fa_014_d55fff42|garnish_lite_fa_015_d850a87c|garnish_lite_fa_016_565be283|garnish_lite_fa_017_eda0ea67|garnish_lite_fa_018_03b6b930|garnish_lite_fa_019_37a117f6|garnish_lite_fa_020_131860ac|garnish_lite_fa_021_da2f107f|garnish_lite_fa_022_918e1afd|garnish_lite_fa_023_82c3c28e|garnish_lite_fa_024_b668a688|garnish_lite_fa_025_cff0018f|garnish_lite_fa_026_0f726e6c|garnish_lite_fa_027_fe3a950f|garnish_lite_fa_028_37e48787|garnish_lite_fa_029_eff8d609|garnish_lite_fa_030_0341963d|garnish_lite_fa_031_1ee0fadc|garnish_lite_fa_032_f43fdf8e|garnish_lite_fa_033_980e9629|garnish_lite_fa_034_396e101d|garnish_lite_fa_035_3483033b|garnish_lite_fa_036_35d377a6|garnish_lite_fa_037_836bac22|garnish_lite_fa_038_de0f96b1|garnish_lite_fa_039_f5062366|garnish_lite_fa_040_167f7ab7|garnish_lite_fa_041_4c94bb3f|garnish_lite_fa_042_9be6a738|garnish_lite_fa_043_fe50cdbf|garnish_lite_fa_044_ee2f79ac|garnish_lite_fa_045_42ab7334|garnish_lite_fa_046_5acd7ef7|garnish_lite_fa_047_a6f6b289|garnish_lite_fa_048_89204b05|garnish_lite_fa_049_91d7f7f4|garnish_lite_fa_050_ad49d256|garnish_lite_fa_051_25696db8|garnish_lite_fa_052_cbf1699d|garnish_lite_fa_053_03f59ac8|garnish_lite_fa_054_40007b8f|garnish_lite_fa_055_dce52169|garnish_lite_fa_056_6f618741|garnish_lite_fa_057_c1cfff50|garnish_lite_fa_058_9891c764|garnish_lite_fa_059_c1594c61|garnish_lite_fa_060_0a0758f2|garnish_lite_fa_061_a11935fe|garnish_lite_fa_062_0b593690|garnish_lite_fa_063_ac0a3894|garnish_lite_fa_064_769340cd|garnish_lite_fa_065_cda75133|garnish_lite_fa_066_09614bdf|garnish_lite_fa_067_65bc28c4|garnish_lite_fa_068_37fec2fb|garnish_lite_fa_069_6bd00b08|garnish_lite_fa_070_fad47a28|garnish_lite_fa_071_ddaeef9b|garnish_lite_fa_072_dad6a14e|garnish_lite_fa_073_9481977d|garnish_lite_fa_074_821a3098|garnish_lite_fa_075_a94612da|garnish_lite_fa_076_cd5d8bb9|garnish_lite_fa_077_2c5659c2|garnish_lite_fa_078_578dd342|garnish_lite_fa_079_999c19be|garnish_lite_fa_080_532aebff|garnish_lite_fa_081_1fb39818|garnish_lite_fa_082_5e31f95b|garnish_lite_fa_083_a0f30266|garnish_lite_fa_084_b1b75380|garnish_lite_fa_085_7e285172|garnish_lite_fa_086_89bab8fc|garnish_lite_fa_087_61b3189b|garnish_lite_fa_088_be94fc3b|garnish_lite_fa_089_7d03e966|garnish_lite_fa_090_0e727d97|garnish_lite_fa_091_be3a7a1d|garnish_lite_fa_092_c4c10a13|garnish_lite_fa_093_936a36ff|garnish_lite_fa_094_fde3c956|garnish_lite_fa_095_315eb78a|garnish_lite_fa_096_2d866197"
"96","چون آماده‌سازی آن کوتاه است و بیشتر از چند حرکت ساده نیاز ندارد؛ با این حال مقدارها دقیق نوشته شده‌اند تا نتیجه قابل تکرار باشد","garnish_lite_fa_001_6f1166ee|garnish_lite_fa_002_6f0bd5c3|garnish_lite_fa_003_84eb3049|garnish_lite_fa_004_ab5fbe9d|garnish_lite_fa_005_c5ef5d2a|garnish_lite_fa_006_0ad8d5a5|garnish_lite_fa_007_f1109425|garnish_lite_fa_008_c8ddf724|garnish_lite_fa_009_2268aef8|garnish_lite_fa_010_5402d628|garnish_lite_fa_011_8be28048|garnish_lite_fa_012_c3da9856|garnish_lite_fa_013_374a5ddc|garnish_lite_fa_014_d55fff42|garnish_lite_fa_015_d850a87c|garnish_lite_fa_016_565be283|garnish_lite_fa_017_eda0ea67|garnish_lite_fa_018_03b6b930|garnish_lite_fa_019_37a117f6|garnish_lite_fa_020_131860ac|garnish_lite_fa_021_da2f107f|garnish_lite_fa_022_918e1afd|garnish_lite_fa_023_82c3c28e|garnish_lite_fa_024_b668a688|garnish_lite_fa_025_cff0018f|garnish_lite_fa_026_0f726e6c|garnish_lite_fa_027_fe3a950f|garnish_lite_fa_028_37e48787|garnish_lite_fa_029_eff8d609|garnish_lite_fa_030_0341963d|garnish_lite_fa_031_1ee0fadc|garnish_lite_fa_032_f43fdf8e|garnish_lite_fa_033_980e9629|garnish_lite_fa_034_396e101d|garnish_lite_fa_035_3483033b|garnish_lite_fa_036_35d377a6|garnish_lite_fa_037_836bac22|garnish_lite_fa_038_de0f96b1|garnish_lite_fa_039_f5062366|garnish_lite_fa_040_167f7ab7|garnish_lite_fa_041_4c94bb3f|garnish_lite_fa_042_9be6a738|garnish_lite_fa_043_fe50cdbf|garnish_lite_fa_044_ee2f79ac|garnish_lite_fa_045_42ab7334|garnish_lite_fa_046_5acd7ef7|garnish_lite_fa_047_a6f6b289|garnish_lite_fa_048_89204b05|garnish_lite_fa_049_91d7f7f4|garnish_lite_fa_050_ad49d256|garnish_lite_fa_051_25696db8|garnish_lite_fa_052_cbf1699d|garnish_lite_fa_053_03f59ac8|garnish_lite_fa_054_40007b8f|garnish_lite_fa_055_dce52169|garnish_lite_fa_056_6f618741|garnish_lite_fa_057_c1cfff50|garnish_lite_fa_058_9891c764|garnish_lite_fa_059_c1594c61|garnish_lite_fa_060_0a0758f2|garnish_lite_fa_061_a11935fe|garnish_lite_fa_062_0b593690|garnish_lite_fa_063_ac0a3894|garnish_lite_fa_064_769340cd|garnish_lite_fa_065_cda75133|garnish_lite_fa_066_09614bdf|garnish_lite_fa_067_65bc28c4|garnish_lite_fa_068_37fec2fb|garnish_lite_fa_069_6bd00b08|garnish_lite_fa_070_fad47a28|garnish_lite_fa_071_ddaeef9b|garnish_lite_fa_072_dad6a14e|garnish_lite_fa_073_9481977d|garnish_lite_fa_074_821a3098|garnish_lite_fa_075_a94612da|garnish_lite_fa_076_cd5d8bb9|garnish_lite_fa_077_2c5659c2|garnish_lite_fa_078_578dd342|garnish_lite_fa_079_999c19be|garnish_lite_fa_080_532aebff|garnish_lite_fa_081_1fb39818|garnish_lite_fa_082_5e31f95b|garnish_lite_fa_083_a0f30266|garnish_lite_fa_084_b1b75380|garnish_lite_fa_085_7e285172|garnish_lite_fa_086_89bab8fc|garnish_lite_fa_087_61b3189b|garnish_lite_fa_088_be94fc3b|garnish_lite_fa_089_7d03e966|garnish_lite_fa_090_0e727d97|garnish_lite_fa_091_be3a7a1d|garnish_lite_fa_092_c4c10a13|garnish_lite_fa_093_936a36ff|garnish_lite_fa_094_fde3c956|garnish_lite_fa_095_315eb78a|garnish_lite_fa_096_2d866197"
"96","مقدار مواد برای یک نفر نوشته شده؛ برای چند نفر، همه مواد را به همان نسبت بیشتر کن","garnish_lite_fa_001_6f1166ee|garnish_lite_fa_002_6f0bd5c3|garnish_lite_fa_003_84eb3049|garnish_lite_fa_004_ab5fbe9d|garnish_lite_fa_005_c5ef5d2a|garnish_lite_fa_006_0ad8d5a5|garnish_lite_fa_007_f1109425|garnish_lite_fa_008_c8ddf724|garnish_lite_fa_009_2268aef8|garnish_lite_fa_010_5402d628|garnish_lite_fa_011_8be28048|garnish_lite_fa_012_c3da9856|garnish_lite_fa_013_374a5ddc|garnish_lite_fa_014_d55fff42|garnish_lite_fa_015_d850a87c|garnish_lite_fa_016_565be283|garnish_lite_fa_017_eda0ea67|garnish_lite_fa_018_03b6b930|garnish_lite_fa_019_37a117f6|garnish_lite_fa_020_131860ac|garnish_lite_fa_021_da2f107f|garnish_lite_fa_022_918e1afd|garnish_lite_fa_023_82c3c28e|garnish_lite_fa_024_b668a688|garnish_lite_fa_025_cff0018f|garnish_lite_fa_026_0f726e6c|garnish_lite_fa_027_fe3a950f|garnish_lite_fa_028_37e48787|garnish_lite_fa_029_eff8d609|garnish_lite_fa_030_0341963d|garnish_lite_fa_031_1ee0fadc|garnish_lite_fa_032_f43fdf8e|garnish_lite_fa_033_980e9629|garnish_lite_fa_034_396e101d|garnish_lite_fa_035_3483033b|garnish_lite_fa_036_35d377a6|garnish_lite_fa_037_836bac22|garnish_lite_fa_038_de0f96b1|garnish_lite_fa_039_f5062366|garnish_lite_fa_040_167f7ab7|garnish_lite_fa_041_4c94bb3f|garnish_lite_fa_042_9be6a738|garnish_lite_fa_043_fe50cdbf|garnish_lite_fa_044_ee2f79ac|garnish_lite_fa_045_42ab7334|garnish_lite_fa_046_5acd7ef7|garnish_lite_fa_047_a6f6b289|garnish_lite_fa_048_89204b05|garnish_lite_fa_049_91d7f7f4|garnish_lite_fa_050_ad49d256|garnish_lite_fa_051_25696db8|garnish_lite_fa_052_cbf1699d|garnish_lite_fa_053_03f59ac8|garnish_lite_fa_054_40007b8f|garnish_lite_fa_055_dce52169|garnish_lite_fa_056_6f618741|garnish_lite_fa_057_c1cfff50|garnish_lite_fa_058_9891c764|garnish_lite_fa_059_c1594c61|garnish_lite_fa_060_0a0758f2|garnish_lite_fa_061_a11935fe|garnish_lite_fa_062_0b593690|garnish_lite_fa_063_ac0a3894|garnish_lite_fa_064_769340cd|garnish_lite_fa_065_cda75133|garnish_lite_fa_066_09614bdf|garnish_lite_fa_067_65bc28c4|garnish_lite_fa_068_37fec2fb|garnish_lite_fa_069_6bd00b08|garnish_lite_fa_070_fad47a28|garnish_lite_fa_071_ddaeef9b|garnish_lite_fa_072_dad6a14e|garnish_lite_fa_073_9481977d|garnish_lite_fa_074_821a3098|garnish_lite_fa_075_a94612da|garnish_lite_fa_076_cd5d8bb9|garnish_lite_fa_077_2c5659c2|garnish_lite_fa_078_578dd342|garnish_lite_fa_079_999c19be|garnish_lite_fa_080_532aebff|garnish_lite_fa_081_1fb39818|garnish_lite_fa_082_5e31f95b|garnish_lite_fa_083_a0f30266|garnish_lite_fa_084_b1b75380|garnish_lite_fa_085_7e285172|garnish_lite_fa_086_89bab8fc|garnish_lite_fa_087_61b3189b|garnish_lite_fa_088_be94fc3b|garnish_lite_fa_089_7d03e966|garnish_lite_fa_090_0e727d97|garnish_lite_fa_091_be3a7a1d|garnish_lite_fa_092_c4c10a13|garnish_lite_fa_093_936a36ff|garnish_lite_fa_094_fde3c956|garnish_lite_fa_095_315eb78a|garnish_lite_fa_096_2d866197"
"96","همان موقع سرو کن تا نان، میوه یا سبزیجات بافت تازه‌تری داشته باشند","garnish_lite_fa_001_6f1166ee|garnish_lite_fa_002_6f0bd5c3|garnish_lite_fa_003_84eb3049|garnish_lite_fa_004_ab5fbe9d|garnish_lite_fa_005_c5ef5d2a|garnish_lite_fa_006_0ad8d5a5|garnish_lite_fa_007_f1109425|garnish_lite_fa_008_c8ddf724|garnish_lite_fa_009_2268aef8|garnish_lite_fa_010_5402d628|garnish_lite_fa_011_8be28048|garnish_lite_fa_012_c3da9856|garnish_lite_fa_013_374a5ddc|garnish_lite_fa_014_d55fff42|garnish_lite_fa_015_d850a87c|garnish_lite_fa_016_565be283|garnish_lite_fa_017_eda0ea67|garnish_lite_fa_018_03b6b930|garnish_lite_fa_019_37a117f6|garnish_lite_fa_020_131860ac|garnish_lite_fa_021_da2f107f|garnish_lite_fa_022_918e1afd|garnish_lite_fa_023_82c3c28e|garnish_lite_fa_024_b668a688|garnish_lite_fa_025_cff0018f|garnish_lite_fa_026_0f726e6c|garnish_lite_fa_027_fe3a950f|garnish_lite_fa_028_37e48787|garnish_lite_fa_029_eff8d609|garnish_lite_fa_030_0341963d|garnish_lite_fa_031_1ee0fadc|garnish_lite_fa_032_f43fdf8e|garnish_lite_fa_033_980e9629|garnish_lite_fa_034_396e101d|garnish_lite_fa_035_3483033b|garnish_lite_fa_036_35d377a6|garnish_lite_fa_037_836bac22|garnish_lite_fa_038_de0f96b1|garnish_lite_fa_039_f5062366|garnish_lite_fa_040_167f7ab7|garnish_lite_fa_041_4c94bb3f|garnish_lite_fa_042_9be6a738|garnish_lite_fa_043_fe50cdbf|garnish_lite_fa_044_ee2f79ac|garnish_lite_fa_045_42ab7334|garnish_lite_fa_046_5acd7ef7|garnish_lite_fa_047_a6f6b289|garnish_lite_fa_048_89204b05|garnish_lite_fa_049_91d7f7f4|garnish_lite_fa_050_ad49d256|garnish_lite_fa_051_25696db8|garnish_lite_fa_052_cbf1699d|garnish_lite_fa_053_03f59ac8|garnish_lite_fa_054_40007b8f|garnish_lite_fa_055_dce52169|garnish_lite_fa_056_6f618741|garnish_lite_fa_057_c1cfff50|garnish_lite_fa_058_9891c764|garnish_lite_fa_059_c1594c61|garnish_lite_fa_060_0a0758f2|garnish_lite_fa_061_a11935fe|garnish_lite_fa_062_0b593690|garnish_lite_fa_063_ac0a3894|garnish_lite_fa_064_769340cd|garnish_lite_fa_065_cda75133|garnish_lite_fa_066_09614bdf|garnish_lite_fa_067_65bc28c4|garnish_lite_fa_068_37fec2fb|garnish_lite_fa_069_6bd00b08|garnish_lite_fa_070_fad47a28|garnish_lite_fa_071_ddaeef9b|garnish_lite_fa_072_dad6a14e|garnish_lite_fa_073_9481977d|garnish_lite_fa_074_821a3098|garnish_lite_fa_075_a94612da|garnish_lite_fa_076_cd5d8bb9|garnish_lite_fa_077_2c5659c2|garnish_lite_fa_078_578dd342|garnish_lite_fa_079_999c19be|garnish_lite_fa_080_532aebff|garnish_lite_fa_081_1fb39818|garnish_lite_fa_082_5e31f95b|garnish_lite_fa_083_a0f30266|garnish_lite_fa_084_b1b75380|garnish_lite_fa_085_7e285172|garnish_lite_fa_086_89bab8fc|garnish_lite_fa_087_61b3189b|garnish_lite_fa_088_be94fc3b|garnish_lite_fa_089_7d03e966|garnish_lite_fa_090_0e727d97|garnish_lite_fa_091_be3a7a1d|garnish_lite_fa_092_c4c10a13|garnish_lite_fa_093_936a36ff|garnish_lite_fa_094_fde3c956|garnish_lite_fa_095_315eb78a|garnish_lite_fa_096_2d866197"
"96","مواد را ساده و مرتب کنار هم بگذار، مخلوط کن یا داخل نان بچین","garnish_lite_fa_001_6f1166ee|garnish_lite_fa_002_6f0bd5c3|garnish_lite_fa_003_84eb3049|garnish_lite_fa_004_ab5fbe9d|garnish_lite_fa_005_c5ef5d2a|garnish_lite_fa_006_0ad8d5a5|garnish_lite_fa_007_f1109425|garnish_lite_fa_008_c8ddf724|garnish_lite_fa_009_2268aef8|garnish_lite_fa_010_5402d628|garnish_lite_fa_011_8be28048|garnish_lite_fa_012_c3da9856|garnish_lite_fa_013_374a5ddc|garnish_lite_fa_014_d55fff42|garnish_lite_fa_015_d850a87c|garnish_lite_fa_016_565be283|garnish_lite_fa_017_eda0ea67|garnish_lite_fa_018_03b6b930|garnish_lite_fa_019_37a117f6|garnish_lite_fa_020_131860ac|garnish_lite_fa_021_da2f107f|garnish_lite_fa_022_918e1afd|garnish_lite_fa_023_82c3c28e|garnish_lite_fa_024_b668a688|garnish_lite_fa_025_cff0018f|garnish_lite_fa_026_0f726e6c|garnish_lite_fa_027_fe3a950f|garnish_lite_fa_028_37e48787|garnish_lite_fa_029_eff8d609|garnish_lite_fa_030_0341963d|garnish_lite_fa_031_1ee0fadc|garnish_lite_fa_032_f43fdf8e|garnish_lite_fa_033_980e9629|garnish_lite_fa_034_396e101d|garnish_lite_fa_035_3483033b|garnish_lite_fa_036_35d377a6|garnish_lite_fa_037_836bac22|garnish_lite_fa_038_de0f96b1|garnish_lite_fa_039_f5062366|garnish_lite_fa_040_167f7ab7|garnish_lite_fa_041_4c94bb3f|garnish_lite_fa_042_9be6a738|garnish_lite_fa_043_fe50cdbf|garnish_lite_fa_044_ee2f79ac|garnish_lite_fa_045_42ab7334|garnish_lite_fa_046_5acd7ef7|garnish_lite_fa_047_a6f6b289|garnish_lite_fa_048_89204b05|garnish_lite_fa_049_91d7f7f4|garnish_lite_fa_050_ad49d256|garnish_lite_fa_051_25696db8|garnish_lite_fa_052_cbf1699d|garnish_lite_fa_053_03f59ac8|garnish_lite_fa_054_40007b8f|garnish_lite_fa_055_dce52169|garnish_lite_fa_056_6f618741|garnish_lite_fa_057_c1cfff50|garnish_lite_fa_058_9891c764|garnish_lite_fa_059_c1594c61|garnish_lite_fa_060_0a0758f2|garnish_lite_fa_061_a11935fe|garnish_lite_fa_062_0b593690|garnish_lite_fa_063_ac0a3894|garnish_lite_fa_064_769340cd|garnish_lite_fa_065_cda75133|garnish_lite_fa_066_09614bdf|garnish_lite_fa_067_65bc28c4|garnish_lite_fa_068_37fec2fb|garnish_lite_fa_069_6bd00b08|garnish_lite_fa_070_fad47a28|garnish_lite_fa_071_ddaeef9b|garnish_lite_fa_072_dad6a14e|garnish_lite_fa_073_9481977d|garnish_lite_fa_074_821a3098|garnish_lite_fa_075_a94612da|garnish_lite_fa_076_cd5d8bb9|garnish_lite_fa_077_2c5659c2|garnish_lite_fa_078_578dd342|garnish_lite_fa_079_999c19be|garnish_lite_fa_080_532aebff|garnish_lite_fa_081_1fb39818|garnish_lite_fa_082_5e31f95b|garnish_lite_fa_083_a0f30266|garnish_lite_fa_084_b1b75380|garnish_lite_fa_085_7e285172|garnish_lite_fa_086_89bab8fc|garnish_lite_fa_087_61b3189b|garnish_lite_fa_088_be94fc3b|garnish_lite_fa_089_7d03e966|garnish_lite_fa_090_0e727d97|garnish_lite_fa_091_be3a7a1d|garnish_lite_fa_092_c4c10a13|garnish_lite_fa_093_936a36ff|garnish_lite_fa_094_fde3c956|garnish_lite_fa_095_315eb78a|garnish_lite_fa_096_2d866197"
"96","مواد را بیش از حد مخلوط یا له نکن تا بافت اصلی آیتم حفظ شود","garnish_lite_fa_001_6f1166ee|garnish_lite_fa_002_6f0bd5c3|garnish_lite_fa_003_84eb3049|garnish_lite_fa_004_ab5fbe9d|garnish_lite_fa_005_c5ef5d2a|garnish_lite_fa_006_0ad8d5a5|garnish_lite_fa_007_f1109425|garnish_lite_fa_008_c8ddf724|garnish_lite_fa_009_2268aef8|garnish_lite_fa_010_5402d628|garnish_lite_fa_011_8be28048|garnish_lite_fa_012_c3da9856|garnish_lite_fa_013_374a5ddc|garnish_lite_fa_014_d55fff42|garnish_lite_fa_015_d850a87c|garnish_lite_fa_016_565be283|garnish_lite_fa_017_eda0ea67|garnish_lite_fa_018_03b6b930|garnish_lite_fa_019_37a117f6|garnish_lite_fa_020_131860ac|garnish_lite_fa_021_da2f107f|garnish_lite_fa_022_918e1afd|garnish_lite_fa_023_82c3c28e|garnish_lite_fa_024_b668a688|garnish_lite_fa_025_cff0018f|garnish_lite_fa_026_0f726e6c|garnish_lite_fa_027_fe3a950f|garnish_lite_fa_028_37e48787|garnish_lite_fa_029_eff8d609|garnish_lite_fa_030_0341963d|garnish_lite_fa_031_1ee0fadc|garnish_lite_fa_032_f43fdf8e|garnish_lite_fa_033_980e9629|garnish_lite_fa_034_396e101d|garnish_lite_fa_035_3483033b|garnish_lite_fa_036_35d377a6|garnish_lite_fa_037_836bac22|garnish_lite_fa_038_de0f96b1|garnish_lite_fa_039_f5062366|garnish_lite_fa_040_167f7ab7|garnish_lite_fa_041_4c94bb3f|garnish_lite_fa_042_9be6a738|garnish_lite_fa_043_fe50cdbf|garnish_lite_fa_044_ee2f79ac|garnish_lite_fa_045_42ab7334|garnish_lite_fa_046_5acd7ef7|garnish_lite_fa_047_a6f6b289|garnish_lite_fa_048_89204b05|garnish_lite_fa_049_91d7f7f4|garnish_lite_fa_050_ad49d256|garnish_lite_fa_051_25696db8|garnish_lite_fa_052_cbf1699d|garnish_lite_fa_053_03f59ac8|garnish_lite_fa_054_40007b8f|garnish_lite_fa_055_dce52169|garnish_lite_fa_056_6f618741|garnish_lite_fa_057_c1cfff50|garnish_lite_fa_058_9891c764|garnish_lite_fa_059_c1594c61|garnish_lite_fa_060_0a0758f2|garnish_lite_fa_061_a11935fe|garnish_lite_fa_062_0b593690|garnish_lite_fa_063_ac0a3894|garnish_lite_fa_064_769340cd|garnish_lite_fa_065_cda75133|garnish_lite_fa_066_09614bdf|garnish_lite_fa_067_65bc28c4|garnish_lite_fa_068_37fec2fb|garnish_lite_fa_069_6bd00b08|garnish_lite_fa_070_fad47a28|garnish_lite_fa_071_ddaeef9b|garnish_lite_fa_072_dad6a14e|garnish_lite_fa_073_9481977d|garnish_lite_fa_074_821a3098|garnish_lite_fa_075_a94612da|garnish_lite_fa_076_cd5d8bb9|garnish_lite_fa_077_2c5659c2|garnish_lite_fa_078_578dd342|garnish_lite_fa_079_999c19be|garnish_lite_fa_080_532aebff|garnish_lite_fa_081_1fb39818|garnish_lite_fa_082_5e31f95b|garnish_lite_fa_083_a0f30266|garnish_lite_fa_084_b1b75380|garnish_lite_fa_085_7e285172|garnish_lite_fa_086_89bab8fc|garnish_lite_fa_087_61b3189b|garnish_lite_fa_088_be94fc3b|garnish_lite_fa_089_7d03e966|garnish_lite_fa_090_0e727d97|garnish_lite_fa_091_be3a7a1d|garnish_lite_fa_092_c4c10a13|garnish_lite_fa_093_936a36ff|garnish_lite_fa_094_fde3c956|garnish_lite_fa_095_315eb78a|garnish_lite_fa_096_2d866197"
"96","مواد را طبق مقدارهای نوشته‌شده آماده کن و کنار دستت بگذار","garnish_lite_fa_001_6f1166ee|garnish_lite_fa_002_6f0bd5c3|garnish_lite_fa_003_84eb3049|garnish_lite_fa_004_ab5fbe9d|garnish_lite_fa_005_c5ef5d2a|garnish_lite_fa_006_0ad8d5a5|garnish_lite_fa_007_f1109425|garnish_lite_fa_008_c8ddf724|garnish_lite_fa_009_2268aef8|garnish_lite_fa_010_5402d628|garnish_lite_fa_011_8be28048|garnish_lite_fa_012_c3da9856|garnish_lite_fa_013_374a5ddc|garnish_lite_fa_014_d55fff42|garnish_lite_fa_015_d850a87c|garnish_lite_fa_016_565be283|garnish_lite_fa_017_eda0ea67|garnish_lite_fa_018_03b6b930|garnish_lite_fa_019_37a117f6|garnish_lite_fa_020_131860ac|garnish_lite_fa_021_da2f107f|garnish_lite_fa_022_918e1afd|garnish_lite_fa_023_82c3c28e|garnish_lite_fa_024_b668a688|garnish_lite_fa_025_cff0018f|garnish_lite_fa_026_0f726e6c|garnish_lite_fa_027_fe3a950f|garnish_lite_fa_028_37e48787|garnish_lite_fa_029_eff8d609|garnish_lite_fa_030_0341963d|garnish_lite_fa_031_1ee0fadc|garnish_lite_fa_032_f43fdf8e|garnish_lite_fa_033_980e9629|garnish_lite_fa_034_396e101d|garnish_lite_fa_035_3483033b|garnish_lite_fa_036_35d377a6|garnish_lite_fa_037_836bac22|garnish_lite_fa_038_de0f96b1|garnish_lite_fa_039_f5062366|garnish_lite_fa_040_167f7ab7|garnish_lite_fa_041_4c94bb3f|garnish_lite_fa_042_9be6a738|garnish_lite_fa_043_fe50cdbf|garnish_lite_fa_044_ee2f79ac|garnish_lite_fa_045_42ab7334|garnish_lite_fa_046_5acd7ef7|garnish_lite_fa_047_a6f6b289|garnish_lite_fa_048_89204b05|garnish_lite_fa_049_91d7f7f4|garnish_lite_fa_050_ad49d256|garnish_lite_fa_051_25696db8|garnish_lite_fa_052_cbf1699d|garnish_lite_fa_053_03f59ac8|garnish_lite_fa_054_40007b8f|garnish_lite_fa_055_dce52169|garnish_lite_fa_056_6f618741|garnish_lite_fa_057_c1cfff50|garnish_lite_fa_058_9891c764|garnish_lite_fa_059_c1594c61|garnish_lite_fa_060_0a0758f2|garnish_lite_fa_061_a11935fe|garnish_lite_fa_062_0b593690|garnish_lite_fa_063_ac0a3894|garnish_lite_fa_064_769340cd|garnish_lite_fa_065_cda75133|garnish_lite_fa_066_09614bdf|garnish_lite_fa_067_65bc28c4|garnish_lite_fa_068_37fec2fb|garnish_lite_fa_069_6bd00b08|garnish_lite_fa_070_fad47a28|garnish_lite_fa_071_ddaeef9b|garnish_lite_fa_072_dad6a14e|garnish_lite_fa_073_9481977d|garnish_lite_fa_074_821a3098|garnish_lite_fa_075_a94612da|garnish_lite_fa_076_cd5d8bb9|garnish_lite_fa_077_2c5659c2|garnish_lite_fa_078_578dd342|garnish_lite_fa_079_999c19be|garnish_lite_fa_080_532aebff|garnish_lite_fa_081_1fb39818|garnish_lite_fa_082_5e31f95b|garnish_lite_fa_083_a0f30266|garnish_lite_fa_084_b1b75380|garnish_lite_fa_085_7e285172|garnish_lite_fa_086_89bab8fc|garnish_lite_fa_087_61b3189b|garnish_lite_fa_088_be94fc3b|garnish_lite_fa_089_7d03e966|garnish_lite_fa_090_0e727d97|garnish_lite_fa_091_be3a7a1d|garnish_lite_fa_092_c4c10a13|garnish_lite_fa_093_936a36ff|garnish_lite_fa_094_fde3c956|garnish_lite_fa_095_315eb78a|garnish_lite_fa_096_2d866197"
"96","همان موقع سرو کن تا بافت و طعم مواد تازه بماند","garnish_lite_fa_001_6f1166ee|garnish_lite_fa_002_6f0bd5c3|garnish_lite_fa_003_84eb3049|garnish_lite_fa_004_ab5fbe9d|garnish_lite_fa_005_c5ef5d2a|garnish_lite_fa_006_0ad8d5a5|garnish_lite_fa_007_f1109425|garnish_lite_fa_008_c8ddf724|garnish_lite_fa_009_2268aef8|garnish_lite_fa_010_5402d628|garnish_lite_fa_011_8be28048|garnish_lite_fa_012_c3da9856|garnish_lite_fa_013_374a5ddc|garnish_lite_fa_014_d55fff42|garnish_lite_fa_015_d850a87c|garnish_lite_fa_016_565be283|garnish_lite_fa_017_eda0ea67|garnish_lite_fa_018_03b6b930|garnish_lite_fa_019_37a117f6|garnish_lite_fa_020_131860ac|garnish_lite_fa_021_da2f107f|garnish_lite_fa_022_918e1afd|garnish_lite_fa_023_82c3c28e|garnish_lite_fa_024_b668a688|garnish_lite_fa_025_cff0018f|garnish_lite_fa_026_0f726e6c|garnish_lite_fa_027_fe3a950f|garnish_lite_fa_028_37e48787|garnish_lite_fa_029_eff8d609|garnish_lite_fa_030_0341963d|garnish_lite_fa_031_1ee0fadc|garnish_lite_fa_032_f43fdf8e|garnish_lite_fa_033_980e9629|garnish_lite_fa_034_396e101d|garnish_lite_fa_035_3483033b|garnish_lite_fa_036_35d377a6|garnish_lite_fa_037_836bac22|garnish_lite_fa_038_de0f96b1|garnish_lite_fa_039_f5062366|garnish_lite_fa_040_167f7ab7|garnish_lite_fa_041_4c94bb3f|garnish_lite_fa_042_9be6a738|garnish_lite_fa_043_fe50cdbf|garnish_lite_fa_044_ee2f79ac|garnish_lite_fa_045_42ab7334|garnish_lite_fa_046_5acd7ef7|garnish_lite_fa_047_a6f6b289|garnish_lite_fa_048_89204b05|garnish_lite_fa_049_91d7f7f4|garnish_lite_fa_050_ad49d256|garnish_lite_fa_051_25696db8|garnish_lite_fa_052_cbf1699d|garnish_lite_fa_053_03f59ac8|garnish_lite_fa_054_40007b8f|garnish_lite_fa_055_dce52169|garnish_lite_fa_056_6f618741|garnish_lite_fa_057_c1cfff50|garnish_lite_fa_058_9891c764|garnish_lite_fa_059_c1594c61|garnish_lite_fa_060_0a0758f2|garnish_lite_fa_061_a11935fe|garnish_lite_fa_062_0b593690|garnish_lite_fa_063_ac0a3894|garnish_lite_fa_064_769340cd|garnish_lite_fa_065_cda75133|garnish_lite_fa_066_09614bdf|garnish_lite_fa_067_65bc28c4|garnish_lite_fa_068_37fec2fb|garnish_lite_fa_069_6bd00b08|garnish_lite_fa_070_fad47a28|garnish_lite_fa_071_ddaeef9b|garnish_lite_fa_072_dad6a14e|garnish_lite_fa_073_9481977d|garnish_lite_fa_074_821a3098|garnish_lite_fa_075_a94612da|garnish_lite_fa_076_cd5d8bb9|garnish_lite_fa_077_2c5659c2|garnish_lite_fa_078_578dd342|garnish_lite_fa_079_999c19be|garnish_lite_fa_080_532aebff|garnish_lite_fa_081_1fb39818|garnish_lite_fa_082_5e31f95b|garnish_lite_fa_083_a0f30266|garnish_lite_fa_084_b1b75380|garnish_lite_fa_085_7e285172|garnish_lite_fa_086_89bab8fc|garnish_lite_fa_087_61b3189b|garnish_lite_fa_088_be94fc3b|garnish_lite_fa_089_7d03e966|garnish_lite_fa_090_0e727d97|garnish_lite_fa_091_be3a7a1d|garnish_lite_fa_092_c4c10a13|garnish_lite_fa_093_936a36ff|garnish_lite_fa_094_fde3c956|garnish_lite_fa_095_315eb78a|garnish_lite_fa_096_2d866197"
"96","چرا این آیتم سبک است؟","garnish_lite_fa_001_6f1166ee|garnish_lite_fa_002_6f0bd5c3|garnish_lite_fa_003_84eb3049|garnish_lite_fa_004_ab5fbe9d|garnish_lite_fa_005_c5ef5d2a|garnish_lite_fa_006_0ad8d5a5|garnish_lite_fa_007_f1109425|garnish_lite_fa_008_c8ddf724|garnish_lite_fa_009_2268aef8|garnish_lite_fa_010_5402d628|garnish_lite_fa_011_8be28048|garnish_lite_fa_012_c3da9856|garnish_lite_fa_013_374a5ddc|garnish_lite_fa_014_d55fff42|garnish_lite_fa_015_d850a87c|garnish_lite_fa_016_565be283|garnish_lite_fa_017_eda0ea67|garnish_lite_fa_018_03b6b930|garnish_lite_fa_019_37a117f6|garnish_lite_fa_020_131860ac|garnish_lite_fa_021_da2f107f|garnish_lite_fa_022_918e1afd|garnish_lite_fa_023_82c3c28e|garnish_lite_fa_024_b668a688|garnish_lite_fa_025_cff0018f|garnish_lite_fa_026_0f726e6c|garnish_lite_fa_027_fe3a950f|garnish_lite_fa_028_37e48787|garnish_lite_fa_029_eff8d609|garnish_lite_fa_030_0341963d|garnish_lite_fa_031_1ee0fadc|garnish_lite_fa_032_f43fdf8e|garnish_lite_fa_033_980e9629|garnish_lite_fa_034_396e101d|garnish_lite_fa_035_3483033b|garnish_lite_fa_036_35d377a6|garnish_lite_fa_037_836bac22|garnish_lite_fa_038_de0f96b1|garnish_lite_fa_039_f5062366|garnish_lite_fa_040_167f7ab7|garnish_lite_fa_041_4c94bb3f|garnish_lite_fa_042_9be6a738|garnish_lite_fa_043_fe50cdbf|garnish_lite_fa_044_ee2f79ac|garnish_lite_fa_045_42ab7334|garnish_lite_fa_046_5acd7ef7|garnish_lite_fa_047_a6f6b289|garnish_lite_fa_048_89204b05|garnish_lite_fa_049_91d7f7f4|garnish_lite_fa_050_ad49d256|garnish_lite_fa_051_25696db8|garnish_lite_fa_052_cbf1699d|garnish_lite_fa_053_03f59ac8|garnish_lite_fa_054_40007b8f|garnish_lite_fa_055_dce52169|garnish_lite_fa_056_6f618741|garnish_lite_fa_057_c1cfff50|garnish_lite_fa_058_9891c764|garnish_lite_fa_059_c1594c61|garnish_lite_fa_060_0a0758f2|garnish_lite_fa_061_a11935fe|garnish_lite_fa_062_0b593690|garnish_lite_fa_063_ac0a3894|garnish_lite_fa_064_769340cd|garnish_lite_fa_065_cda75133|garnish_lite_fa_066_09614bdf|garnish_lite_fa_067_65bc28c4|garnish_lite_fa_068_37fec2fb|garnish_lite_fa_069_6bd00b08|garnish_lite_fa_070_fad47a28|garnish_lite_fa_071_ddaeef9b|garnish_lite_fa_072_dad6a14e|garnish_lite_fa_073_9481977d|garnish_lite_fa_074_821a3098|garnish_lite_fa_075_a94612da|garnish_lite_fa_076_cd5d8bb9|garnish_lite_fa_077_2c5659c2|garnish_lite_fa_078_578dd342|garnish_lite_fa_079_999c19be|garnish_lite_fa_080_532aebff|garnish_lite_fa_081_1fb39818|garnish_lite_fa_082_5e31f95b|garnish_lite_fa_083_a0f30266|garnish_lite_fa_084_b1b75380|garnish_lite_fa_085_7e285172|garnish_lite_fa_086_89bab8fc|garnish_lite_fa_087_61b3189b|garnish_lite_fa_088_be94fc3b|garnish_lite_fa_089_7d03e966|garnish_lite_fa_090_0e727d97|garnish_lite_fa_091_be3a7a1d|garnish_lite_fa_092_c4c10a13|garnish_lite_fa_093_936a36ff|garnish_lite_fa_094_fde3c956|garnish_lite_fa_095_315eb78a|garnish_lite_fa_096_2d866197"
"70","برای این دستور عدد کالری در دادهٔ فعلی موجود نیست","garnish_recipe_global_143_002_5f663504|garnish_recipe_global_143_003_e6033f62|garnish_recipe_global_143_006_10cd2dcc|garnish_recipe_global_143_012_17b7b915|garnish_recipe_global_143_013_d4a1df19|garnish_recipe_global_143_014_8a86b8a0|garnish_recipe_global_143_015_39a2f209|garnish_recipe_global_143_017_5b23f5df|garnish_recipe_global_143_019_c41b07d2|garnish_recipe_global_143_020_0b2a0961|garnish_recipe_global_143_021_7cee5181|garnish_recipe_global_143_023_07bead9c|garnish_recipe_global_143_039_d8dc5a96|garnish_recipe_global_143_040_dcfd7c46|garnish_recipe_global_143_044_051125e5|garnish_recipe_global_143_045_c37fb32d|garnish_recipe_global_143_047_8830766d|garnish_recipe_global_143_049_9785e6eb|garnish_recipe_global_143_053_7f9d9df9|garnish_recipe_global_143_056_c9972b5b|garnish_recipe_global_143_058_33c6e1fc|garnish_recipe_global_143_059_1049b27a|garnish_recipe_global_143_060_17a8b6d3|garnish_recipe_global_143_061_6a6023a1|garnish_recipe_global_143_063_b14ec21c|garnish_recipe_global_143_068_2f672fa4|garnish_recipe_global_143_069_28c65edb|garnish_recipe_global_143_071_32ff2f21|garnish_recipe_global_143_074_7b07ce2a|garnish_recipe_global_143_076_72b1d9d1|garnish_recipe_global_143_077_de99681c|garnish_recipe_global_143_083_233e9bde|garnish_recipe_global_143_084_87b7230c|garnish_recipe_global_143_085_cb35078b|garnish_recipe_global_143_086_6c72c640|garnish_recipe_global_143_087_3d227836|garnish_recipe_global_143_088_e5346ddb|garnish_recipe_global_143_089_59f271c3|garnish_recipe_global_143_090_6c4df1b6|garnish_recipe_global_143_091_88b57d1e|garnish_recipe_global_143_092_87b53529|garnish_recipe_global_143_096_0e548c27|garnish_recipe_global_143_097_4fa8c5e5|garnish_recipe_global_143_098_0f8fbedd|garnish_recipe_global_143_099_2a8c35d1|garnish_recipe_global_143_100_da23be37|garnish_recipe_global_143_102_36229b49|garnish_recipe_global_143_103_bc22d718|garnish_recipe_global_143_104_31c06413|garnish_recipe_global_143_105_a30b590b|garnish_recipe_global_143_106_6371564f|garnish_recipe_global_143_107_dbd1eb92|garnish_recipe_global_143_108_c446d87d|garnish_recipe_global_143_110_9b1cffdd|garnish_recipe_global_143_111_f81cb103|garnish_recipe_global_143_112_ea1e7e26|garnish_recipe_global_143_113_dcc8b929|garnish_recipe_global_143_114_cc474629|garnish_recipe_global_143_115_0cc3ef7b|garnish_recipe_global_143_116_d25d42e2|garnish_recipe_global_143_117_be424535|garnish_recipe_global_143_118_67f4b795|garnish_recipe_global_143_119_e71710d8|garnish_recipe_global_143_120_8da4e4b0|garnish_recipe_global_143_121_ee99f013|garnish_recipe_global_143_125_d0851524|garnish_recipe_global_143_126_038964de|garnish_recipe_global_143_127_380e9b65|garnish_recipe_global_143_131_e8f2c6f0|garnish_recipe_global_143_139_91cb38b4"
"66","این آیتم با مواد قابل‌دسترس طراحی شده و برای برنامه غذایی، جستجو و لیست خرید آماده است","garnish_lite_fa_001_6f1166ee|garnish_lite_fa_002_6f0bd5c3|garnish_lite_fa_003_84eb3049|garnish_lite_fa_005_c5ef5d2a|garnish_lite_fa_007_f1109425|garnish_lite_fa_008_c8ddf724|garnish_lite_fa_009_2268aef8|garnish_lite_fa_010_5402d628|garnish_lite_fa_011_8be28048|garnish_lite_fa_013_374a5ddc|garnish_lite_fa_016_565be283|garnish_lite_fa_018_03b6b930|garnish_lite_fa_019_37a117f6|garnish_lite_fa_020_131860ac|garnish_lite_fa_021_da2f107f|garnish_lite_fa_022_918e1afd|garnish_lite_fa_023_82c3c28e|garnish_lite_fa_024_b668a688|garnish_lite_fa_025_cff0018f|garnish_lite_fa_027_fe3a950f|garnish_lite_fa_030_0341963d|garnish_lite_fa_031_1ee0fadc|garnish_lite_fa_032_f43fdf8e|garnish_lite_fa_033_980e9629|garnish_lite_fa_034_396e101d|garnish_lite_fa_038_de0f96b1|garnish_lite_fa_039_f5062366|garnish_lite_fa_040_167f7ab7|garnish_lite_fa_042_9be6a738|garnish_lite_fa_043_fe50cdbf|garnish_lite_fa_046_5acd7ef7|garnish_lite_fa_048_89204b05|garnish_lite_fa_049_91d7f7f4|garnish_lite_fa_051_25696db8|garnish_lite_fa_052_cbf1699d|garnish_lite_fa_053_03f59ac8|garnish_lite_fa_057_c1cfff50|garnish_lite_fa_059_c1594c61|garnish_lite_fa_060_0a0758f2|garnish_lite_fa_061_a11935fe|garnish_lite_fa_062_0b593690|garnish_lite_fa_063_ac0a3894|garnish_lite_fa_068_37fec2fb|garnish_lite_fa_070_fad47a28|garnish_lite_fa_071_ddaeef9b|garnish_lite_fa_072_dad6a14e|garnish_lite_fa_073_9481977d|garnish_lite_fa_074_821a3098|garnish_lite_fa_075_a94612da|garnish_lite_fa_076_cd5d8bb9|garnish_lite_fa_077_2c5659c2|garnish_lite_fa_078_578dd342|garnish_lite_fa_079_999c19be|garnish_lite_fa_080_532aebff|garnish_lite_fa_081_1fb39818|garnish_lite_fa_082_5e31f95b|garnish_lite_fa_083_a0f30266|garnish_lite_fa_084_b1b75380|garnish_lite_fa_085_7e285172|garnish_lite_fa_086_89bab8fc|garnish_lite_fa_088_be94fc3b|garnish_lite_fa_089_7d03e966|garnish_lite_fa_091_be3a7a1d|garnish_lite_fa_093_936a36ff|garnish_lite_fa_095_315eb78a|garnish_lite_fa_096_2d866197"
"47","واقعی: جایگزین واقعی ندارد","garnish_recipe_fa_113_2a1debd0|garnish_recipe_fa_115_ba80ef7c|garnish_recipe_fa_147_3b1b07c5|garnish_recipe_fa_1483_557ee839|garnish_recipe_fa_148_554e136f|garnish_recipe_fa_175_51f87cb3|garnish_recipe_fa_1780_c3b8ce04|garnish_recipe_fa_181_40d368f2|garnish_recipe_fa_192_fe533328|garnish_recipe_fa_2082_eaf326bf|garnish_recipe_fa_79_792d1196|garnish_recipe_fa_86_ffcd0713|garnish_recipe_fa_92_397baf20|garnish_recipe_intl_004_e65ccfe3|garnish_recipe_intl_010_0e45be4c|garnish_recipe_intl_012_46d4828e|garnish_recipe_intl_018_2d829900|garnish_recipe_intl_028_ecdcc65f|garnish_recipe_intl_033_8acac046|garnish_recipe_intl_034_3035ba70|garnish_recipe_intl_036_e0780696|garnish_recipe_intl_040_7d7b90a1|garnish_recipe_intl_048_5b5471e4|garnish_recipe_intl_052_a57a621f|garnish_recipe_intl_053_54c002d0|garnish_recipe_intl_061_0bfbb206|garnish_recipe_intl_070_ef1a1272|garnish_recipe_intl_081_d8416e42|garnish_recipe_intl_084_fb10b1a9|garnish_recipe_intl_086_a2184266|garnish_recipe_intl_095_c9024579|garnish_recipe_intl_099_594a1fb5|garnish_recipe_intl_108_d102f5f2|garnish_recipe_intl_113_e0e7753e|garnish_recipe_intl_115_bd72c652|garnish_recipe_intl_116_c3a0982f|garnish_recipe_intl_117_d8d3d0ac|garnish_recipe_intl_118_9ecd21c7|garnish_recipe_intl_123_e8fa3267|garnish_recipe_intl_125_19f26215|garnish_recipe_intl_128_22442750|garnish_recipe_intl_129_382f9727|garnish_recipe_intl_132_71d57108|garnish_recipe_intl_136_76743d5b|garnish_recipe_intl_139_fb85376e|garnish_recipe_intl_140_e00e3df2|garnish_recipe_intl_148_2f745b64"
"38","این توضیح عمومی است و با مقدار سرو و مواد تغییر می‌کند","meze50_11_crispy-feta-phyllo-bites|meze50_12_feta-herb-stuffed-mini-peppers|meze50_13_turkish-ezme|meze50_14_haydari-yogurt-mint-dip|meze50_15_skordalia-garlic-potato-dip|meze50_16_mushroom-thyme-crostini|meze50_17_fried-mozzarella-bites|meze50_18_dutch-cheese-souffle-bites|meze50_19_chili-cheese-potato-wedges|meze50_20_buffalo-cauliflower-bites|meze50_21_zaatar-crispy-chickpeas|meze50_22_smoky-spiced-roasted-nuts|meze50_23_quick-cucumber-pickles|meze50_24_jalapeno-popper-bites|meze50_25_queso-fundido-with-mushrooms-and-peppers|meze50_26_seven-layer-bean-dip-cups|meze50_27_kimchi-cheese-pancake-bites|meze50_28_gochujang-cucumber-cups|meze50_29_garlic-chili-edamame|meze50_30_thai-peanut-cucumber-cups|meze50_31_zaatar-sumac-deviled-eggs|meze50_32_herbed-cheese-ball-bites|meze50_33_chickpea-sesame-crackers|meze50_34_crispy-onion-rings-with-yogurt-dip|meze50_35_eggplant-nachos-with-garlic-yogurt|meze50_36_parmesan-zucchini-chips|meze50_37_mini-kofta-skewers-with-mint-yogurt|meze50_38_grilled-cheese-and-cherry-tomato-skewers|meze50_39_harissa-cauliflower-florets-with-lemon-yogurt|meze50_40_sweet-potato-wedges-with-lemon-tahini|meze50_43_lentil-kofta-lettuce-cups|meze50_44_charred-broccoli-with-lemon-tahini|meze50_45_sesame-tofu-cucumber-skewers|meze50_46_herbed-cheese-stuffed-mushrooms|meze50_47_sumac-pita-chips-with-garlic-yogurt|meze50_48_smoky-pinto-bean-salad|meze50_49_mini-cheesy-chicken-taquitos|meze50_50_caramelized-onion-yogurt-dip"
"36","نکته خرید: روغن تازه و مناسب حرارت انتخاب کنید","garnish_recipe_fa_105_606b3bee|garnish_recipe_fa_114_4d182f15|garnish_recipe_fa_122_dc5bb310|garnish_recipe_fa_142_3215f0b5|garnish_recipe_fa_1562_0d149539|garnish_recipe_fa_166_41ac7f2f|garnish_recipe_fa_167_fc027a91|garnish_recipe_fa_1706_34be3c2d|garnish_recipe_fa_177_c8caf164|garnish_recipe_fa_191_de46bbb6|garnish_recipe_fa_193_35a54c20|garnish_recipe_fa_196_9e48ca8f|garnish_recipe_global_143_002_5f663504|garnish_recipe_global_143_008_22e17e44|garnish_recipe_global_143_081_a178a755|garnish_recipe_global_143_103_bc22d718|garnish_recipe_global_143_106_6371564f|garnish_recipe_global_143_109_3275e597|garnish_recipe_global_143_113_dcc8b929|garnish_recipe_global_143_123_a69d6cde|garnish_recipe_intl_008_df43915b|garnish_recipe_intl_017_6bc0bdc6|garnish_recipe_intl_024_ff4dc9ab|garnish_recipe_intl_026_b9f5a392|garnish_recipe_intl_030_16d9e454|garnish_recipe_intl_047_f6cbcbb5|garnish_recipe_intl_050_23b57a98|garnish_recipe_intl_073_b02d8fd5|garnish_recipe_intl_097_428092c3|garnish_recipe_intl_104_f1da6144|garnish_recipe_intl_107_41491dea|garnish_recipe_intl_119_9dd64dfc|garnish_recipe_intl_131_76428aa8|garnish_recipe_intl_137_46d41946|garnish_recipe_intl_146_5a7a3b3f|garnish_recipe_intl_149_71c64832"
"36","1 قاشق چای‌خوری (ضروری)","garnish_recipe_fa_105_606b3bee|garnish_recipe_fa_125_31716f89|garnish_recipe_fa_1562_0d149539|garnish_recipe_fa_166_41ac7f2f|garnish_recipe_fa_1747_23e0a898|garnish_recipe_fa_1768_7a1c6699|garnish_recipe_fa_177_c8caf164|garnish_recipe_fa_182_37f081ea|garnish_recipe_fa_183_6fb2ab4a|garnish_recipe_fa_184_e616db37|garnish_recipe_fa_196_9e48ca8f|garnish_recipe_fa_2056_099d047a|garnish_recipe_intl_008_df43915b|garnish_recipe_intl_020_a0837273|garnish_recipe_intl_024_ff4dc9ab|garnish_recipe_intl_026_b9f5a392|garnish_recipe_intl_029_0cafb54c|garnish_recipe_intl_042_c2aaf822|garnish_recipe_intl_044_2e127ee1|garnish_recipe_intl_047_f6cbcbb5|garnish_recipe_intl_051_38dcc2df|garnish_recipe_intl_060_9fe40da5|garnish_recipe_intl_067_995a81a6|garnish_recipe_intl_075_adf77e6a|garnish_recipe_intl_079_bc51f8e5|garnish_recipe_intl_105_f093f056|garnish_recipe_intl_107_41491dea|garnish_recipe_intl_110_d9922059|garnish_recipe_intl_119_9dd64dfc|garnish_recipe_intl_122_2f006614|garnish_recipe_intl_137_46d41946|garnish_recipe_intl_141_16bce5b8|garnish_recipe_intl_142_44b006d6|garnish_recipe_intl_145_098dd406|garnish_recipe_intl_146_5a7a3b3f|garnish_recipe_intl_150_951c615d"
"33","جایگزین واقعی ندارد؛ حذف یا تعویض آن هویت یا بافت غذا را تغییر می‌دهد","garnish_recipe_fa_100_ce2b0c24|garnish_recipe_fa_102_1994bb32|garnish_recipe_fa_1059_32ca5280|garnish_recipe_fa_107_5765c9eb|garnish_recipe_fa_108_441adb29|garnish_recipe_fa_109_7c2e92a0|garnish_recipe_fa_125_31716f89|garnish_recipe_fa_128_80595bf3|garnish_recipe_fa_1297_aaa24704|garnish_recipe_fa_1747_23e0a898|garnish_recipe_fa_1768_7a1c6699|garnish_recipe_fa_177_c8caf164|garnish_recipe_fa_184_e616db37|garnish_recipe_fa_2056_099d047a|garnish_recipe_fa_87_b75c560e|garnish_recipe_fa_97_b033ed16|garnish_recipe_intl_001_a95ca931|garnish_recipe_intl_005_1bc32e70|garnish_recipe_intl_020_a0837273|garnish_recipe_intl_029_0cafb54c|garnish_recipe_intl_042_c2aaf822|garnish_recipe_intl_051_38dcc2df|garnish_recipe_intl_055_0182b616|garnish_recipe_intl_059_1736c8ad|garnish_recipe_intl_075_adf77e6a|garnish_recipe_intl_079_bc51f8e5|garnish_recipe_intl_085_31af330d|garnish_recipe_intl_110_d9922059|garnish_recipe_intl_121_c6d25626|garnish_recipe_intl_141_16bce5b8|garnish_recipe_intl_142_44b006d6|garnish_recipe_intl_146_5a7a3b3f|garnish_recipe_intl_150_951c615d"
"32","5 قاشق چای‌خوری (ضروری)","garnish_recipe_fa_105_606b3bee|garnish_recipe_fa_166_41ac7f2f|garnish_recipe_fa_1747_23e0a898|garnish_recipe_fa_1768_7a1c6699|garnish_recipe_fa_182_37f081ea|garnish_recipe_fa_191_de46bbb6|garnish_recipe_fa_196_9e48ca8f|garnish_recipe_fa_2056_099d047a|garnish_recipe_fa_85_575ccb7a|garnish_recipe_fa_88_c20a5f8b|garnish_recipe_intl_001_a95ca931|garnish_recipe_intl_008_df43915b|garnish_recipe_intl_020_a0837273|garnish_recipe_intl_026_b9f5a392|garnish_recipe_intl_029_0cafb54c|garnish_recipe_intl_044_2e127ee1|garnish_recipe_intl_051_38dcc2df|garnish_recipe_intl_055_0182b616|garnish_recipe_intl_059_1736c8ad|garnish_recipe_intl_060_9fe40da5|garnish_recipe_intl_067_995a81a6|garnish_recipe_intl_085_31af330d|garnish_recipe_intl_102_44ec3a0b|garnish_recipe_intl_105_f093f056|garnish_recipe_intl_107_41491dea|garnish_recipe_intl_110_d9922059|garnish_recipe_intl_114_6e7c743d|garnish_recipe_intl_119_9dd64dfc|garnish_recipe_intl_121_c6d25626|garnish_recipe_intl_137_46d41946|garnish_recipe_intl_141_16bce5b8|garnish_recipe_intl_142_44b006d6"
"30","این توضیح برای درک عمومی ترکیب غذاست و با اندازهٔ سهم، روغن جذب‌شده یا همراه‌های سرو تغییر می‌کند","garnish_recipe_fa_105_606b3bee|garnish_recipe_fa_1562_0d149539|garnish_recipe_fa_166_41ac7f2f|garnish_recipe_fa_177_c8caf164|garnish_recipe_fa_182_37f081ea|garnish_recipe_fa_183_6fb2ab4a|garnish_recipe_fa_191_de46bbb6|garnish_recipe_fa_196_9e48ca8f|garnish_recipe_fa_85_575ccb7a|garnish_recipe_fa_88_c20a5f8b|garnish_recipe_intl_008_df43915b|garnish_recipe_intl_017_6bc0bdc6|garnish_recipe_intl_024_ff4dc9ab|garnish_recipe_intl_026_b9f5a392|garnish_recipe_intl_044_2e127ee1|garnish_recipe_intl_047_f6cbcbb5|garnish_recipe_intl_050_23b57a98|garnish_recipe_intl_060_9fe40da5|garnish_recipe_intl_067_995a81a6|garnish_recipe_intl_075_adf77e6a|garnish_recipe_intl_083_57ce313d|garnish_recipe_intl_102_44ec3a0b|garnish_recipe_intl_105_f093f056|garnish_recipe_intl_107_41491dea|garnish_recipe_intl_114_6e7c743d|garnish_recipe_intl_119_9dd64dfc|garnish_recipe_intl_122_2f006614|garnish_recipe_intl_137_46d41946|garnish_recipe_intl_145_098dd406|garnish_recipe_intl_146_5a7a3b3f"
"30","یک آیتم سریع و سبک است که با چند ماده ساده آماده می‌شود و برای مصرف روزمره مناسب است","garnish_lite_fa_004_ab5fbe9d|garnish_lite_fa_006_0ad8d5a5|garnish_lite_fa_012_c3da9856|garnish_lite_fa_014_d55fff42|garnish_lite_fa_015_d850a87c|garnish_lite_fa_017_eda0ea67|garnish_lite_fa_026_0f726e6c|garnish_lite_fa_028_37e48787|garnish_lite_fa_029_eff8d609|garnish_lite_fa_035_3483033b|garnish_lite_fa_036_35d377a6|garnish_lite_fa_037_836bac22|garnish_lite_fa_041_4c94bb3f|garnish_lite_fa_044_ee2f79ac|garnish_lite_fa_045_42ab7334|garnish_lite_fa_047_a6f6b289|garnish_lite_fa_050_ad49d256|garnish_lite_fa_054_40007b8f|garnish_lite_fa_055_dce52169|garnish_lite_fa_056_6f618741|garnish_lite_fa_058_9891c764|garnish_lite_fa_064_769340cd|garnish_lite_fa_065_cda75133|garnish_lite_fa_066_09614bdf|garnish_lite_fa_067_65bc28c4|garnish_lite_fa_069_6bd00b08|garnish_lite_fa_087_61b3189b|garnish_lite_fa_090_0e727d97|garnish_lite_fa_092_c4c10a13|garnish_lite_fa_094_fde3c956"
"27","این نوشیدنی بیشتر برای طعم، خنکی یا همراهی با وعده استفاده می‌شود؛ مقدار شیرینی، یخ و رقیق‌سازی بیشترین اثر را روی حس نهایی دارد","garnish_recipe_fa_1289_dccb626e|garnish_recipe_fa_1510_2d1f8557|garnish_recipe_fa_1513_1e7a7b4f|garnish_recipe_fa_1514_82bb4541|garnish_recipe_fa_1519_9d69f5f1|garnish_recipe_fa_1520_8cec648d|garnish_recipe_fa_1553_fc9a29b8|garnish_recipe_fa_1554_6e31eecc|garnish_recipe_fa_1555_00844d92|garnish_recipe_fa_1563_68a06056|garnish_recipe_fa_1564_e9a872de|garnish_recipe_fa_2039_b49f818c|garnish_recipe_global_143_024_194514e6|garnish_recipe_global_143_025_7119c557|garnish_recipe_global_143_026_e631bbb6|garnish_recipe_global_143_027_355acc01|garnish_recipe_global_143_028_d4b2bfd8|garnish_recipe_global_143_029_c3687330|garnish_recipe_global_143_030_4f8b9a24|garnish_recipe_global_143_031_1302a859|garnish_recipe_global_143_032_0bd00218|garnish_recipe_global_143_033_4844ee49|garnish_recipe_global_143_034_51a63c81|garnish_recipe_global_143_035_10b9f67b|garnish_recipe_global_143_036_bc4e7808|garnish_recipe_global_143_037_976fda08|garnish_recipe_global_143_038_c723f599"
"27","وقتی دما و بافت هنوز زنده است: نوشیدنی‌های سرد بلافاصله بعد از یخ و نوشیدنی‌های گرم بلافاصله بعد از دم‌آوری یا گرم‌کردن شیر","garnish_recipe_fa_1289_dccb626e|garnish_recipe_fa_1510_2d1f8557|garnish_recipe_fa_1513_1e7a7b4f|garnish_recipe_fa_1514_82bb4541|garnish_recipe_fa_1519_9d69f5f1|garnish_recipe_fa_1520_8cec648d|garnish_recipe_fa_1553_fc9a29b8|garnish_recipe_fa_1554_6e31eecc|garnish_recipe_fa_1555_00844d92|garnish_recipe_fa_1563_68a06056|garnish_recipe_fa_1564_e9a872de|garnish_recipe_fa_2039_b49f818c|garnish_recipe_global_143_024_194514e6|garnish_recipe_global_143_025_7119c557|garnish_recipe_global_143_026_e631bbb6|garnish_recipe_global_143_027_355acc01|garnish_recipe_global_143_028_d4b2bfd8|garnish_recipe_global_143_029_c3687330|garnish_recipe_global_143_030_4f8b9a24|garnish_recipe_global_143_031_1302a859|garnish_recipe_global_143_032_0bd00218|garnish_recipe_global_143_033_4844ee49|garnish_recipe_global_143_034_51a63c81|garnish_recipe_global_143_035_10b9f67b|garnish_recipe_global_143_036_bc4e7808|garnish_recipe_global_143_037_976fda08|garnish_recipe_global_143_038_c723f599"
"27","پایه را می‌توان زودتر آماده کرد، اما یخ، سودا، نعناع تازه، بوبا یا کف شیر را نزدیک سرو اضافه کن تا بافت و عطر افت نکند","garnish_recipe_fa_1289_dccb626e|garnish_recipe_fa_1510_2d1f8557|garnish_recipe_fa_1513_1e7a7b4f|garnish_recipe_fa_1514_82bb4541|garnish_recipe_fa_1519_9d69f5f1|garnish_recipe_fa_1520_8cec648d|garnish_recipe_fa_1553_fc9a29b8|garnish_recipe_fa_1554_6e31eecc|garnish_recipe_fa_1555_00844d92|garnish_recipe_fa_1563_68a06056|garnish_recipe_fa_1564_e9a872de|garnish_recipe_fa_2039_b49f818c|garnish_recipe_global_143_024_194514e6|garnish_recipe_global_143_025_7119c557|garnish_recipe_global_143_026_e631bbb6|garnish_recipe_global_143_027_355acc01|garnish_recipe_global_143_028_d4b2bfd8|garnish_recipe_global_143_029_c3687330|garnish_recipe_global_143_030_4f8b9a24|garnish_recipe_global_143_031_1302a859|garnish_recipe_global_143_032_0bd00218|garnish_recipe_global_143_033_4844ee49|garnish_recipe_global_143_034_51a63c81|garnish_recipe_global_143_035_10b9f67b|garnish_recipe_global_143_036_bc4e7808|garnish_recipe_global_143_037_976fda08|garnish_recipe_global_143_038_c723f599"
"27","در نوشیدنی‌های میوه‌ای، لبنی یا برنجی جداشدگی طبیعی است؛ قبل از سرو آرام هم بزن، اما برای نوشیدنی گازدار زیاد هم نزن","garnish_recipe_fa_1289_dccb626e|garnish_recipe_fa_1510_2d1f8557|garnish_recipe_fa_1513_1e7a7b4f|garnish_recipe_fa_1514_82bb4541|garnish_recipe_fa_1519_9d69f5f1|garnish_recipe_fa_1520_8cec648d|garnish_recipe_fa_1553_fc9a29b8|garnish_recipe_fa_1554_6e31eecc|garnish_recipe_fa_1555_00844d92|garnish_recipe_fa_1563_68a06056|garnish_recipe_fa_1564_e9a872de|garnish_recipe_fa_2039_b49f818c|garnish_recipe_global_143_024_194514e6|garnish_recipe_global_143_025_7119c557|garnish_recipe_global_143_026_e631bbb6|garnish_recipe_global_143_027_355acc01|garnish_recipe_global_143_028_d4b2bfd8|garnish_recipe_global_143_029_c3687330|garnish_recipe_global_143_030_4f8b9a24|garnish_recipe_global_143_031_1302a859|garnish_recipe_global_143_032_0bd00218|garnish_recipe_global_143_033_4844ee49|garnish_recipe_global_143_034_51a63c81|garnish_recipe_global_143_035_10b9f67b|garnish_recipe_global_143_036_bc4e7808|garnish_recipe_global_143_037_976fda08|garnish_recipe_global_143_038_c723f599"
"27","شیرینی را در پایه کمتر کن و با دمای درست، عطر تازه و مقدار دقیق اسید یا ادویه مزه را کامل نگه دار","garnish_recipe_fa_1289_dccb626e|garnish_recipe_fa_1510_2d1f8557|garnish_recipe_fa_1513_1e7a7b4f|garnish_recipe_fa_1514_82bb4541|garnish_recipe_fa_1519_9d69f5f1|garnish_recipe_fa_1520_8cec648d|garnish_recipe_fa_1553_fc9a29b8|garnish_recipe_fa_1554_6e31eecc|garnish_recipe_fa_1555_00844d92|garnish_recipe_fa_1563_68a06056|garnish_recipe_fa_1564_e9a872de|garnish_recipe_fa_2039_b49f818c|garnish_recipe_global_143_024_194514e6|garnish_recipe_global_143_025_7119c557|garnish_recipe_global_143_026_e631bbb6|garnish_recipe_global_143_027_355acc01|garnish_recipe_global_143_028_d4b2bfd8|garnish_recipe_global_143_029_c3687330|garnish_recipe_global_143_030_4f8b9a24|garnish_recipe_global_143_031_1302a859|garnish_recipe_global_143_032_0bd00218|garnish_recipe_global_143_033_4844ee49|garnish_recipe_global_143_034_51a63c81|garnish_recipe_global_143_035_10b9f67b|garnish_recipe_global_143_036_bc4e7808|garnish_recipe_global_143_037_976fda08|garnish_recipe_global_143_038_c723f599"
"27","نشانهٔ درست این مرحله باید باظاهر، عطر و بافت همین مرحله دیده شود","garnish_recipe_fa_1289_dccb626e|garnish_recipe_fa_1510_2d1f8557|garnish_recipe_fa_1513_1e7a7b4f|garnish_recipe_fa_1514_82bb4541|garnish_recipe_fa_1519_9d69f5f1|garnish_recipe_fa_1520_8cec648d|garnish_recipe_fa_1553_fc9a29b8|garnish_recipe_fa_1554_6e31eecc|garnish_recipe_fa_1555_00844d92|garnish_recipe_fa_1563_68a06056|garnish_recipe_fa_1564_e9a872de|garnish_recipe_fa_2039_b49f818c|garnish_recipe_global_143_024_194514e6|garnish_recipe_global_143_025_7119c557|garnish_recipe_global_143_026_e631bbb6|garnish_recipe_global_143_027_355acc01|garnish_recipe_global_143_028_d4b2bfd8|garnish_recipe_global_143_029_c3687330|garnish_recipe_global_143_030_4f8b9a24|garnish_recipe_global_143_031_1302a859|garnish_recipe_global_143_032_0bd00218|garnish_recipe_global_143_033_4844ee49|garnish_recipe_global_143_034_51a63c81|garnish_recipe_global_143_035_10b9f67b|garnish_recipe_global_143_036_bc4e7808|garnish_recipe_global_143_037_976fda08|garnish_recipe_global_143_038_c723f599"
"27","چطور شیرینی را کم کنم بدون اینکه مزه خالی شود؟","garnish_recipe_fa_1289_dccb626e|garnish_recipe_fa_1510_2d1f8557|garnish_recipe_fa_1513_1e7a7b4f|garnish_recipe_fa_1514_82bb4541|garnish_recipe_fa_1519_9d69f5f1|garnish_recipe_fa_1520_8cec648d|garnish_recipe_fa_1553_fc9a29b8|garnish_recipe_fa_1554_6e31eecc|garnish_recipe_fa_1555_00844d92|garnish_recipe_fa_1563_68a06056|garnish_recipe_fa_1564_e9a872de|garnish_recipe_fa_2039_b49f818c|garnish_recipe_global_143_024_194514e6|garnish_recipe_global_143_025_7119c557|garnish_recipe_global_143_026_e631bbb6|garnish_recipe_global_143_027_355acc01|garnish_recipe_global_143_028_d4b2bfd8|garnish_recipe_global_143_029_c3687330|garnish_recipe_global_143_030_4f8b9a24|garnish_recipe_global_143_031_1302a859|garnish_recipe_global_143_032_0bd00218|garnish_recipe_global_143_033_4844ee49|garnish_recipe_global_143_034_51a63c81|garnish_recipe_global_143_035_10b9f67b|garnish_recipe_global_143_036_bc4e7808|garnish_recipe_global_143_037_976fda08|garnish_recipe_global_143_038_c723f599"
"27","رقیق‌سازی، شخصیت نوشیدنی را تعیین می‌کند:","garnish_recipe_fa_1289_dccb626e|garnish_recipe_fa_1510_2d1f8557|garnish_recipe_fa_1513_1e7a7b4f|garnish_recipe_fa_1514_82bb4541|garnish_recipe_fa_1519_9d69f5f1|garnish_recipe_fa_1520_8cec648d|garnish_recipe_fa_1553_fc9a29b8|garnish_recipe_fa_1554_6e31eecc|garnish_recipe_fa_1555_00844d92|garnish_recipe_fa_1563_68a06056|garnish_recipe_fa_1564_e9a872de|garnish_recipe_fa_2039_b49f818c|garnish_recipe_global_143_024_194514e6|garnish_recipe_global_143_025_7119c557|garnish_recipe_global_143_026_e631bbb6|garnish_recipe_global_143_027_355acc01|garnish_recipe_global_143_028_d4b2bfd8|garnish_recipe_global_143_029_c3687330|garnish_recipe_global_143_030_4f8b9a24|garnish_recipe_global_143_031_1302a859|garnish_recipe_global_143_032_0bd00218|garnish_recipe_global_143_033_4844ee49|garnish_recipe_global_143_034_51a63c81|garnish_recipe_global_143_035_10b9f67b|garnish_recipe_global_143_036_bc4e7808|garnish_recipe_global_143_037_976fda08|garnish_recipe_global_143_038_c723f599"
"27","چرا نوشیدنی بعد از مدتی جدا می‌شود؟","garnish_recipe_fa_1289_dccb626e|garnish_recipe_fa_1510_2d1f8557|garnish_recipe_fa_1513_1e7a7b4f|garnish_recipe_fa_1514_82bb4541|garnish_recipe_fa_1519_9d69f5f1|garnish_recipe_fa_1520_8cec648d|garnish_recipe_fa_1553_fc9a29b8|garnish_recipe_fa_1554_6e31eecc|garnish_recipe_fa_1555_00844d92|garnish_recipe_fa_1563_68a06056|garnish_recipe_fa_1564_e9a872de|garnish_recipe_fa_2039_b49f818c|garnish_recipe_global_143_024_194514e6|garnish_recipe_global_143_025_7119c557|garnish_recipe_global_143_026_e631bbb6|garnish_recipe_global_143_027_355acc01|garnish_recipe_global_143_028_d4b2bfd8|garnish_recipe_global_143_029_c3687330|garnish_recipe_global_143_030_4f8b9a24|garnish_recipe_global_143_031_1302a859|garnish_recipe_global_143_032_0bd00218|garnish_recipe_global_143_033_4844ee49|garnish_recipe_global_143_034_51a63c81|garnish_recipe_global_143_035_10b9f67b|garnish_recipe_global_143_036_bc4e7808|garnish_recipe_global_143_037_976fda08|garnish_recipe_global_143_038_c723f599"
"27","می‌توانم از قبل آماده کنم؟","garnish_recipe_fa_1323_cf6bcb5c|garnish_recipe_global_143_056_c9972b5b|garnish_recipe_global_143_063_b14ec21c|garnish_recipe_global_143_072_62482f8c|garnish_recipe_global_143_121_ee99f013|garnish_recipe_global_143_122_fef6d7d8|garnish_recipe_global_143_123_a69d6cde|garnish_recipe_global_143_124_ce358cac|garnish_recipe_global_143_125_d0851524|garnish_recipe_global_143_126_038964de|garnish_recipe_global_143_127_380e9b65|garnish_recipe_global_143_128_7b502579|garnish_recipe_global_143_129_0a9a316a|garnish_recipe_global_143_130_c4a5fa79|garnish_recipe_global_143_131_e8f2c6f0|garnish_recipe_global_143_132_32880128|garnish_recipe_global_143_133_b9eae9ad|garnish_recipe_global_143_134_b4cc12b5|garnish_recipe_global_143_135_2919e78e|garnish_recipe_global_143_136_0ebb92f9|garnish_recipe_global_143_137_6a99342c|garnish_recipe_global_143_138_ce0f10ba|garnish_recipe_global_143_139_91cb38b4|garnish_recipe_global_143_140_78d46576|garnish_recipe_global_143_141_12664fc7|garnish_recipe_global_143_142_bd27951b|garnish_recipe_global_143_143_6060b21f"
"27","بهترین زمان سرو چیست؟","garnish_recipe_fa_1289_dccb626e|garnish_recipe_fa_1510_2d1f8557|garnish_recipe_fa_1513_1e7a7b4f|garnish_recipe_fa_1514_82bb4541|garnish_recipe_fa_1519_9d69f5f1|garnish_recipe_fa_1520_8cec648d|garnish_recipe_fa_1553_fc9a29b8|garnish_recipe_fa_1554_6e31eecc|garnish_recipe_fa_1555_00844d92|garnish_recipe_fa_1563_68a06056|garnish_recipe_fa_1564_e9a872de|garnish_recipe_fa_2039_b49f818c|garnish_recipe_global_143_024_194514e6|garnish_recipe_global_143_025_7119c557|garnish_recipe_global_143_026_e631bbb6|garnish_recipe_global_143_027_355acc01|garnish_recipe_global_143_028_d4b2bfd8|garnish_recipe_global_143_029_c3687330|garnish_recipe_global_143_030_4f8b9a24|garnish_recipe_global_143_031_1302a859|garnish_recipe_global_143_032_0bd00218|garnish_recipe_global_143_033_4844ee49|garnish_recipe_global_143_034_51a63c81|garnish_recipe_global_143_035_10b9f67b|garnish_recipe_global_143_036_bc4e7808|garnish_recipe_global_143_037_976fda08|garnish_recipe_global_143_038_c723f599"
"26","نکته خرید: نمک ریز و تمیز استفاده کنید تا یکنواخت پخش شود","garnish_recipe_global_143_002_5f663504|garnish_recipe_global_143_003_e6033f62|garnish_recipe_global_143_012_17b7b915|garnish_recipe_global_143_013_d4a1df19|garnish_recipe_global_143_014_8a86b8a0|garnish_recipe_global_143_015_39a2f209|garnish_recipe_global_143_017_5b23f5df|garnish_recipe_global_143_019_c41b07d2|garnish_recipe_global_143_020_0b2a0961|garnish_recipe_global_143_021_7cee5181|garnish_recipe_global_143_023_07bead9c|garnish_recipe_global_143_040_dcfd7c46|garnish_recipe_global_143_045_c37fb32d|garnish_recipe_global_143_053_7f9d9df9|garnish_recipe_global_143_059_1049b27a|garnish_recipe_global_143_060_17a8b6d3|garnish_recipe_global_143_069_28c65edb|garnish_recipe_global_143_074_7b07ce2a|garnish_recipe_global_143_076_72b1d9d1|garnish_recipe_global_143_077_de99681c|garnish_recipe_global_143_099_2a8c35d1|garnish_recipe_global_143_102_36229b49|garnish_recipe_global_143_107_dbd1eb92|garnish_recipe_global_143_112_ea1e7e26|garnish_recipe_global_143_113_dcc8b929|garnish_recipe_global_143_120_8da4e4b0"
"26","روغن کانولا یا روغن خنثی مشابه قابل استفاده است","garnish_recipe_fa_114_4d182f15|garnish_recipe_fa_122_dc5bb310|garnish_recipe_fa_124_c0616f8d|garnish_recipe_fa_167_fc027a91|garnish_recipe_fa_1706_34be3c2d|garnish_recipe_fa_193_35a54c20|garnish_recipe_fa_91_a3224405|garnish_recipe_global_143_002_5f663504|garnish_recipe_global_143_008_22e17e44|garnish_recipe_global_143_013_d4a1df19|garnish_recipe_global_143_015_39a2f209|garnish_recipe_global_143_087_3d227836|garnish_recipe_global_143_108_c446d87d|garnish_recipe_global_143_118_67f4b795|garnish_recipe_global_143_123_a69d6cde|garnish_recipe_global_143_126_038964de|garnish_recipe_global_143_129_0a9a316a|garnish_recipe_global_143_137_6a99342c|garnish_recipe_global_143_142_bd27951b|garnish_recipe_intl_006_0abe82db|garnish_recipe_intl_015_bd5b6369|garnish_recipe_intl_041_cd57d47e|garnish_recipe_intl_073_b02d8fd5|garnish_recipe_intl_096_697dba10|garnish_recipe_intl_131_76428aa8|garnish_recipe_intl_149_71c64832"
"26","هزینه: متوسط رو به بالا","garnish_recipe_fa_113_2a1debd0|garnish_recipe_fa_125_31716f89|garnish_recipe_fa_176_60f55560|garnish_recipe_fa_177_c8caf164|garnish_recipe_fa_2107_5f30a146|garnish_recipe_fa_86_ffcd0713|garnish_recipe_global_143_002_5f663504|garnish_recipe_global_143_063_b14ec21c|garnish_recipe_global_143_101_f007a227|garnish_recipe_global_143_102_36229b49|garnish_recipe_global_143_105_a30b590b|garnish_recipe_global_143_109_3275e597|garnish_recipe_intl_001_a95ca931|garnish_recipe_intl_024_ff4dc9ab|garnish_recipe_intl_031_7e902faf|garnish_recipe_intl_034_3035ba70|garnish_recipe_intl_035_d46eacaf|garnish_recipe_intl_051_38dcc2df|garnish_recipe_intl_053_54c002d0|garnish_recipe_intl_056_1509959b|garnish_recipe_intl_072_60d498d9|garnish_recipe_intl_079_bc51f8e5|garnish_recipe_intl_085_31af330d|garnish_recipe_intl_110_d9922059|garnish_recipe_intl_139_fb85376e|garnish_recipe_intl_140_e00e3df2"
"25","لیوان سرد در نوشیدنی‌های یخی سرعت آب شدن یخ را کم می‌کند و فنجان گرم در نوشیدنی‌های داغ افت دما را کمتر می‌کند","garnish_recipe_fa_1289_dccb626e|garnish_recipe_fa_1510_2d1f8557|garnish_recipe_fa_1513_1e7a7b4f|garnish_recipe_fa_1514_82bb4541|garnish_recipe_fa_1519_9d69f5f1|garnish_recipe_fa_1520_8cec648d|garnish_recipe_fa_1553_fc9a29b8|garnish_recipe_fa_1554_6e31eecc|garnish_recipe_fa_1555_00844d92|garnish_recipe_fa_1563_68a06056|garnish_recipe_fa_1564_e9a872de|garnish_recipe_fa_2039_b49f818c|garnish_recipe_global_143_024_194514e6|garnish_recipe_global_143_025_7119c557|garnish_recipe_global_143_026_e631bbb6|garnish_recipe_global_143_027_355acc01|garnish_recipe_global_143_029_c3687330|garnish_recipe_global_143_030_4f8b9a24|garnish_recipe_global_143_031_1302a859|garnish_recipe_global_143_032_0bd00218|garnish_recipe_global_143_033_4844ee49|garnish_recipe_global_143_034_51a63c81|garnish_recipe_global_143_035_10b9f67b|garnish_recipe_global_143_037_976fda08|garnish_recipe_global_143_038_c723f599"
"25","نشانهٔ درست، دمای پایدار تا چند جرعه اول است","garnish_recipe_fa_1289_dccb626e|garnish_recipe_fa_1510_2d1f8557|garnish_recipe_fa_1513_1e7a7b4f|garnish_recipe_fa_1514_82bb4541|garnish_recipe_fa_1519_9d69f5f1|garnish_recipe_fa_1520_8cec648d|garnish_recipe_fa_1553_fc9a29b8|garnish_recipe_fa_1554_6e31eecc|garnish_recipe_fa_1555_00844d92|garnish_recipe_fa_1563_68a06056|garnish_recipe_fa_1564_e9a872de|garnish_recipe_fa_2039_b49f818c|garnish_recipe_global_143_024_194514e6|garnish_recipe_global_143_025_7119c557|garnish_recipe_global_143_026_e631bbb6|garnish_recipe_global_143_027_355acc01|garnish_recipe_global_143_029_c3687330|garnish_recipe_global_143_030_4f8b9a24|garnish_recipe_global_143_031_1302a859|garnish_recipe_global_143_032_0bd00218|garnish_recipe_global_143_033_4844ee49|garnish_recipe_global_143_034_51a63c81|garnish_recipe_global_143_035_10b9f67b|garnish_recipe_global_143_037_976fda08|garnish_recipe_global_143_038_c723f599"
"25","سردی یا گرمی ظرف روی نتیجه اثر دارد:","garnish_recipe_fa_1289_dccb626e|garnish_recipe_fa_1510_2d1f8557|garnish_recipe_fa_1513_1e7a7b4f|garnish_recipe_fa_1514_82bb4541|garnish_recipe_fa_1519_9d69f5f1|garnish_recipe_fa_1520_8cec648d|garnish_recipe_fa_1553_fc9a29b8|garnish_recipe_fa_1554_6e31eecc|garnish_recipe_fa_1555_00844d92|garnish_recipe_fa_1563_68a06056|garnish_recipe_fa_1564_e9a872de|garnish_recipe_fa_2039_b49f818c|garnish_recipe_global_143_024_194514e6|garnish_recipe_global_143_025_7119c557|garnish_recipe_global_143_026_e631bbb6|garnish_recipe_global_143_027_355acc01|garnish_recipe_global_143_029_c3687330|garnish_recipe_global_143_030_4f8b9a24|garnish_recipe_global_143_031_1302a859|garnish_recipe_global_143_032_0bd00218|garnish_recipe_global_143_033_4844ee49|garnish_recipe_global_143_034_51a63c81|garnish_recipe_global_143_035_10b9f67b|garnish_recipe_global_143_037_976fda08|garnish_recipe_global_143_038_c723f599"
"25","فلفلِ تازه‌آسیاب عطرِ بیشتری دارد","garnish_recipe_fa_101_877a41d3|garnish_recipe_fa_1051_68dd60e0|garnish_recipe_fa_1053_29566b67|garnish_recipe_fa_1072_b55bdfe7|garnish_recipe_fa_1084_8f35205e|garnish_recipe_fa_110_847e93ad|garnish_recipe_fa_112_9764d4aa|garnish_recipe_fa_1197_73204fa8|garnish_recipe_fa_1224_c65df148|garnish_recipe_fa_1276_cdef73d2|garnish_recipe_fa_133_139b05e2|garnish_recipe_fa_1341_6b4ba753|garnish_recipe_fa_1353_5d0ac837|garnish_recipe_fa_164_8367ec24|garnish_recipe_fa_170_44f0d2ad|garnish_recipe_fa_1816_dec0afbb|garnish_recipe_fa_1820_41034bbe|garnish_recipe_fa_2090_ea20119c|garnish_recipe_fa_230_332dd922|garnish_recipe_fa_78_26989900|garnish_recipe_fa_89_292dde1d|garnish_recipe_fa_98_601bddc6|garnish_recipe_intl_077_40b61937|garnish_recipe_intl_098_0fbf4374|garnish_recipe_intl_106_81b42fa9"
"25","۱ قاشق چای‌خوری (به‌مزه)","garnish_recipe_fa_1071_6e0696a6|garnish_recipe_fa_1077_1b3eec19|garnish_recipe_fa_110_847e93ad|garnish_recipe_fa_1197_73204fa8|garnish_recipe_fa_1239_1be04a64|garnish_recipe_fa_1252_3d200c70|garnish_recipe_fa_1262_9f42258a|garnish_recipe_fa_1276_cdef73d2|garnish_recipe_fa_1306_a212d523|garnish_recipe_fa_1334_8963bd85|garnish_recipe_fa_133_139b05e2|garnish_recipe_fa_1342_ce4a8da3|garnish_recipe_fa_1353_5d0ac837|garnish_recipe_fa_1528_32041352|garnish_recipe_fa_1816_dec0afbb|garnish_recipe_fa_1820_41034bbe|garnish_recipe_fa_2028_1932b5ee|garnish_recipe_fa_2049_765e338a|garnish_recipe_fa_2075_3d9b2098|garnish_recipe_fa_2086_c02ef228|garnish_recipe_fa_228_09a631f3|garnish_recipe_fa_872_529097b4|garnish_recipe_fa_875_f2ddeb1c|garnish_recipe_intl_077_40b61937|garnish_recipe_intl_106_81b42fa9"
"23","بخش‌های پایه را می‌توان زودتر آماده کرد، اما مرحله نهایی بهتر است نزدیک سرو انجام شود","garnish_recipe_global_143_121_ee99f013|garnish_recipe_global_143_122_fef6d7d8|garnish_recipe_global_143_123_a69d6cde|garnish_recipe_global_143_124_ce358cac|garnish_recipe_global_143_125_d0851524|garnish_recipe_global_143_126_038964de|garnish_recipe_global_143_127_380e9b65|garnish_recipe_global_143_128_7b502579|garnish_recipe_global_143_129_0a9a316a|garnish_recipe_global_143_130_c4a5fa79|garnish_recipe_global_143_131_e8f2c6f0|garnish_recipe_global_143_132_32880128|garnish_recipe_global_143_133_b9eae9ad|garnish_recipe_global_143_134_b4cc12b5|garnish_recipe_global_143_135_2919e78e|garnish_recipe_global_143_136_0ebb92f9|garnish_recipe_global_143_137_6a99342c|garnish_recipe_global_143_138_ce0f10ba|garnish_recipe_global_143_139_91cb38b4|garnish_recipe_global_143_140_78d46576|garnish_recipe_global_143_141_12664fc7|garnish_recipe_global_143_142_bd27951b|garnish_recipe_global_143_143_6060b21f"
"23","نشانه اصلی، بافت درست بخش پایه و غلظت مناسب سس یا پایه غذاست","garnish_recipe_global_143_121_ee99f013|garnish_recipe_global_143_122_fef6d7d8|garnish_recipe_global_143_123_a69d6cde|garnish_recipe_global_143_124_ce358cac|garnish_recipe_global_143_125_d0851524|garnish_recipe_global_143_126_038964de|garnish_recipe_global_143_127_380e9b65|garnish_recipe_global_143_128_7b502579|garnish_recipe_global_143_129_0a9a316a|garnish_recipe_global_143_130_c4a5fa79|garnish_recipe_global_143_131_e8f2c6f0|garnish_recipe_global_143_132_32880128|garnish_recipe_global_143_133_b9eae9ad|garnish_recipe_global_143_134_b4cc12b5|garnish_recipe_global_143_135_2919e78e|garnish_recipe_global_143_136_0ebb92f9|garnish_recipe_global_143_137_6a99342c|garnish_recipe_global_143_138_ce0f10ba|garnish_recipe_global_143_139_91cb38b4|garnish_recipe_global_143_140_78d46576|garnish_recipe_global_143_141_12664fc7|garnish_recipe_global_143_142_bd27951b|garnish_recipe_global_143_143_6060b21f"
"23","جایگزین‌ها فقط وقتی استفاده شوند که نقش اصلی ماده حفظ شود","garnish_recipe_global_143_121_ee99f013|garnish_recipe_global_143_122_fef6d7d8|garnish_recipe_global_143_123_a69d6cde|garnish_recipe_global_143_124_ce358cac|garnish_recipe_global_143_125_d0851524|garnish_recipe_global_143_126_038964de|garnish_recipe_global_143_127_380e9b65|garnish_recipe_global_143_128_7b502579|garnish_recipe_global_143_129_0a9a316a|garnish_recipe_global_143_130_c4a5fa79|garnish_recipe_global_143_131_e8f2c6f0|garnish_recipe_global_143_132_32880128|garnish_recipe_global_143_133_b9eae9ad|garnish_recipe_global_143_134_b4cc12b5|garnish_recipe_global_143_135_2919e78e|garnish_recipe_global_143_136_0ebb92f9|garnish_recipe_global_143_137_6a99342c|garnish_recipe_global_143_138_ce0f10ba|garnish_recipe_global_143_139_91cb38b4|garnish_recipe_global_143_140_78d46576|garnish_recipe_global_143_141_12664fc7|garnish_recipe_global_143_142_bd27951b|garnish_recipe_global_143_143_6060b21f"
"23","برای نسخه ملایم‌تر، مقدار فلفل و ادویه تند را کم کنید","garnish_recipe_global_143_121_ee99f013|garnish_recipe_global_143_122_fef6d7d8|garnish_recipe_global_143_123_a69d6cde|garnish_recipe_global_143_124_ce358cac|garnish_recipe_global_143_125_d0851524|garnish_recipe_global_143_126_038964de|garnish_recipe_global_143_127_380e9b65|garnish_recipe_global_143_128_7b502579|garnish_recipe_global_143_129_0a9a316a|garnish_recipe_global_143_130_c4a5fa79|garnish_recipe_global_143_131_e8f2c6f0|garnish_recipe_global_143_132_32880128|garnish_recipe_global_143_133_b9eae9ad|garnish_recipe_global_143_134_b4cc12b5|garnish_recipe_global_143_135_2919e78e|garnish_recipe_global_143_136_0ebb92f9|garnish_recipe_global_143_137_6a99342c|garnish_recipe_global_143_138_ce0f10ba|garnish_recipe_global_143_139_91cb38b4|garnish_recipe_global_143_140_78d46576|garnish_recipe_global_143_141_12664fc7|garnish_recipe_global_143_142_bd27951b|garnish_recipe_global_143_143_6060b21f"
"23","نکته خرید: تخم‌مرغ تازه با پوسته سالم انتخاب کنید","garnish_recipe_fa_177_c8caf164|garnish_recipe_global_143_042_f549dcd3|garnish_recipe_global_143_049_9785e6eb|garnish_recipe_global_143_056_c9972b5b|garnish_recipe_global_143_063_b14ec21c|garnish_recipe_global_143_067_843321b7|garnish_recipe_global_143_068_2f672fa4|garnish_recipe_global_143_070_eaf9a5f5|garnish_recipe_global_143_073_99c342ec|garnish_recipe_global_143_075_83dba9bf|garnish_recipe_global_143_077_de99681c|garnish_recipe_global_143_079_060db242|garnish_recipe_global_143_106_6371564f|garnish_recipe_global_143_117_be424535|garnish_recipe_intl_011_5a1d0ef8|garnish_recipe_intl_026_b9f5a392|garnish_recipe_intl_041_cd57d47e|garnish_recipe_intl_044_2e127ee1|garnish_recipe_intl_047_f6cbcbb5|garnish_recipe_intl_060_9fe40da5|garnish_recipe_intl_119_9dd64dfc|garnish_recipe_intl_145_098dd406|garnish_recipe_intl_146_5a7a3b3f"
"23","در پایان قبل از سرو مزه را دوباره تنظیم کنید","garnish_recipe_global_143_121_ee99f013|garnish_recipe_global_143_122_fef6d7d8|garnish_recipe_global_143_123_a69d6cde|garnish_recipe_global_143_124_ce358cac|garnish_recipe_global_143_125_d0851524|garnish_recipe_global_143_126_038964de|garnish_recipe_global_143_127_380e9b65|garnish_recipe_global_143_128_7b502579|garnish_recipe_global_143_129_0a9a316a|garnish_recipe_global_143_130_c4a5fa79|garnish_recipe_global_143_131_e8f2c6f0|garnish_recipe_global_143_132_32880128|garnish_recipe_global_143_133_b9eae9ad|garnish_recipe_global_143_134_b4cc12b5|garnish_recipe_global_143_135_2919e78e|garnish_recipe_global_143_136_0ebb92f9|garnish_recipe_global_143_137_6a99342c|garnish_recipe_global_143_138_ce0f10ba|garnish_recipe_global_143_139_91cb38b4|garnish_recipe_global_143_140_78d46576|garnish_recipe_global_143_141_12664fc7|garnish_recipe_global_143_142_bd27951b|garnish_recipe_global_143_143_6060b21f"
"23","حرارت را با نشانه‌های ظاهری غذا تنظیم کنید","garnish_recipe_global_143_121_ee99f013|garnish_recipe_global_143_122_fef6d7d8|garnish_recipe_global_143_123_a69d6cde|garnish_recipe_global_143_124_ce358cac|garnish_recipe_global_143_125_d0851524|garnish_recipe_global_143_126_038964de|garnish_recipe_global_143_127_380e9b65|garnish_recipe_global_143_128_7b502579|garnish_recipe_global_143_129_0a9a316a|garnish_recipe_global_143_130_c4a5fa79|garnish_recipe_global_143_131_e8f2c6f0|garnish_recipe_global_143_132_32880128|garnish_recipe_global_143_133_b9eae9ad|garnish_recipe_global_143_134_b4cc12b5|garnish_recipe_global_143_135_2919e78e|garnish_recipe_global_143_136_0ebb92f9|garnish_recipe_global_143_137_6a99342c|garnish_recipe_global_143_138_ce0f10ba|garnish_recipe_global_143_139_91cb38b4|garnish_recipe_global_143_140_78d46576|garnish_recipe_global_143_141_12664fc7|garnish_recipe_global_143_142_bd27951b|garnish_recipe_global_143_143_6060b21f"
"23","حرارت بیش از حد، بافت و مزه را خراب می‌کند","garnish_recipe_global_143_121_ee99f013|garnish_recipe_global_143_122_fef6d7d8|garnish_recipe_global_143_123_a69d6cde|garnish_recipe_global_143_124_ce358cac|garnish_recipe_global_143_125_d0851524|garnish_recipe_global_143_126_038964de|garnish_recipe_global_143_127_380e9b65|garnish_recipe_global_143_128_7b502579|garnish_recipe_global_143_129_0a9a316a|garnish_recipe_global_143_130_c4a5fa79|garnish_recipe_global_143_131_e8f2c6f0|garnish_recipe_global_143_132_32880128|garnish_recipe_global_143_133_b9eae9ad|garnish_recipe_global_143_134_b4cc12b5|garnish_recipe_global_143_135_2919e78e|garnish_recipe_global_143_136_0ebb92f9|garnish_recipe_global_143_137_6a99342c|garnish_recipe_global_143_138_ce0f10ba|garnish_recipe_global_143_139_91cb38b4|garnish_recipe_global_143_140_78d46576|garnish_recipe_global_143_141_12664fc7|garnish_recipe_global_143_142_bd27951b|garnish_recipe_global_143_143_6060b21f"
"23","سرو دیرهنگام، کیفیت بافت را پایین می‌آورد","garnish_recipe_global_143_121_ee99f013|garnish_recipe_global_143_122_fef6d7d8|garnish_recipe_global_143_123_a69d6cde|garnish_recipe_global_143_124_ce358cac|garnish_recipe_global_143_125_d0851524|garnish_recipe_global_143_126_038964de|garnish_recipe_global_143_127_380e9b65|garnish_recipe_global_143_128_7b502579|garnish_recipe_global_143_129_0a9a316a|garnish_recipe_global_143_130_c4a5fa79|garnish_recipe_global_143_131_e8f2c6f0|garnish_recipe_global_143_132_32880128|garnish_recipe_global_143_133_b9eae9ad|garnish_recipe_global_143_134_b4cc12b5|garnish_recipe_global_143_135_2919e78e|garnish_recipe_global_143_136_0ebb92f9|garnish_recipe_global_143_137_6a99342c|garnish_recipe_global_143_138_ce0f10ba|garnish_recipe_global_143_139_91cb38b4|garnish_recipe_global_143_140_78d46576|garnish_recipe_global_143_141_12664fc7|garnish_recipe_global_143_142_bd27951b|garnish_recipe_global_143_143_6060b21f"
"23","اضافه کردن مایع زیاد، غذا را آبکی می‌کند","garnish_recipe_global_143_121_ee99f013|garnish_recipe_global_143_122_fef6d7d8|garnish_recipe_global_143_123_a69d6cde|garnish_recipe_global_143_124_ce358cac|garnish_recipe_global_143_125_d0851524|garnish_recipe_global_143_126_038964de|garnish_recipe_global_143_127_380e9b65|garnish_recipe_global_143_128_7b502579|garnish_recipe_global_143_129_0a9a316a|garnish_recipe_global_143_130_c4a5fa79|garnish_recipe_global_143_131_e8f2c6f0|garnish_recipe_global_143_132_32880128|garnish_recipe_global_143_133_b9eae9ad|garnish_recipe_global_143_134_b4cc12b5|garnish_recipe_global_143_135_2919e78e|garnish_recipe_global_143_136_0ebb92f9|garnish_recipe_global_143_137_6a99342c|garnish_recipe_global_143_138_ce0f10ba|garnish_recipe_global_143_139_91cb38b4|garnish_recipe_global_143_140_78d46576|garnish_recipe_global_143_141_12664fc7|garnish_recipe_global_143_142_bd27951b|garnish_recipe_global_143_143_6060b21f"
"23","مواد را قبل از شروع آماده کنید","garnish_recipe_global_143_121_ee99f013|garnish_recipe_global_143_122_fef6d7d8|garnish_recipe_global_143_123_a69d6cde|garnish_recipe_global_143_124_ce358cac|garnish_recipe_global_143_125_d0851524|garnish_recipe_global_143_126_038964de|garnish_recipe_global_143_127_380e9b65|garnish_recipe_global_143_128_7b502579|garnish_recipe_global_143_129_0a9a316a|garnish_recipe_global_143_130_c4a5fa79|garnish_recipe_global_143_131_e8f2c6f0|garnish_recipe_global_143_132_32880128|garnish_recipe_global_143_133_b9eae9ad|garnish_recipe_global_143_134_b4cc12b5|garnish_recipe_global_143_135_2919e78e|garnish_recipe_global_143_136_0ebb92f9|garnish_recipe_global_143_137_6a99342c|garnish_recipe_global_143_138_ce0f10ba|garnish_recipe_global_143_139_91cb38b4|garnish_recipe_global_143_140_78d46576|garnish_recipe_global_143_141_12664fc7|garnish_recipe_global_143_142_bd27951b|garnish_recipe_global_143_143_6060b21f"
"23","از کجا بفهمم غذا آماده است؟","garnish_recipe_global_143_121_ee99f013|garnish_recipe_global_143_122_fef6d7d8|garnish_recipe_global_143_123_a69d6cde|garnish_recipe_global_143_124_ce358cac|garnish_recipe_global_143_125_d0851524|garnish_recipe_global_143_126_038964de|garnish_recipe_global_143_127_380e9b65|garnish_recipe_global_143_128_7b502579|garnish_recipe_global_143_129_0a9a316a|garnish_recipe_global_143_130_c4a5fa79|garnish_recipe_global_143_131_e8f2c6f0|garnish_recipe_global_143_132_32880128|garnish_recipe_global_143_133_b9eae9ad|garnish_recipe_global_143_134_b4cc12b5|garnish_recipe_global_143_135_2919e78e|garnish_recipe_global_143_136_0ebb92f9|garnish_recipe_global_143_137_6a99342c|garnish_recipe_global_143_138_ce0f10ba|garnish_recipe_global_143_139_91cb38b4|garnish_recipe_global_143_140_78d46576|garnish_recipe_global_143_141_12664fc7|garnish_recipe_global_143_142_bd27951b|garnish_recipe_global_143_143_6060b21f"
"23","2 قاشق غذاخوری (ضروری)","garnish_recipe_fa_105_606b3bee|garnish_recipe_fa_125_31716f89|garnish_recipe_fa_128_80595bf3|garnish_recipe_fa_1562_0d149539|garnish_recipe_fa_166_41ac7f2f|garnish_recipe_fa_1768_7a1c6699|garnish_recipe_fa_177_c8caf164|garnish_recipe_fa_182_37f081ea|garnish_recipe_fa_196_9e48ca8f|garnish_recipe_fa_2056_099d047a|garnish_recipe_intl_017_6bc0bdc6|garnish_recipe_intl_024_ff4dc9ab|garnish_recipe_intl_042_c2aaf822|garnish_recipe_intl_044_2e127ee1|garnish_recipe_intl_050_23b57a98|garnish_recipe_intl_059_1736c8ad|garnish_recipe_intl_083_57ce313d|garnish_recipe_intl_110_d9922059|garnish_recipe_intl_122_2f006614|garnish_recipe_intl_141_16bce5b8|garnish_recipe_intl_142_44b006d6|garnish_recipe_intl_145_098dd406|garnish_recipe_intl_146_5a7a3b3f"
"21","گرم‌کردن: گرم‌کردن ندارد؛ سرد سرو می‌شود","garnish_recipe_fa_1289_dccb626e|garnish_recipe_fa_1510_2d1f8557|garnish_recipe_fa_1513_1e7a7b4f|garnish_recipe_fa_1514_82bb4541|garnish_recipe_fa_1519_9d69f5f1|garnish_recipe_fa_1520_8cec648d|garnish_recipe_fa_1553_fc9a29b8|garnish_recipe_fa_1554_6e31eecc|garnish_recipe_fa_1555_00844d92|garnish_recipe_fa_1563_68a06056|garnish_recipe_fa_1564_e9a872de|garnish_recipe_fa_2039_b49f818c|garnish_recipe_global_143_028_d4b2bfd8|garnish_recipe_global_143_030_4f8b9a24|garnish_recipe_global_143_031_1302a859|garnish_recipe_global_143_032_0bd00218|garnish_recipe_global_143_033_4844ee49|garnish_recipe_global_143_035_10b9f67b|garnish_recipe_global_143_037_976fda08|garnish_recipe_global_143_038_c723f599|garnish_recipe_intl_138_4f5d8e11"
"20","از نظر کیفی، این غذا را باید با مواد اصلی، اندازهٔ وعده، روش پخت و همراه‌های سرو سنجید، نه با ادعای درمانی یا رژیمی","garnish_recipe_global_143_041_33abbd3b|garnish_recipe_global_143_042_f549dcd3|garnish_recipe_global_143_046_b111554d|garnish_recipe_global_143_050_8a9f951a|garnish_recipe_global_143_051_3e8df432|garnish_recipe_global_143_057_6f8924e9|garnish_recipe_global_143_062_f288b067|garnish_recipe_global_143_065_c4cb085e|garnish_recipe_global_143_067_843321b7|garnish_recipe_global_143_070_eaf9a5f5|garnish_recipe_global_143_072_62482f8c|garnish_recipe_global_143_073_99c342ec|garnish_recipe_global_143_075_83dba9bf|garnish_recipe_global_143_079_060db242|garnish_recipe_global_143_081_a178a755|garnish_recipe_global_143_082_4a659652|garnish_recipe_global_143_093_bf5fab4c|garnish_recipe_global_143_094_ebb15b77|garnish_recipe_global_143_095_65c4e5ac|garnish_recipe_global_143_109_3275e597"
"20","این توضیح برای درک عمومی ترکیب غذاست و با اندازهٔ سهم، مقدار روغن یا همراه‌های سرو تغییر می‌کند","garnish_recipe_fa_114_4d182f15|garnish_recipe_fa_124_c0616f8d|garnish_recipe_fa_193_35a54c20|garnish_recipe_fa_91_a3224405|garnish_recipe_intl_006_0abe82db|garnish_recipe_intl_011_5a1d0ef8|garnish_recipe_intl_013_4bcde1bc|garnish_recipe_intl_015_bd5b6369|garnish_recipe_intl_035_d46eacaf|garnish_recipe_intl_041_cd57d47e|garnish_recipe_intl_045_88dbb554|garnish_recipe_intl_073_b02d8fd5|garnish_recipe_intl_076_aee6a297|garnish_recipe_intl_082_7d443f56|garnish_recipe_intl_093_1d61d86b|garnish_recipe_intl_096_697dba10|garnish_recipe_intl_126_dc234f18|garnish_recipe_intl_130_95dea58b|garnish_recipe_intl_135_6e8e303d|garnish_recipe_intl_149_71c64832"
"20","باید همان نقش را داشته باشد؛ اگر مطمئن نیستید حذف یا تعویض نکنید","garnish_recipe_fa_111_4cb37a1a|garnish_recipe_fa_1196_6cbbd3af|garnish_recipe_fa_1214_189349a1|garnish_recipe_fa_121_b6f01192|garnish_recipe_fa_1250_cb9a971c|garnish_recipe_fa_1272_b3180a59|garnish_recipe_fa_1332_682d694b|garnish_recipe_fa_1496_5705c3de|garnish_recipe_fa_1547_eade852f|garnish_recipe_fa_1751_cd7bc7b8|garnish_recipe_fa_1762_ecb03b4e|garnish_recipe_fa_185_c892351b|garnish_recipe_fa_2014_249aa268|garnish_recipe_fa_2018_2572b935|garnish_recipe_fa_2032_c2aacc2c|garnish_recipe_fa_2099_2ce15e17|garnish_recipe_intl_022_ac4d3143|garnish_recipe_intl_039_29544b7d|garnish_recipe_intl_064_1aa2311f|garnish_recipe_intl_144_5774ae78"
"20","عدد کالری مشخصی برای نمایش وجود ندارد؛ عدد تازه‌ای ساخته نمی‌شود","garnish_recipe_global_143_041_33abbd3b|garnish_recipe_global_143_042_f549dcd3|garnish_recipe_global_143_046_b111554d|garnish_recipe_global_143_050_8a9f951a|garnish_recipe_global_143_051_3e8df432|garnish_recipe_global_143_057_6f8924e9|garnish_recipe_global_143_062_f288b067|garnish_recipe_global_143_065_c4cb085e|garnish_recipe_global_143_067_843321b7|garnish_recipe_global_143_070_eaf9a5f5|garnish_recipe_global_143_072_62482f8c|garnish_recipe_global_143_073_99c342ec|garnish_recipe_global_143_075_83dba9bf|garnish_recipe_global_143_079_060db242|garnish_recipe_global_143_081_a178a755|garnish_recipe_global_143_082_4a659652|garnish_recipe_global_143_093_bf5fab4c|garnish_recipe_global_143_094_ebb15b77|garnish_recipe_global_143_095_65c4e5ac|garnish_recipe_global_143_109_3275e597"
"20","اگر دانه‌ای است، تازه و خشک باشد؛ اگر شربتی است، بوی کهنگی ندهد","garnish_recipe_fa_1510_2d1f8557|garnish_recipe_fa_1513_1e7a7b4f|garnish_recipe_fa_1514_82bb4541|garnish_recipe_fa_1519_9d69f5f1|garnish_recipe_fa_1520_8cec648d|garnish_recipe_fa_1554_6e31eecc|garnish_recipe_fa_1555_00844d92|garnish_recipe_fa_1563_68a06056|garnish_recipe_fa_2039_b49f818c|garnish_recipe_global_143_026_e631bbb6|garnish_recipe_global_143_027_355acc01|garnish_recipe_global_143_028_d4b2bfd8|garnish_recipe_global_143_029_c3687330|garnish_recipe_global_143_030_4f8b9a24|garnish_recipe_global_143_032_0bd00218|garnish_recipe_global_143_033_4844ee49|garnish_recipe_global_143_035_10b9f67b|garnish_recipe_global_143_036_bc4e7808|garnish_recipe_global_143_037_976fda08|garnish_recipe_global_143_038_c723f599"
"20","نمک دریا با دانه ریز ممکن است؛ مقدار را با شوری آن هماهنگ کنید","garnish_recipe_global_143_002_5f663504|garnish_recipe_global_143_003_e6033f62|garnish_recipe_global_143_021_7cee5181|garnish_recipe_global_143_041_33abbd3b|garnish_recipe_global_143_042_f549dcd3|garnish_recipe_global_143_045_c37fb32d|garnish_recipe_global_143_046_b111554d|garnish_recipe_global_143_050_8a9f951a|garnish_recipe_global_143_057_6f8924e9|garnish_recipe_global_143_059_1049b27a|garnish_recipe_global_143_069_28c65edb|garnish_recipe_global_143_070_eaf9a5f5|garnish_recipe_global_143_074_7b07ce2a|garnish_recipe_global_143_075_83dba9bf|garnish_recipe_global_143_076_72b1d9d1|garnish_recipe_global_143_093_bf5fab4c|garnish_recipe_global_143_099_2a8c35d1|garnish_recipe_global_143_107_dbd1eb92|garnish_recipe_global_143_112_ea1e7e26|garnish_recipe_global_143_120_8da4e4b0"
"19","نکته خرید: سفت، تازه و بدون لکه یا پژمردگی انتخاب کنید","garnish_recipe_fa_100_ce2b0c24|garnish_recipe_fa_102_1994bb32|garnish_recipe_fa_1059_32ca5280|garnish_recipe_fa_107_5765c9eb|garnish_recipe_fa_108_441adb29|garnish_recipe_fa_109_7c2e92a0|garnish_recipe_fa_125_31716f89|garnish_recipe_fa_1297_aaa24704|garnish_recipe_fa_87_b75c560e|garnish_recipe_fa_97_b033ed16|garnish_recipe_intl_001_a95ca931|garnish_recipe_intl_005_1bc32e70|garnish_recipe_intl_020_a0837273|garnish_recipe_intl_059_1736c8ad|garnish_recipe_intl_079_bc51f8e5|garnish_recipe_intl_121_c6d25626|garnish_recipe_intl_141_16bce5b8|garnish_recipe_intl_142_44b006d6|garnish_recipe_intl_150_951c615d"
"19","نکته خرید: فلفل تازه‌آسیاب عطر بیشتری دارد","garnish_recipe_fa_142_3215f0b5|garnish_recipe_fa_166_41ac7f2f|garnish_recipe_fa_191_de46bbb6|garnish_recipe_fa_196_9e48ca8f|garnish_recipe_fa_85_575ccb7a|garnish_recipe_fa_88_c20a5f8b|garnish_recipe_global_143_049_9785e6eb|garnish_recipe_intl_030_16d9e454|garnish_recipe_intl_054_7d3ead5b|garnish_recipe_intl_060_9fe40da5|garnish_recipe_intl_083_57ce313d|garnish_recipe_intl_097_428092c3|garnish_recipe_intl_102_44ec3a0b|garnish_recipe_intl_104_f1da6144|garnish_recipe_intl_105_f093f056|garnish_recipe_intl_107_41491dea|garnish_recipe_intl_114_6e7c743d|garnish_recipe_intl_119_9dd64dfc|garnish_recipe_intl_137_46d41946"
"18","نکته خرید: شکر خشک و دانه‌ریز انتخاب کنید تا سریع حل شود","garnish_recipe_global_143_015_39a2f209|garnish_recipe_global_143_019_c41b07d2|garnish_recipe_global_143_020_0b2a0961|garnish_recipe_global_143_021_7cee5181|garnish_recipe_global_143_041_33abbd3b|garnish_recipe_global_143_044_051125e5|garnish_recipe_global_143_047_8830766d|garnish_recipe_global_143_063_b14ec21c|garnish_recipe_global_143_068_2f672fa4|garnish_recipe_global_143_069_28c65edb|garnish_recipe_global_143_070_eaf9a5f5|garnish_recipe_global_143_073_99c342ec|garnish_recipe_global_143_074_7b07ce2a|garnish_recipe_global_143_076_72b1d9d1|garnish_recipe_global_143_081_a178a755|garnish_recipe_global_143_082_4a659652|garnish_recipe_global_143_095_65c4e5ac|garnish_recipe_global_143_096_0e548c27"
"18","به‌مزه (حدود ۱ قاشق چای‌خوری)","garnish_recipe_fa_101_877a41d3|garnish_recipe_fa_1052_8bde566e|garnish_recipe_fa_1072_b55bdfe7|garnish_recipe_fa_1208_434b3a9a|garnish_recipe_fa_1225_159208a2|garnish_recipe_fa_1261_99e02971|garnish_recipe_fa_1270_70cc3cff|garnish_recipe_fa_1279_e3e99c0f|garnish_recipe_fa_1290_f5fc285f|garnish_recipe_fa_1307_4401749e|garnish_recipe_fa_1323_cf6bcb5c|garnish_recipe_fa_2071_5391bddf|garnish_recipe_fa_2079_5543499b|garnish_recipe_fa_2090_ea20119c|garnish_recipe_fa_878_85458912|garnish_recipe_fa_880_6164abab|garnish_recipe_fa_98_601bddc6|garnish_recipe_intl_057_64cc7ff7"
"17","⏲ آماده‌سازی زودهنگام: پایه شربت یا میوه خردشده را می‌توان زودتر آماده کرد؛ یخ و مواد حساس را نزدیک سرو اضافه کن","garnish_recipe_fa_1510_2d1f8557|garnish_recipe_fa_1513_1e7a7b4f|garnish_recipe_fa_1514_82bb4541|garnish_recipe_fa_1519_9d69f5f1|garnish_recipe_fa_1520_8cec648d|garnish_recipe_fa_1553_fc9a29b8|garnish_recipe_fa_1554_6e31eecc|garnish_recipe_fa_1555_00844d92|garnish_recipe_fa_1563_68a06056|garnish_recipe_fa_1564_e9a872de|garnish_recipe_fa_2039_b49f818c|garnish_recipe_global_143_030_4f8b9a24|garnish_recipe_global_143_031_1302a859|garnish_recipe_global_143_032_0bd00218|garnish_recipe_global_143_033_4844ee49|garnish_recipe_global_143_035_10b9f67b|garnish_recipe_global_143_038_c723f599"
"17","یخچال: پایه بدون یخ معمولاً تا ۲۴ ساعت در یخچال بهتر می‌ماند؛ نوشیدنی گازدار یا نعناعی را فوری مصرف کن","garnish_recipe_fa_1510_2d1f8557|garnish_recipe_fa_1513_1e7a7b4f|garnish_recipe_fa_1514_82bb4541|garnish_recipe_fa_1519_9d69f5f1|garnish_recipe_fa_1520_8cec648d|garnish_recipe_fa_1553_fc9a29b8|garnish_recipe_fa_1554_6e31eecc|garnish_recipe_fa_1555_00844d92|garnish_recipe_fa_1563_68a06056|garnish_recipe_fa_1564_e9a872de|garnish_recipe_fa_2039_b49f818c|garnish_recipe_global_143_030_4f8b9a24|garnish_recipe_global_143_031_1302a859|garnish_recipe_global_143_032_0bd00218|garnish_recipe_global_143_033_4844ee49|garnish_recipe_global_143_035_10b9f67b|garnish_recipe_global_143_038_c723f599"
"17","بخش‌های خشک یا پایه را می‌توان آماده کرد، اما ترکیب نهایی بهتر است نزدیک زمان سرو انجام شود","garnish_recipe_global_143_024_194514e6|garnish_recipe_global_143_025_7119c557|garnish_recipe_global_143_026_e631bbb6|garnish_recipe_global_143_027_355acc01|garnish_recipe_global_143_028_d4b2bfd8|garnish_recipe_global_143_029_c3687330|garnish_recipe_global_143_030_4f8b9a24|garnish_recipe_global_143_031_1302a859|garnish_recipe_global_143_032_0bd00218|garnish_recipe_global_143_033_4844ee49|garnish_recipe_global_143_034_51a63c81|garnish_recipe_global_143_035_10b9f67b|garnish_recipe_global_143_036_bc4e7808|garnish_recipe_global_143_037_976fda08|garnish_recipe_global_143_038_c723f599|garnish_recipe_global_143_039_d8dc5a96|garnish_recipe_global_143_040_dcfd7c46"
"17","❄ فریز: فریز فقط برای تکه‌های میوه مناسب است، نه نوشیدنی کامل","garnish_recipe_fa_1510_2d1f8557|garnish_recipe_fa_1513_1e7a7b4f|garnish_recipe_fa_1514_82bb4541|garnish_recipe_fa_1519_9d69f5f1|garnish_recipe_fa_1520_8cec648d|garnish_recipe_fa_1553_fc9a29b8|garnish_recipe_fa_1554_6e31eecc|garnish_recipe_fa_1555_00844d92|garnish_recipe_fa_1563_68a06056|garnish_recipe_fa_1564_e9a872de|garnish_recipe_fa_2039_b49f818c|garnish_recipe_global_143_030_4f8b9a24|garnish_recipe_global_143_031_1302a859|garnish_recipe_global_143_032_0bd00218|garnish_recipe_global_143_033_4844ee49|garnish_recipe_global_143_035_10b9f67b|garnish_recipe_global_143_038_c723f599"
"17","جایگزین فقط وقتی پیشنهاد می‌شود که هویت اصلی غذا حفظ شود","garnish_recipe_global_143_024_194514e6|garnish_recipe_global_143_025_7119c557|garnish_recipe_global_143_026_e631bbb6|garnish_recipe_global_143_027_355acc01|garnish_recipe_global_143_028_d4b2bfd8|garnish_recipe_global_143_029_c3687330|garnish_recipe_global_143_030_4f8b9a24|garnish_recipe_global_143_031_1302a859|garnish_recipe_global_143_032_0bd00218|garnish_recipe_global_143_033_4844ee49|garnish_recipe_global_143_034_51a63c81|garnish_recipe_global_143_035_10b9f67b|garnish_recipe_global_143_036_bc4e7808|garnish_recipe_global_143_037_976fda08|garnish_recipe_global_143_038_c723f599|garnish_recipe_global_143_039_d8dc5a96|garnish_recipe_global_143_040_dcfd7c46"
"17","نکته خرید: پیاز سفت و بدون جوانه بخرید","garnish_recipe_global_143_014_8a86b8a0|garnish_recipe_global_143_045_c37fb32d|garnish_recipe_global_143_049_9785e6eb|garnish_recipe_global_143_094_ebb15b77|garnish_recipe_global_143_098_0f8fbedd|garnish_recipe_global_143_099_2a8c35d1|garnish_recipe_global_143_100_da23be37|garnish_recipe_global_143_102_36229b49|garnish_recipe_global_143_110_9b1cffdd|garnish_recipe_global_143_112_ea1e7e26|garnish_recipe_global_143_114_cc474629|garnish_recipe_global_143_118_67f4b795|garnish_recipe_global_143_119_e71710d8|garnish_recipe_intl_060_9fe40da5|garnish_recipe_intl_102_44ec3a0b|garnish_recipe_intl_119_9dd64dfc|garnish_recipe_intl_122_2f006614"
"17","آیا می‌شود مواد را از قبل آماده کرد؟","garnish_recipe_global_143_024_194514e6|garnish_recipe_global_143_025_7119c557|garnish_recipe_global_143_026_e631bbb6|garnish_recipe_global_143_027_355acc01|garnish_recipe_global_143_028_d4b2bfd8|garnish_recipe_global_143_029_c3687330|garnish_recipe_global_143_030_4f8b9a24|garnish_recipe_global_143_031_1302a859|garnish_recipe_global_143_032_0bd00218|garnish_recipe_global_143_033_4844ee49|garnish_recipe_global_143_034_51a63c81|garnish_recipe_global_143_035_10b9f67b|garnish_recipe_global_143_036_bc4e7808|garnish_recipe_global_143_037_976fda08|garnish_recipe_global_143_038_c723f599|garnish_recipe_global_143_039_d8dc5a96|garnish_recipe_global_143_040_dcfd7c46"
"17","مهم‌ترین نشانه آماده بودن چیست؟","garnish_recipe_global_143_024_194514e6|garnish_recipe_global_143_025_7119c557|garnish_recipe_global_143_026_e631bbb6|garnish_recipe_global_143_027_355acc01|garnish_recipe_global_143_028_d4b2bfd8|garnish_recipe_global_143_029_c3687330|garnish_recipe_global_143_030_4f8b9a24|garnish_recipe_global_143_031_1302a859|garnish_recipe_global_143_032_0bd00218|garnish_recipe_global_143_033_4844ee49|garnish_recipe_global_143_034_51a63c81|garnish_recipe_global_143_035_10b9f67b|garnish_recipe_global_143_036_bc4e7808|garnish_recipe_global_143_037_976fda08|garnish_recipe_global_143_038_c723f599|garnish_recipe_global_143_039_d8dc5a96|garnish_recipe_global_143_040_dcfd7c46"
"17","1 قاشق غذاخوری (ضروری)","garnish_recipe_fa_128_80595bf3|garnish_recipe_fa_1562_0d149539|garnish_recipe_fa_1747_23e0a898|garnish_recipe_intl_001_a95ca931|garnish_recipe_intl_017_6bc0bdc6|garnish_recipe_intl_024_ff4dc9ab|garnish_recipe_intl_047_f6cbcbb5|garnish_recipe_intl_050_23b57a98|garnish_recipe_intl_051_38dcc2df|garnish_recipe_intl_067_995a81a6|garnish_recipe_intl_075_adf77e6a|garnish_recipe_intl_079_bc51f8e5|garnish_recipe_intl_085_31af330d|garnish_recipe_intl_107_41491dea|garnish_recipe_intl_110_d9922059|garnish_recipe_intl_122_2f006614|garnish_recipe_intl_150_951c615d"
"17","3 قاشق غذاخوری (ضروری)","garnish_recipe_fa_105_606b3bee|garnish_recipe_fa_128_80595bf3|garnish_recipe_fa_1747_23e0a898|garnish_recipe_fa_182_37f081ea|garnish_recipe_fa_183_6fb2ab4a|garnish_recipe_fa_184_e616db37|garnish_recipe_fa_191_de46bbb6|garnish_recipe_fa_196_9e48ca8f|garnish_recipe_intl_017_6bc0bdc6|garnish_recipe_intl_042_c2aaf822|garnish_recipe_intl_047_f6cbcbb5|garnish_recipe_intl_050_23b57a98|garnish_recipe_intl_067_995a81a6|garnish_recipe_intl_107_41491dea|garnish_recipe_intl_119_9dd64dfc|garnish_recipe_intl_145_098dd406|garnish_recipe_intl_146_5a7a3b3f"
"16","نکته خرید: نمک خشک و یکنواخت استفاده کنید تا مقداردهی قابل کنترل باشد","garnish_recipe_fa_122_dc5bb310|garnish_recipe_fa_130_45602c10|garnish_recipe_fa_167_fc027a91|garnish_recipe_fa_1706_34be3c2d|garnish_recipe_global_143_005_6deeb347|garnish_recipe_global_143_011_0fce0e09|garnish_recipe_global_143_016_1e4df1c0|garnish_recipe_global_143_022_a1009be1|garnish_recipe_global_143_052_fd0a302b|garnish_recipe_intl_003_5ed6583e|garnish_recipe_intl_072_60d498d9|garnish_recipe_intl_100_b2b7f06b|garnish_recipe_intl_103_ab3619d0|garnish_recipe_intl_131_76428aa8|garnish_recipe_intl_134_a0dcc7ea|garnish_recipe_intl_147_bb62e7e1"
"16","ing_lamb_meat_raw→ing_button_mushroom_raw","garnish_recipe_fa_101_877a41d3|garnish_recipe_fa_1052_8bde566e|garnish_recipe_fa_1053_29566b67|garnish_recipe_fa_110_847e93ad|garnish_recipe_fa_1237_3dff9aba|garnish_recipe_fa_1251_3f83f105|garnish_recipe_fa_1276_cdef73d2|garnish_recipe_fa_1290_f5fc285f|garnish_recipe_fa_129_5d8a7866|garnish_recipe_fa_154_cdfcadf7|garnish_recipe_fa_164_8367ec24|garnish_recipe_fa_168_8b2d9b86|garnish_recipe_fa_170_44f0d2ad|garnish_recipe_fa_95_0962d2a9|garnish_recipe_fa_98_601bddc6|garnish_recipe_fa_99_14f1018b"
"16","نقش مکمل در طعم، بافت یا تعادل این دستور","garnish_recipe_fa_1196_6cbbd3af|garnish_recipe_fa_1214_189349a1|garnish_recipe_fa_121_b6f01192|garnish_recipe_fa_1250_cb9a971c|garnish_recipe_fa_1272_b3180a59|garnish_recipe_fa_1332_682d694b|garnish_recipe_fa_1496_5705c3de|garnish_recipe_fa_1547_eade852f|garnish_recipe_fa_1751_cd7bc7b8|garnish_recipe_fa_1762_ecb03b4e|garnish_recipe_fa_185_c892351b|garnish_recipe_fa_2014_249aa268|garnish_recipe_fa_2018_2572b935|garnish_recipe_fa_2032_c2aacc2c|garnish_recipe_fa_2099_2ce15e17|garnish_recipe_intl_064_1aa2311f"
"16","روغن مایع خنثی دیگر با تحمل حرارت مشابه","garnish_recipe_fa_100_ce2b0c24|garnish_recipe_fa_102_1994bb32|garnish_recipe_fa_1059_32ca5280|garnish_recipe_fa_107_5765c9eb|garnish_recipe_fa_108_441adb29|garnish_recipe_fa_109_7c2e92a0|garnish_recipe_fa_125_31716f89|garnish_recipe_fa_1297_aaa24704|garnish_recipe_fa_184_e616db37|garnish_recipe_fa_97_b033ed16|garnish_recipe_intl_001_a95ca931|garnish_recipe_intl_005_1bc32e70|garnish_recipe_intl_020_a0837273|garnish_recipe_intl_059_1736c8ad|garnish_recipe_intl_079_bc51f8e5|garnish_recipe_intl_121_c6d25626"
"16","ملایم‌تر و کمی شیرین‌تر","garnish_recipe_fa_103_066b318c|garnish_recipe_fa_1053_29566b67|garnish_recipe_fa_1276_cdef73d2|garnish_recipe_fa_1290_f5fc285f|garnish_recipe_fa_1315_c324442d|garnish_recipe_fa_1323_cf6bcb5c|garnish_recipe_fa_1325_87da9b04|garnish_recipe_fa_1334_8963bd85|garnish_recipe_fa_133_139b05e2|garnish_recipe_fa_1342_ce4a8da3|garnish_recipe_fa_164_8367ec24|garnish_recipe_fa_1816_dec0afbb|garnish_recipe_fa_2035_e1080e79|garnish_recipe_fa_875_f2ddeb1c|garnish_recipe_intl_046_0c90256b|garnish_recipe_intl_077_40b61937"
"16","گوشت چرخ‌کرده گوسفند","garnish_recipe_fa_1071_6e0696a6|garnish_recipe_fa_112_9764d4aa|garnish_recipe_fa_1195_4b547f19|garnish_recipe_fa_1197_73204fa8|garnish_recipe_fa_1252_3d200c70|garnish_recipe_fa_1262_9f42258a|garnish_recipe_fa_1323_cf6bcb5c|garnish_recipe_fa_139_012333bd|garnish_recipe_fa_1767_4e6ed616|garnish_recipe_fa_235_3d02f3ae|garnish_recipe_fa_864_37673192|garnish_recipe_fa_866_9986ddf5|garnish_recipe_fa_872_529097b4|garnish_recipe_fa_875_f2ddeb1c|garnish_recipe_fa_883_4b80bbcf|garnish_recipe_intl_077_40b61937"
"15","چاشنی و تنظیم‌کنندهٔ مزه؛ در بعضی خمیرها ساختار را هم کنترل می‌کند","garnish_recipe_fa_111_4cb37a1a|garnish_recipe_fa_1196_6cbbd3af|garnish_recipe_fa_1214_189349a1|garnish_recipe_fa_121_b6f01192|garnish_recipe_fa_1250_cb9a971c|garnish_recipe_fa_1272_b3180a59|garnish_recipe_fa_1332_682d694b|garnish_recipe_fa_1751_cd7bc7b8|garnish_recipe_fa_1762_ecb03b4e|garnish_recipe_fa_2014_249aa268|garnish_recipe_fa_2018_2572b935|garnish_recipe_fa_2032_c2aacc2c|garnish_recipe_intl_022_ac4d3143|garnish_recipe_intl_039_29544b7d|garnish_recipe_intl_064_1aa2311f"
"15","نکته خرید: فلفل تازه‌آسیاب عطر روشن‌تری دارد","garnish_recipe_fa_122_dc5bb310|garnish_recipe_fa_124_c0616f8d|garnish_recipe_fa_167_fc027a91|garnish_recipe_fa_1706_34be3c2d|garnish_recipe_fa_91_a3224405|garnish_recipe_global_143_022_a1009be1|garnish_recipe_intl_003_5ed6583e|garnish_recipe_intl_011_5a1d0ef8|garnish_recipe_intl_012_46d4828e|garnish_recipe_intl_072_60d498d9|garnish_recipe_intl_093_1d61d86b|garnish_recipe_intl_096_697dba10|garnish_recipe_intl_103_ab3619d0|garnish_recipe_intl_134_a0dcc7ea|garnish_recipe_intl_147_bb62e7e1"
"15","نکته خرید: نمک یکنواخت و تمیز استفاده کنید","garnish_recipe_fa_166_41ac7f2f|garnish_recipe_fa_191_de46bbb6|garnish_recipe_fa_196_9e48ca8f|garnish_recipe_fa_85_575ccb7a|garnish_recipe_fa_88_c20a5f8b|garnish_recipe_intl_047_f6cbcbb5|garnish_recipe_intl_060_9fe40da5|garnish_recipe_intl_083_57ce313d|garnish_recipe_intl_102_44ec3a0b|garnish_recipe_intl_105_f093f056|garnish_recipe_intl_107_41491dea|garnish_recipe_intl_114_6e7c743d|garnish_recipe_intl_119_9dd64dfc|garnish_recipe_intl_122_2f006614|garnish_recipe_intl_137_46d41946"
"15","❄ فریز: فریز مناسب نیست","garnish_recipe_fa_1289_dccb626e|garnish_recipe_global_143_010_8626885f|garnish_recipe_global_143_016_1e4df1c0|garnish_recipe_global_143_022_a1009be1|garnish_recipe_global_143_024_194514e6|garnish_recipe_global_143_025_7119c557|garnish_recipe_global_143_026_e631bbb6|garnish_recipe_global_143_027_355acc01|garnish_recipe_global_143_029_c3687330|garnish_recipe_global_143_034_51a63c81|garnish_recipe_global_143_036_bc4e7808|garnish_recipe_global_143_129_0a9a316a|garnish_recipe_global_143_143_6060b21f|garnish_recipe_intl_029_0cafb54c|garnish_recipe_intl_138_4f5d8e11"
"15","گوشت چرخ‌کرده بوقلمون","garnish_recipe_fa_1071_6e0696a6|garnish_recipe_fa_112_9764d4aa|garnish_recipe_fa_1195_4b547f19|garnish_recipe_fa_1252_3d200c70|garnish_recipe_fa_1262_9f42258a|garnish_recipe_fa_1323_cf6bcb5c|garnish_recipe_fa_139_012333bd|garnish_recipe_fa_1767_4e6ed616|garnish_recipe_fa_235_3d02f3ae|garnish_recipe_fa_864_37673192|garnish_recipe_fa_866_9986ddf5|garnish_recipe_fa_872_529097b4|garnish_recipe_fa_875_f2ddeb1c|garnish_recipe_fa_883_4b80bbcf|garnish_recipe_intl_077_40b61937"
"14","حدود ۱ قاشق چای‌خوری (به‌مزه)","garnish_recipe_fa_103_066b318c|garnish_recipe_fa_1051_68dd60e0|garnish_recipe_fa_1220_6429319c|garnish_recipe_fa_1224_c65df148|garnish_recipe_fa_1237_3dff9aba|garnish_recipe_fa_1291_b4dad1f1|garnish_recipe_fa_1315_c324442d|garnish_recipe_fa_1333_db68905d|garnish_recipe_fa_170_44f0d2ad|garnish_recipe_fa_190_49162ac2|garnish_recipe_fa_2035_e1080e79|garnish_recipe_fa_90_85d9aaf0|garnish_recipe_fa_99_14f1018b|garnish_recipe_intl_038_16764713"
"13","برای نوشیدنی سرد آب کاملاً سرد، برای دم‌آوری آب تازه و بی‌بو استفاده کن","garnish_recipe_global_143_024_194514e6|garnish_recipe_global_143_025_7119c557|garnish_recipe_global_143_026_e631bbb6|garnish_recipe_global_143_027_355acc01|garnish_recipe_global_143_028_d4b2bfd8|garnish_recipe_global_143_030_4f8b9a24|garnish_recipe_global_143_031_1302a859|garnish_recipe_global_143_033_4844ee49|garnish_recipe_global_143_034_51a63c81|garnish_recipe_global_143_035_10b9f67b|garnish_recipe_global_143_036_bc4e7808|garnish_recipe_global_143_037_976fda08|garnish_recipe_global_143_038_c723f599"
"13","چربیِ پخت؛ عطر را حمل می‌کند و سطح را برشته یا لطیف می‌سازد","garnish_recipe_fa_111_4cb37a1a|garnish_recipe_fa_121_b6f01192|garnish_recipe_fa_1272_b3180a59|garnish_recipe_fa_1332_682d694b|garnish_recipe_fa_1496_5705c3de|garnish_recipe_fa_1547_eade852f|garnish_recipe_fa_2014_249aa268|garnish_recipe_fa_2018_2572b935|garnish_recipe_fa_2099_2ce15e17|garnish_recipe_intl_022_ac4d3143|garnish_recipe_intl_039_29544b7d|garnish_recipe_intl_064_1aa2311f|garnish_recipe_intl_144_5774ae78"
"13","نکته خرید: پیاز سفت و بدون جوانه انتخاب کنید","garnish_recipe_fa_114_4d182f15|garnish_recipe_fa_1562_0d149539|garnish_recipe_fa_193_35a54c20|garnish_recipe_intl_008_df43915b|garnish_recipe_intl_013_4bcde1bc|garnish_recipe_intl_016_a22d4b1d|garnish_recipe_intl_024_ff4dc9ab|garnish_recipe_intl_030_16d9e454|garnish_recipe_intl_044_2e127ee1|garnish_recipe_intl_045_88dbb554|garnish_recipe_intl_076_aee6a297|garnish_recipe_intl_097_428092c3|garnish_recipe_intl_130_95dea58b"
"13","نکته خرید: نمک تمیز و یکنواخت استفاده کنید","garnish_recipe_fa_105_606b3bee|garnish_recipe_fa_142_3215f0b5|garnish_recipe_fa_1562_0d149539|garnish_recipe_intl_008_df43915b|garnish_recipe_intl_023_bc7c6f90|garnish_recipe_intl_024_ff4dc9ab|garnish_recipe_intl_026_b9f5a392|garnish_recipe_intl_030_16d9e454|garnish_recipe_intl_044_2e127ee1|garnish_recipe_intl_054_7d3ead5b|garnish_recipe_intl_067_995a81a6|garnish_recipe_intl_075_adf77e6a|garnish_recipe_intl_097_428092c3"
"13","فلفل سفید مزه متفاوتی می‌دهد","garnish_recipe_fa_142_3215f0b5|garnish_recipe_fa_191_de46bbb6|garnish_recipe_fa_196_9e48ca8f|garnish_recipe_fa_85_575ccb7a|garnish_recipe_fa_88_c20a5f8b|garnish_recipe_intl_030_16d9e454|garnish_recipe_intl_054_7d3ead5b|garnish_recipe_intl_083_57ce313d|garnish_recipe_intl_097_428092c3|garnish_recipe_intl_104_f1da6144|garnish_recipe_intl_105_f093f056|garnish_recipe_intl_114_6e7c743d|garnish_recipe_intl_137_46d41946"
"13","مقدار: 1 قاشق چای‌خوری","garnish_recipe_fa_113_2a1debd0|garnish_recipe_fa_79_792d1196|garnish_recipe_intl_004_e65ccfe3|garnish_recipe_intl_007_34f16382|garnish_recipe_intl_012_46d4828e|garnish_recipe_intl_028_ecdcc65f|garnish_recipe_intl_048_5b5471e4|garnish_recipe_intl_069_b980b37b|garnish_recipe_intl_070_ef1a1272|garnish_recipe_intl_095_c9024579|garnish_recipe_intl_115_bd72c652|garnish_recipe_intl_117_d8d3d0ac|garnish_recipe_intl_123_e8fa3267"
"12","میوه تازه فصل شیرینی خشک سبک میان‌وعده سرد تابستانی","garnish_recipe_fa_1510_2d1f8557|garnish_recipe_fa_1513_1e7a7b4f|garnish_recipe_fa_1514_82bb4541|garnish_recipe_fa_1519_9d69f5f1|garnish_recipe_fa_1520_8cec648d|garnish_recipe_fa_1553_fc9a29b8|garnish_recipe_fa_1554_6e31eecc|garnish_recipe_fa_1563_68a06056|garnish_recipe_fa_1564_e9a872de|garnish_recipe_fa_2039_b49f818c|garnish_recipe_global_143_030_4f8b9a24|garnish_recipe_global_143_033_4844ee49"
"12","4 قاشق غذاخوری (ضروری)","garnish_recipe_fa_105_606b3bee|garnish_recipe_fa_125_31716f89|garnish_recipe_fa_1562_0d149539|garnish_recipe_fa_1768_7a1c6699|garnish_recipe_intl_029_0cafb54c|garnish_recipe_intl_075_adf77e6a|garnish_recipe_intl_079_bc51f8e5|garnish_recipe_intl_085_31af330d|garnish_recipe_intl_102_44ec3a0b|garnish_recipe_intl_105_f093f056|garnish_recipe_intl_121_c6d25626|garnish_recipe_intl_137_46d41946"
"12","گوشت چرخ‌کردهٔ گوسفند","garnish_recipe_fa_104_7b4ced78|garnish_recipe_fa_1334_8963bd85|garnish_recipe_fa_1341_6b4ba753|garnish_recipe_fa_78_26989900|garnish_recipe_fa_85_575ccb7a|garnish_recipe_fa_86_ffcd0713|garnish_recipe_fa_880_6164abab|garnish_recipe_fa_88_c20a5f8b|garnish_recipe_fa_90_85d9aaf0|garnish_recipe_intl_024_ff4dc9ab|garnish_recipe_intl_038_16764713|garnish_recipe_intl_105_f093f056"
"11","اگر رنگ، کف یا عطر ناگهان تغییر کرد، مرحله را متوقف کن و نسبت دما/زمان را اصلاح کن","garnish_recipe_fa_1289_dccb626e|garnish_recipe_fa_1520_8cec648d|garnish_recipe_global_143_026_e631bbb6|garnish_recipe_global_143_027_355acc01|garnish_recipe_global_143_028_d4b2bfd8|garnish_recipe_global_143_029_c3687330|garnish_recipe_global_143_031_1302a859|garnish_recipe_global_143_033_4844ee49|garnish_recipe_global_143_034_51a63c81|garnish_recipe_global_143_037_976fda08|garnish_recipe_global_143_038_c723f599"
"11","نکته خرید: سس سویای متعادل و نه بیش از حد شور انتخاب کنید","garnish_recipe_global_143_040_dcfd7c46|garnish_recipe_intl_006_0abe82db|garnish_recipe_intl_007_34f16382|garnish_recipe_intl_015_bd5b6369|garnish_recipe_intl_016_a22d4b1d|garnish_recipe_intl_041_cd57d47e|garnish_recipe_intl_073_b02d8fd5|garnish_recipe_intl_104_f1da6144|garnish_recipe_intl_108_d102f5f2|garnish_recipe_intl_126_dc234f18|garnish_recipe_intl_131_76428aa8"
"11","این اطلاعات عمومی آشپزی است، نه توصیه پزشکی","garnish_recipe_fa_121_b6f01192|garnish_recipe_fa_126_76675c2f|garnish_recipe_fa_127_38980a7f|garnish_recipe_fa_1296_5d4fca2c|garnish_recipe_fa_1521_13feed66|garnish_recipe_intl_062_ce31c267|garnish_recipe_intl_063_30b082f3|garnish_recipe_intl_089_91d816cb|garnish_recipe_intl_101_b76754a7|garnish_recipe_intl_112_cb59927d|garnish_recipe_intl_120_ae775732"
"11","ing_ground_beef_raw→ing_ground_lamb_raw","garnish_recipe_fa_1071_6e0696a6|garnish_recipe_fa_1252_3d200c70|garnish_recipe_fa_1262_9f42258a|garnish_recipe_fa_1323_cf6bcb5c|garnish_recipe_fa_1767_4e6ed616|garnish_recipe_fa_235_3d02f3ae|garnish_recipe_fa_864_37673192|garnish_recipe_fa_866_9986ddf5|garnish_recipe_fa_880_6164abab|garnish_recipe_fa_883_4b80bbcf|garnish_recipe_intl_077_40b61937"
"11","فلفلِ تازه‌آسیاب‌شده عطرِ بیشتری دارد","garnish_recipe_fa_1209_7bd0ff68|garnish_recipe_fa_1237_3dff9aba|garnish_recipe_fa_1343_5bf8151c|garnish_recipe_fa_134_34e1816f|garnish_recipe_fa_2049_765e338a|garnish_recipe_fa_235_3d02f3ae|garnish_recipe_fa_868_c97331a5|garnish_recipe_fa_878_85458912|garnish_recipe_fa_880_6164abab|garnish_recipe_fa_90_85d9aaf0|garnish_recipe_fa_93_657f87d7"
"11","واقعی: روغن کانولا یا روغن مایع بی‌بو","garnish_recipe_fa_106_d9e3968a|garnish_recipe_fa_115_ba80ef7c|garnish_recipe_fa_1483_557ee839|garnish_recipe_fa_79_792d1196|garnish_recipe_intl_009_ab044ed1|garnish_recipe_intl_040_7d7b90a1|garnish_recipe_intl_043_fbe26aba|garnish_recipe_intl_074_79385dd1|garnish_recipe_intl_080_5dbc4315|garnish_recipe_intl_108_d102f5f2|garnish_recipe_intl_109_997edbdb"
"11","چاشنی معطر برای تیزی و تعادل پایانی","garnish_recipe_fa_1196_6cbbd3af|garnish_recipe_fa_1214_189349a1|garnish_recipe_fa_121_b6f01192|garnish_recipe_fa_1250_cb9a971c|garnish_recipe_fa_1272_b3180a59|garnish_recipe_fa_1751_cd7bc7b8|garnish_recipe_fa_1762_ecb03b4e|garnish_recipe_fa_2018_2572b935|garnish_recipe_fa_2032_c2aacc2c|garnish_recipe_intl_039_29544b7d|garnish_recipe_intl_144_5774ae78"
"11","۵ قاشق چای‌خوری (به‌مزه)","garnish_recipe_fa_119_2a846a21|garnish_recipe_fa_129_5d8a7866|garnish_recipe_fa_139_012333bd|garnish_recipe_fa_154_cdfcadf7|garnish_recipe_fa_161_b79bdd11|garnish_recipe_fa_164_8367ec24|garnish_recipe_fa_168_8b2d9b86|garnish_recipe_fa_864_37673192|garnish_recipe_fa_868_c97331a5|garnish_recipe_fa_95_0962d2a9|garnish_recipe_intl_127_65e78281"
"11","25 قاشق چای‌خوری (ضروری)","garnish_recipe_intl_001_a95ca931|garnish_recipe_intl_059_1736c8ad|garnish_recipe_intl_060_9fe40da5|garnish_recipe_intl_079_bc51f8e5|garnish_recipe_intl_083_57ce313d|garnish_recipe_intl_102_44ec3a0b|garnish_recipe_intl_105_f093f056|garnish_recipe_intl_114_6e7c743d|garnish_recipe_intl_121_c6d25626|garnish_recipe_intl_141_16bce5b8|garnish_recipe_intl_142_44b006d6"
"11","مقدار: ۱ قاشق چای‌خوری","garnish_recipe_fa_147_3b1b07c5|garnish_recipe_fa_148_554e136f|garnish_recipe_fa_176_60f55560|garnish_recipe_fa_180_c301e88a|garnish_recipe_fa_2022_ed370352|garnish_recipe_intl_071_48a67e24|garnish_recipe_intl_088_7da35d2c|garnish_recipe_intl_099_594a1fb5|garnish_recipe_intl_124_ee006e03|garnish_recipe_intl_128_22442750|garnish_recipe_intl_139_fb85376e"
"11","چطور بفهمم آماده است؟","garnish_recipe_global_143_021_7cee5181|garnish_recipe_global_143_083_233e9bde|garnish_recipe_global_143_084_87b7230c|garnish_recipe_global_143_085_cb35078b|garnish_recipe_global_143_086_6c72c640|garnish_recipe_global_143_087_3d227836|garnish_recipe_global_143_088_e5346ddb|garnish_recipe_global_143_089_59f271c3|garnish_recipe_global_143_090_6c4df1b6|garnish_recipe_global_143_091_88b57d1e|garnish_recipe_global_143_092_87b53529"
"10","از نظر کیفی، این غذا بسته به مواد اصلی‌اش می‌تواند پروتئین‌محور، نشاسته‌محور یا چرب و مجلسی باشد؛ اندازهٔ سهم و همراه‌های سرو بیشترین اثر را روی سبک یا سنگین شدن وعده دارند","garnish_recipe_global_143_124_ce358cac|garnish_recipe_global_143_128_7b502579|garnish_recipe_global_143_129_0a9a316a|garnish_recipe_global_143_130_c4a5fa79|garnish_recipe_global_143_133_b9eae9ad|garnish_recipe_global_143_137_6a99342c|garnish_recipe_global_143_138_ce0f10ba|garnish_recipe_global_143_140_78d46576|garnish_recipe_global_143_141_12664fc7|garnish_recipe_global_143_142_bd27951b"
"10","راز اصلی این است که ماده مرکزی را زیر سس، پنیر یا رویه دفن نکنید؛ نسبت‌ها باید طوری بمانند که اولین لقمه دقیقاً همین غذا را معرفی کند","meze50_11_crispy-feta-phyllo-bites|meze50_12_feta-herb-stuffed-mini-peppers|meze50_13_turkish-ezme|meze50_14_haydari-yogurt-mint-dip|meze50_15_skordalia-garlic-potato-dip|meze50_16_mushroom-thyme-crostini|meze50_17_fried-mozzarella-bites|meze50_18_dutch-cheese-souffle-bites|meze50_19_chili-cheese-potato-wedges|meze50_20_buffalo-cauliflower-bites"
"10","نان پیتا، کراکر، سبزیجات خام، خیار، گوجه گیلاسی، چیپس پیتا، سالاد کوچک یا کنار چند مزه سرد و گرم دیگر","meze50_11_crispy-feta-phyllo-bites|meze50_12_feta-herb-stuffed-mini-peppers|meze50_13_turkish-ezme|meze50_14_haydari-yogurt-mint-dip|meze50_15_skordalia-garlic-potato-dip|meze50_16_mushroom-thyme-crostini|meze50_17_fried-mozzarella-bites|meze50_18_dutch-cheese-souffle-bites|meze50_19_chili-cheese-potato-wedges|meze50_20_buffalo-cauliflower-bites"
"10","آماده‌سازی زودهنگام: بخش‌های خشک یا پرکن را می‌توان از قبل آماده کرد، اما مونتاژ نزدیک سرو بهتر است","meze50_11_crispy-feta-phyllo-bites|meze50_12_feta-herb-stuffed-mini-peppers|meze50_13_turkish-ezme|meze50_14_haydari-yogurt-mint-dip|meze50_15_skordalia-garlic-potato-dip|meze50_16_mushroom-thyme-crostini|meze50_17_fried-mozzarella-bites|meze50_18_dutch-cheese-souffle-bites|meze50_19_chili-cheese-potato-wedges|meze50_20_buffalo-cauliflower-bites"
"10","گرم‌کردن یا سرو دوباره: غذاهای سرد گرم‌کردن ندارند؛ غذاهای پختنی را با فر یا تابه کوتاه گرم کنید","meze50_11_crispy-feta-phyllo-bites|meze50_12_feta-herb-stuffed-mini-peppers|meze50_13_turkish-ezme|meze50_14_haydari-yogurt-mint-dip|meze50_15_skordalia-garlic-potato-dip|meze50_16_mushroom-thyme-crostini|meze50_17_fried-mozzarella-bites|meze50_18_dutch-cheese-souffle-bites|meze50_19_chili-cheese-potato-wedges|meze50_20_buffalo-cauliflower-bites"
"10","این مزه برای سرو اشتراکی طراحی شده و بهتر است مقدار هر نفر با اندازه لقمه یا قاشق سرو کنترل شود","meze50_11_crispy-feta-phyllo-bites|meze50_12_feta-herb-stuffed-mini-peppers|meze50_13_turkish-ezme|meze50_14_haydari-yogurt-mint-dip|meze50_15_skordalia-garlic-potato-dip|meze50_16_mushroom-thyme-crostini|meze50_17_fried-mozzarella-bites|meze50_18_dutch-cheese-souffle-bites|meze50_19_chili-cheese-potato-wedges|meze50_20_buffalo-cauliflower-bites"
"10","مواد را دو برابر کنید، اما پخت یا مونتاژ را در دو نوبت انجام دهید تا سینی یا کاسه شلوغ نشود","meze50_11_crispy-feta-phyllo-bites|meze50_12_feta-herb-stuffed-mini-peppers|meze50_13_turkish-ezme|meze50_14_haydari-yogurt-mint-dip|meze50_15_skordalia-garlic-potato-dip|meze50_16_mushroom-thyme-crostini|meze50_17_fried-mozzarella-bites|meze50_18_dutch-cheese-souffle-bites|meze50_19_chili-cheese-potato-wedges|meze50_20_buffalo-cauliflower-bites"
"10","این نسخه برای آشپز خانگی نوشته شده و روی نشانه‌های حسی، حرارت درست و زمان استراحت تکیه دارد","garnish_recipe_global_143_083_233e9bde|garnish_recipe_global_143_084_87b7230c|garnish_recipe_global_143_085_cb35078b|garnish_recipe_global_143_086_6c72c640|garnish_recipe_global_143_087_3d227836|garnish_recipe_global_143_088_e5346ddb|garnish_recipe_global_143_089_59f271c3|garnish_recipe_global_143_090_6c4df1b6|garnish_recipe_global_143_091_88b57d1e|garnish_recipe_global_143_092_87b53529"
"10","این عدد برای نمایش عمومی است و با اندازهٔ دقیق سهم و تغییر مقدار روغن یا سس جابه‌جا می‌شود","garnish_recipe_fa_125_31716f89|garnish_recipe_fa_184_e616db37|garnish_recipe_intl_001_a95ca931|garnish_recipe_intl_020_a0837273|garnish_recipe_intl_059_1736c8ad|garnish_recipe_intl_079_bc51f8e5|garnish_recipe_intl_121_c6d25626|garnish_recipe_intl_141_16bce5b8|garnish_recipe_intl_142_44b006d6|garnish_recipe_intl_150_951c615d"
"10","این توضیح برای درک عمومی ترکیب غذاست و با اندازهٔ سهم، روغن یا همراه‌های سرو تغییر می‌کند","garnish_recipe_fa_142_3215f0b5|garnish_recipe_intl_016_a22d4b1d|garnish_recipe_intl_023_bc7c6f90|garnish_recipe_intl_030_16d9e454|garnish_recipe_intl_054_7d3ead5b|garnish_recipe_intl_090_07e88d0b|garnish_recipe_intl_097_428092c3|garnish_recipe_intl_104_f1da6144|garnish_recipe_intl_133_db15257e|garnish_recipe_intl_143_7a372ddf"
"10","ماده شاخص همین دستور را پررنگ نگه دارید و از اضافه‌کردن مواد رسپی نزدیک خودداری کنید","meze50_11_crispy-feta-phyllo-bites|meze50_12_feta-herb-stuffed-mini-peppers|meze50_13_turkish-ezme|meze50_14_haydari-yogurt-mint-dip|meze50_15_skordalia-garlic-potato-dip|meze50_16_mushroom-thyme-crostini|meze50_17_fried-mozzarella-bites|meze50_18_dutch-cheese-souffle-bites|meze50_19_chili-cheese-potato-wedges|meze50_20_buffalo-cauliflower-bites"
"10","نکته خرید: تازه و خوش‌بو انتخاب شود؛ کیفیت ماده در دستورهای ساده بیشتر دیده می‌شود","garnish_recipe_fa_106_d9e3968a|garnish_recipe_fa_115_ba80ef7c|garnish_recipe_fa_1483_557ee839|garnish_recipe_intl_009_ab044ed1|garnish_recipe_intl_040_7d7b90a1|garnish_recipe_intl_043_fbe26aba|garnish_recipe_intl_074_79385dd1|garnish_recipe_intl_080_5dbc4315|garnish_recipe_intl_109_997edbdb|garnish_recipe_intl_138_4f5d8e11"
"10","بخش‌هایی از دستور بله، اما مونتاژ نهایی نزدیک سرو کیفیت بافت را بهتر نگه می‌دارد","meze50_11_crispy-feta-phyllo-bites|meze50_12_feta-herb-stuffed-mini-peppers|meze50_13_turkish-ezme|meze50_14_haydari-yogurt-mint-dip|meze50_15_skordalia-garlic-potato-dip|meze50_16_mushroom-thyme-crostini|meze50_17_fried-mozzarella-bites|meze50_18_dutch-cheese-souffle-bites|meze50_19_chili-cheese-potato-wedges|meze50_20_buffalo-cauliflower-bites"
"10","نکته خرید: نوع خوش‌بو و تازه بگیرید؛ کهنگی در این ماده سریع خودش را نشان می‌دهد","garnish_recipe_fa_100_ce2b0c24|garnish_recipe_fa_102_1994bb32|garnish_recipe_fa_1059_32ca5280|garnish_recipe_fa_107_5765c9eb|garnish_recipe_fa_108_441adb29|garnish_recipe_fa_109_7c2e92a0|garnish_recipe_fa_1297_aaa24704|garnish_recipe_fa_87_b75c560e|garnish_recipe_fa_97_b033ed16|garnish_recipe_intl_005_1bc32e70"
"10","مواد را طبق ترتیب دستور مخلوط کنید؛ هر جا بافت شکل گرفت، بیش از اندازه هم نزنید","garnish_recipe_global_143_083_233e9bde|garnish_recipe_global_143_084_87b7230c|garnish_recipe_global_143_085_cb35078b|garnish_recipe_global_143_086_6c72c640|garnish_recipe_global_143_087_3d227836|garnish_recipe_global_143_088_e5346ddb|garnish_recipe_global_143_089_59f271c3|garnish_recipe_global_143_090_6c4df1b6|garnish_recipe_global_143_091_88b57d1e|garnish_recipe_global_143_092_87b53529"
"10","بو، رنگ و بافت از ساعت مهم‌ترند؛ سطح باید جاافتاده و مرکز بیش از حد شل نباشد","garnish_recipe_global_143_083_233e9bde|garnish_recipe_global_143_084_87b7230c|garnish_recipe_global_143_085_cb35078b|garnish_recipe_global_143_086_6c72c640|garnish_recipe_global_143_087_3d227836|garnish_recipe_global_143_088_e5346ddb|garnish_recipe_global_143_089_59f271c3|garnish_recipe_global_143_090_6c4df1b6|garnish_recipe_global_143_091_88b57d1e|garnish_recipe_global_143_092_87b53529"
"10","رطوبت بخش پایه کنترل نشده؛ خشک‌کردن، آبکش‌کردن یا استراحت سرد را جدی بگیرید","meze50_11_crispy-feta-phyllo-bites|meze50_12_feta-herb-stuffed-mini-peppers|meze50_13_turkish-ezme|meze50_14_haydari-yogurt-mint-dip|meze50_15_skordalia-garlic-potato-dip|meze50_16_mushroom-thyme-crostini|meze50_17_fried-mozzarella-bites|meze50_18_dutch-cheese-souffle-bites|meze50_19_chili-cheese-potato-wedges|meze50_20_buffalo-cauliflower-bites"
"10","فقط همان عنصر تند یا ترش دستور را کم‌وزیاد کنید تا غذا به مسیر دیگری نرود","meze50_11_crispy-feta-phyllo-bites|meze50_12_feta-herb-stuffed-mini-peppers|meze50_13_turkish-ezme|meze50_14_haydari-yogurt-mint-dip|meze50_15_skordalia-garlic-potato-dip|meze50_16_mushroom-thyme-crostini|meze50_17_fried-mozzarella-bites|meze50_18_dutch-cheese-souffle-bites|meze50_19_chili-cheese-potato-wedges|meze50_20_buffalo-cauliflower-bites"
"10","این غذا بر اساس مواد فعلی، سهمی با انرژی و درشت‌مغذی‌های قابل توجه دارد","garnish_recipe_fa_106_d9e3968a|garnish_recipe_fa_115_ba80ef7c|garnish_recipe_fa_1483_557ee839|garnish_recipe_intl_009_ab044ed1|garnish_recipe_intl_040_7d7b90a1|garnish_recipe_intl_043_fbe26aba|garnish_recipe_intl_074_79385dd1|garnish_recipe_intl_080_5dbc4315|garnish_recipe_intl_109_997edbdb|garnish_recipe_intl_138_4f5d8e11"
"10","یخچال: در ظرف دربسته معمولاً 1 تا 2 روز قابل نگه‌داری است، با افت بافت","meze50_11_crispy-feta-phyllo-bites|meze50_12_feta-herb-stuffed-mini-peppers|meze50_13_turkish-ezme|meze50_14_haydari-yogurt-mint-dip|meze50_15_skordalia-garlic-potato-dip|meze50_16_mushroom-thyme-crostini|meze50_17_fried-mozzarella-bites|meze50_18_dutch-cheese-souffle-bites|meze50_19_chili-cheese-potato-wedges|meze50_20_buffalo-cauliflower-bites"
"10","عنصر تعادل‌دهنده مثل لیمو، ماست، عسل یا خامه ترش درست استفاده نشده است","meze50_11_crispy-feta-phyllo-bites|meze50_12_feta-herb-stuffed-mini-peppers|meze50_13_turkish-ezme|meze50_14_haydari-yogurt-mint-dip|meze50_15_skordalia-garlic-potato-dip|meze50_16_mushroom-thyme-crostini|meze50_17_fried-mozzarella-bites|meze50_18_dutch-cheese-souffle-bites|meze50_19_chili-cheese-potato-wedges|meze50_20_buffalo-cauliflower-bites"
"10","قبل از برش یا سرو، کمی زمان بدهید تا بافت جا بیفتد و طعم‌ها آرام شوند","garnish_recipe_global_143_083_233e9bde|garnish_recipe_global_143_084_87b7230c|garnish_recipe_global_143_085_cb35078b|garnish_recipe_global_143_086_6c72c640|garnish_recipe_global_143_087_3d227836|garnish_recipe_global_143_088_e5346ddb|garnish_recipe_global_143_089_59f271c3|garnish_recipe_global_143_090_6c4df1b6|garnish_recipe_global_143_091_88b57d1e|garnish_recipe_global_143_092_87b53529"
"10","شیر تازه و سرد برای نوشیدنی سرد، یا شیر تازه برای گرم‌کردن انتخاب کن","garnish_recipe_fa_1554_6e31eecc|garnish_recipe_fa_1555_00844d92|garnish_recipe_fa_1563_68a06056|garnish_recipe_global_143_025_7119c557|garnish_recipe_global_143_026_e631bbb6|garnish_recipe_global_143_027_355acc01|garnish_recipe_global_143_028_d4b2bfd8|garnish_recipe_global_143_029_c3687330|garnish_recipe_global_143_032_0bd00218|garnish_recipe_global_143_038_c723f599"
"10","اندازه لقمه را برای مهمانی کوچک‌تر کنید، اما ترکیب اصلی را عوض نکنید","meze50_11_crispy-feta-phyllo-bites|meze50_12_feta-herb-stuffed-mini-peppers|meze50_13_turkish-ezme|meze50_14_haydari-yogurt-mint-dip|meze50_15_skordalia-garlic-potato-dip|meze50_16_mushroom-thyme-crostini|meze50_17_fried-mozzarella-bites|meze50_18_dutch-cheese-souffle-bites|meze50_19_chili-cheese-potato-wedges|meze50_20_buffalo-cauliflower-bites"
"10","معمولاً رطوبت کنترل نشده یا مرحله سردکردن/برشته‌کردن کوتاه بوده است","meze50_11_crispy-feta-phyllo-bites|meze50_12_feta-herb-stuffed-mini-peppers|meze50_13_turkish-ezme|meze50_14_haydari-yogurt-mint-dip|meze50_15_skordalia-garlic-potato-dip|meze50_16_mushroom-thyme-crostini|meze50_17_fried-mozzarella-bites|meze50_18_dutch-cheese-souffle-bites|meze50_19_chili-cheese-potato-wedges|meze50_20_buffalo-cauliflower-bites"
"10","فریز: برای اغلب مزه‌های لبنی، سبزیجات خام یا سوخاری پیشنهاد نمی‌شود","meze50_11_crispy-feta-phyllo-bites|meze50_12_feta-herb-stuffed-mini-peppers|meze50_13_turkish-ezme|meze50_14_haydari-yogurt-mint-dip|meze50_15_skordalia-garlic-potato-dip|meze50_16_mushroom-thyme-crostini|meze50_17_fried-mozzarella-bites|meze50_18_dutch-cheese-souffle-bites|meze50_19_chili-cheese-potato-wedges|meze50_20_buffalo-cauliflower-bites"
"10","شدت تندی، ترشی یا شیرینی را در همان چارچوب مواد دستور کم‌وزیاد کنید","meze50_11_crispy-feta-phyllo-bites|meze50_12_feta-herb-stuffed-mini-peppers|meze50_13_turkish-ezme|meze50_14_haydari-yogurt-mint-dip|meze50_15_skordalia-garlic-potato-dip|meze50_16_mushroom-thyme-crostini|meze50_17_fried-mozzarella-bites|meze50_18_dutch-cheese-souffle-bites|meze50_19_chili-cheese-potato-wedges|meze50_20_buffalo-cauliflower-bites"
"10","برای سرو رسمی‌تر، رویه را کم و تمیز نگه دارید تا بافت اصلی دیده شود","meze50_11_crispy-feta-phyllo-bites|meze50_12_feta-herb-stuffed-mini-peppers|meze50_13_turkish-ezme|meze50_14_haydari-yogurt-mint-dip|meze50_15_skordalia-garlic-potato-dip|meze50_16_mushroom-thyme-crostini|meze50_17_fried-mozzarella-bites|meze50_18_dutch-cheese-souffle-bites|meze50_19_chili-cheese-potato-wedges|meze50_20_buffalo-cauliflower-bites"
"10","واقعی: اگر جایگزین هم‌نقش مطمئن ندارید، بهتر است حذف یا تعویض نشود","garnish_recipe_fa_106_d9e3968a|garnish_recipe_fa_115_ba80ef7c|garnish_recipe_fa_1483_557ee839|garnish_recipe_intl_009_ab044ed1|garnish_recipe_intl_040_7d7b90a1|garnish_recipe_intl_043_fbe26aba|garnish_recipe_intl_074_79385dd1|garnish_recipe_intl_080_5dbc4315|garnish_recipe_intl_109_997edbdb|garnish_recipe_intl_138_4f5d8e11"
"10","اندازه یا مقدار پرکن زیاد است؛ لقمه را کوچک‌تر و سفت‌تر بسازید","meze50_11_crispy-feta-phyllo-bites|meze50_12_feta-herb-stuffed-mini-peppers|meze50_13_turkish-ezme|meze50_14_haydari-yogurt-mint-dip|meze50_15_skordalia-garlic-potato-dip|meze50_16_mushroom-thyme-crostini|meze50_17_fried-mozzarella-bites|meze50_18_dutch-cheese-souffle-bites|meze50_19_chili-cheese-potato-wedges|meze50_20_buffalo-cauliflower-bites"
"10","اگر شیرینی زیاد است، کمی چاشنی ترش یا مغز خام تعادل می‌دهد","garnish_recipe_global_143_083_233e9bde|garnish_recipe_global_143_084_87b7230c|garnish_recipe_global_143_085_cb35078b|garnish_recipe_global_143_086_6c72c640|garnish_recipe_global_143_087_3d227836|garnish_recipe_global_143_088_e5346ddb|garnish_recipe_global_143_089_59f271c3|garnish_recipe_global_143_090_6c4df1b6|garnish_recipe_global_143_091_88b57d1e|garnish_recipe_global_143_092_87b53529"
"10","نکته خرید: ادویه و سبزی خشک تازه‌تر، عطر واضح‌تری می‌دهد","garnish_recipe_fa_128_80595bf3|garnish_recipe_fa_1747_23e0a898|garnish_recipe_fa_1768_7a1c6699|garnish_recipe_fa_2056_099d047a|garnish_recipe_intl_029_0cafb54c|garnish_recipe_intl_042_c2aaf822|garnish_recipe_intl_051_38dcc2df|garnish_recipe_intl_055_0182b616|garnish_recipe_intl_085_31af330d|garnish_recipe_intl_110_d9922059"
"10","کمی بله، اما کاهش زیاد روی رنگ، بافت و قوام اثر می‌گذارد","garnish_recipe_global_143_083_233e9bde|garnish_recipe_global_143_084_87b7230c|garnish_recipe_global_143_085_cb35078b|garnish_recipe_global_143_086_6c72c640|garnish_recipe_global_143_087_3d227836|garnish_recipe_global_143_088_e5346ddb|garnish_recipe_global_143_089_59f271c3|garnish_recipe_global_143_090_6c4df1b6|garnish_recipe_global_143_091_88b57d1e|garnish_recipe_global_143_092_87b53529"
"10","مواد خشک و تر را جدا آماده کنید تا هنگام پخت معطل نشوید","garnish_recipe_global_143_083_233e9bde|garnish_recipe_global_143_084_87b7230c|garnish_recipe_global_143_085_cb35078b|garnish_recipe_global_143_086_6c72c640|garnish_recipe_global_143_087_3d227836|garnish_recipe_global_143_088_e5346ddb|garnish_recipe_global_143_089_59f271c3|garnish_recipe_global_143_090_6c4df1b6|garnish_recipe_global_143_091_88b57d1e|garnish_recipe_global_143_092_87b53529"
"10","برای بافت لطیف‌تر، مواد لبنی را خیلی سرد استفاده نکنید","garnish_recipe_global_143_083_233e9bde|garnish_recipe_global_143_084_87b7230c|garnish_recipe_global_143_085_cb35078b|garnish_recipe_global_143_086_6c72c640|garnish_recipe_global_143_087_3d227836|garnish_recipe_global_143_088_e5346ddb|garnish_recipe_global_143_089_59f271c3|garnish_recipe_global_143_090_6c4df1b6|garnish_recipe_global_143_091_88b57d1e|garnish_recipe_global_143_092_87b53529"
"10","اندازه‌گیری دقیق در دسرها مهم‌تر از غذاهای روزمره است","garnish_recipe_global_143_083_233e9bde|garnish_recipe_global_143_084_87b7230c|garnish_recipe_global_143_085_cb35078b|garnish_recipe_global_143_086_6c72c640|garnish_recipe_global_143_087_3d227836|garnish_recipe_global_143_088_e5346ddb|garnish_recipe_global_143_089_59f271c3|garnish_recipe_global_143_090_6c4df1b6|garnish_recipe_global_143_091_88b57d1e|garnish_recipe_global_143_092_87b53529"
"10","حرارت زیاد، بیرون را می‌سوزاند و داخل را خام می‌گذارد","garnish_recipe_global_143_083_233e9bde|garnish_recipe_global_143_084_87b7230c|garnish_recipe_global_143_085_cb35078b|garnish_recipe_global_143_086_6c72c640|garnish_recipe_global_143_087_3d227836|garnish_recipe_global_143_088_e5346ddb|garnish_recipe_global_143_089_59f271c3|garnish_recipe_global_143_090_6c4df1b6|garnish_recipe_global_143_091_88b57d1e|garnish_recipe_global_143_092_87b53529"
"10","در ظرف تمیز، با تزئین ساده و مقدار کنترل‌شده سرو شود","garnish_recipe_global_143_083_233e9bde|garnish_recipe_global_143_084_87b7230c|garnish_recipe_global_143_085_cb35078b|garnish_recipe_global_143_086_6c72c640|garnish_recipe_global_143_087_3d227836|garnish_recipe_global_143_088_e5346ddb|garnish_recipe_global_143_089_59f271c3|garnish_recipe_global_143_090_6c4df1b6|garnish_recipe_global_143_091_88b57d1e|garnish_recipe_global_143_092_87b53529"
"10","نکته خرید: آب تمیز و بدون بوی کلر شدید استفاده کنید","garnish_recipe_global_143_041_33abbd3b|garnish_recipe_global_143_042_f549dcd3|garnish_recipe_global_143_044_051125e5|garnish_recipe_global_143_046_b111554d|garnish_recipe_global_143_049_9785e6eb|garnish_recipe_global_143_063_b14ec21c|garnish_recipe_global_143_075_83dba9bf|garnish_recipe_global_143_079_060db242|garnish_recipe_global_143_081_a178a755|garnish_recipe_global_143_082_4a659652"
"10","کره نمک‌دار فقط با کاهش نمک دستور قابل استفاده است","garnish_recipe_fa_182_37f081ea|garnish_recipe_fa_183_6fb2ab4a|garnish_recipe_fa_85_575ccb7a|garnish_recipe_fa_88_c20a5f8b|garnish_recipe_intl_054_7d3ead5b|garnish_recipe_intl_083_57ce313d|garnish_recipe_intl_090_07e88d0b|garnish_recipe_intl_114_6e7c743d|garnish_recipe_intl_133_db15257e|garnish_recipe_intl_143_7a372ddf"
"10","نکته خرید: کره تازه و بدون بوی یخچال انتخاب کنید","garnish_recipe_fa_182_37f081ea|garnish_recipe_fa_183_6fb2ab4a|garnish_recipe_fa_85_575ccb7a|garnish_recipe_fa_88_c20a5f8b|garnish_recipe_intl_054_7d3ead5b|garnish_recipe_intl_083_57ce313d|garnish_recipe_intl_090_07e88d0b|garnish_recipe_intl_114_6e7c743d|garnish_recipe_intl_133_db15257e|garnish_recipe_intl_143_7a372ddf"
"10","سرو خیلی فوری می‌تواند دسر را شل یا ناپایدار کند","garnish_recipe_global_143_083_233e9bde|garnish_recipe_global_143_084_87b7230c|garnish_recipe_global_143_085_cb35078b|garnish_recipe_global_143_086_6c72c640|garnish_recipe_global_143_087_3d227836|garnish_recipe_global_143_088_e5346ddb|garnish_recipe_global_143_089_59f271c3|garnish_recipe_global_143_090_6c4df1b6|garnish_recipe_global_143_091_88b57d1e|garnish_recipe_global_143_092_87b53529"
"10","عدد کالری برای نمایش فعلی این رسپی ثبت نشده است","garnish_recipe_global_143_124_ce358cac|garnish_recipe_global_143_128_7b502579|garnish_recipe_global_143_129_0a9a316a|garnish_recipe_global_143_130_c4a5fa79|garnish_recipe_global_143_133_b9eae9ad|garnish_recipe_global_143_137_6a99342c|garnish_recipe_global_143_138_ce0f10ba|garnish_recipe_global_143_140_78d46576|garnish_recipe_global_143_141_12664fc7|garnish_recipe_global_143_142_bd27951b"
"10","بیسکویت ساده کیک کم‌شیرین صبحانه یا عصرانه سبک","garnish_recipe_global_143_024_194514e6|garnish_recipe_global_143_025_7119c557|garnish_recipe_global_143_026_e631bbb6|garnish_recipe_global_143_027_355acc01|garnish_recipe_global_143_028_d4b2bfd8|garnish_recipe_global_143_029_c3687330|garnish_recipe_global_143_034_51a63c81|garnish_recipe_global_143_035_10b9f67b|garnish_recipe_global_143_036_bc4e7808|garnish_recipe_global_143_038_c723f599"
"10","حفظ هویت همین دستور در طعم، بافت و فرم سرو","meze50_11_crispy-feta-phyllo-bites|meze50_12_feta-herb-stuffed-mini-peppers|meze50_13_turkish-ezme|meze50_14_haydari-yogurt-mint-dip|meze50_15_skordalia-garlic-potato-dip|meze50_16_mushroom-thyme-crostini|meze50_17_fried-mozzarella-bites|meze50_18_dutch-cheese-souffle-bites|meze50_19_chili-cheese-potato-wedges|meze50_20_buffalo-cauliflower-bites"
"10","نکته خرید: آب تمیز و بدون بو استفاده کنید","garnish_recipe_global_143_012_17b7b915|garnish_recipe_global_143_015_39a2f209|garnish_recipe_global_143_017_5b23f5df|garnish_recipe_global_143_039_d8dc5a96|garnish_recipe_global_143_040_dcfd7c46|garnish_recipe_global_143_045_c37fb32d|garnish_recipe_global_143_069_28c65edb|garnish_recipe_global_143_076_72b1d9d1|garnish_recipe_global_143_078_0b996a59|garnish_recipe_global_143_085_cb35078b"
"10","برش زودهنگام، شکل دسر را خراب می‌کند","garnish_recipe_global_143_083_233e9bde|garnish_recipe_global_143_084_87b7230c|garnish_recipe_global_143_085_cb35078b|garnish_recipe_global_143_086_6c72c640|garnish_recipe_global_143_087_3d227836|garnish_recipe_global_143_088_e5346ddb|garnish_recipe_global_143_089_59f271c3|garnish_recipe_global_143_090_6c4df1b6|garnish_recipe_global_143_091_88b57d1e|garnish_recipe_global_143_092_87b53529"
"10","دسر را قبل از برش کمی استراحت دهید","garnish_recipe_global_143_083_233e9bde|garnish_recipe_global_143_084_87b7230c|garnish_recipe_global_143_085_cb35078b|garnish_recipe_global_143_086_6c72c640|garnish_recipe_global_143_087_3d227836|garnish_recipe_global_143_088_e5346ddb|garnish_recipe_global_143_089_59f271c3|garnish_recipe_global_143_090_6c4df1b6|garnish_recipe_global_143_091_88b57d1e|garnish_recipe_global_143_092_87b53529"
"10","هم‌زدن زیاد، بافت را متراکم می‌کند","garnish_recipe_global_143_083_233e9bde|garnish_recipe_global_143_084_87b7230c|garnish_recipe_global_143_085_cb35078b|garnish_recipe_global_143_086_6c72c640|garnish_recipe_global_143_087_3d227836|garnish_recipe_global_143_088_e5346ddb|garnish_recipe_global_143_089_59f271c3|garnish_recipe_global_143_090_6c4df1b6|garnish_recipe_global_143_091_88b57d1e|garnish_recipe_global_143_092_87b53529"
"10","قبل از شروع، همه مواد را وزن کنید","garnish_recipe_global_143_083_233e9bde|garnish_recipe_global_143_084_87b7230c|garnish_recipe_global_143_085_cb35078b|garnish_recipe_global_143_086_6c72c640|garnish_recipe_global_143_087_3d227836|garnish_recipe_global_143_088_e5346ddb|garnish_recipe_global_143_089_59f271c3|garnish_recipe_global_143_090_6c4df1b6|garnish_recipe_global_143_091_88b57d1e|garnish_recipe_global_143_092_87b53529"
"10","زمان این مرحله حدود 10 دقیقه است","garnish_recipe_global_143_041_33abbd3b|garnish_recipe_global_143_046_b111554d|garnish_recipe_global_143_062_f288b067|garnish_recipe_global_143_065_c4cb085e|garnish_recipe_global_143_072_62482f8c|garnish_recipe_global_143_073_99c342ec|garnish_recipe_global_143_081_a178a755|garnish_recipe_global_143_082_4a659652|garnish_recipe_global_143_095_65c4e5ac|garnish_recipe_global_143_109_3275e597"
"10","ساخت بافت مناسب برای سرو لقمه‌ای","meze50_11_crispy-feta-phyllo-bites|meze50_12_feta-herb-stuffed-mini-peppers|meze50_13_turkish-ezme|meze50_14_haydari-yogurt-mint-dip|meze50_15_skordalia-garlic-potato-dip|meze50_16_mushroom-thyme-crostini|meze50_17_fried-mozzarella-bites|meze50_18_dutch-cheese-souffle-bites|meze50_19_chili-cheese-potato-wedges|meze50_20_buffalo-cauliflower-bites"
"10","هم‌زدن زیاد بافت را سنگین می‌کند","garnish_recipe_global_143_083_233e9bde|garnish_recipe_global_143_084_87b7230c|garnish_recipe_global_143_085_cb35078b|garnish_recipe_global_143_086_6c72c640|garnish_recipe_global_143_087_3d227836|garnish_recipe_global_143_088_e5346ddb|garnish_recipe_global_143_089_59f271c3|garnish_recipe_global_143_090_6c4df1b6|garnish_recipe_global_143_091_88b57d1e|garnish_recipe_global_143_092_87b53529"
"10","آزادکردن عطر بدون تلخ‌کردن مواد","garnish_recipe_fa_1519_9d69f5f1|garnish_recipe_fa_1520_8cec648d|garnish_recipe_fa_1553_fc9a29b8|garnish_recipe_fa_2039_b49f818c|garnish_recipe_global_143_029_c3687330|garnish_recipe_global_143_030_4f8b9a24|garnish_recipe_global_143_031_1302a859|garnish_recipe_global_143_033_4844ee49|garnish_recipe_global_143_035_10b9f67b|garnish_recipe_global_143_037_976fda08"
"10","زمان‌بندی اضافه‌کردن رویه یا سس","meze50_11_crispy-feta-phyllo-bites|meze50_12_feta-herb-stuffed-mini-peppers|meze50_13_turkish-ezme|meze50_14_haydari-yogurt-mint-dip|meze50_15_skordalia-garlic-potato-dip|meze50_16_mushroom-thyme-crostini|meze50_17_fried-mozzarella-bites|meze50_18_dutch-cheese-souffle-bites|meze50_19_chili-cheese-potato-wedges|meze50_20_buffalo-cauliflower-bites"
"10","ابزار مناسب: همان ابزار مرحله","garnish_recipe_fa_106_d9e3968a|garnish_recipe_fa_115_ba80ef7c|garnish_recipe_fa_1483_557ee839|garnish_recipe_intl_009_ab044ed1|garnish_recipe_intl_040_7d7b90a1|garnish_recipe_intl_043_fbe26aba|garnish_recipe_intl_074_79385dd1|garnish_recipe_intl_080_5dbc4315|garnish_recipe_intl_109_997edbdb|garnish_recipe_intl_138_4f5d8e11"
"10","کنترل نسبت پایه و رقیق‌کننده","garnish_recipe_fa_1519_9d69f5f1|garnish_recipe_fa_1520_8cec648d|garnish_recipe_fa_1553_fc9a29b8|garnish_recipe_fa_2039_b49f818c|garnish_recipe_global_143_029_c3687330|garnish_recipe_global_143_030_4f8b9a24|garnish_recipe_global_143_031_1302a859|garnish_recipe_global_143_033_4844ee49|garnish_recipe_global_143_035_10b9f67b|garnish_recipe_global_143_037_976fda08"
"10","سینی یا تابه متناسب با دستور","meze50_11_crispy-feta-phyllo-bites|meze50_12_feta-herb-stuffed-mini-peppers|meze50_13_turkish-ezme|meze50_14_haydari-yogurt-mint-dip|meze50_15_skordalia-garlic-potato-dip|meze50_16_mushroom-thyme-crostini|meze50_17_fried-mozzarella-bites|meze50_18_dutch-cheese-souffle-bites|meze50_19_chili-cheese-potato-wedges|meze50_20_buffalo-cauliflower-bites"
"10","می‌توان مقدار شکر را کم کرد؟","garnish_recipe_global_143_083_233e9bde|garnish_recipe_global_143_084_87b7230c|garnish_recipe_global_143_085_cb35078b|garnish_recipe_global_143_086_6c72c640|garnish_recipe_global_143_087_3d227836|garnish_recipe_global_143_088_e5346ddb|garnish_recipe_global_143_089_59f271c3|garnish_recipe_global_143_090_6c4df1b6|garnish_recipe_global_143_091_88b57d1e|garnish_recipe_global_143_092_87b53529"
"10","غذا به رسپی مشابه نزدیک شده","meze50_11_crispy-feta-phyllo-bites|meze50_12_feta-herb-stuffed-mini-peppers|meze50_13_turkish-ezme|meze50_14_haydari-yogurt-mint-dip|meze50_15_skordalia-garlic-potato-dip|meze50_16_mushroom-thyme-crostini|meze50_17_fried-mozzarella-bites|meze50_18_dutch-cheese-souffle-bites|meze50_19_chili-cheese-potato-wedges|meze50_20_buffalo-cauliflower-bites"
"10","لقمه روی میز تمیز نمی‌ماند","meze50_11_crispy-feta-phyllo-bites|meze50_12_feta-herb-stuffed-mini-peppers|meze50_13_turkish-ezme|meze50_14_haydari-yogurt-mint-dip|meze50_15_skordalia-garlic-potato-dip|meze50_16_mushroom-thyme-crostini|meze50_17_fried-mozzarella-bites|meze50_18_dutch-cheese-souffle-bites|meze50_19_chili-cheese-potato-wedges|meze50_20_buffalo-cauliflower-bites"
"10","حرارت را تدریجی نگه دارید","garnish_recipe_global_143_083_233e9bde|garnish_recipe_global_143_084_87b7230c|garnish_recipe_global_143_085_cb35078b|garnish_recipe_global_143_086_6c72c640|garnish_recipe_global_143_087_3d227836|garnish_recipe_global_143_088_e5346ddb|garnish_recipe_global_143_089_59f271c3|garnish_recipe_global_143_090_6c4df1b6|garnish_recipe_global_143_091_88b57d1e|garnish_recipe_global_143_092_87b53529"
"10","تازه آسیاب‌شده بهتر است","garnish_recipe_fa_104_7b4ced78|garnish_recipe_fa_1051_68dd60e0|garnish_recipe_fa_1208_434b3a9a|garnish_recipe_fa_1215_673014ad|garnish_recipe_fa_1276_cdef73d2|garnish_recipe_fa_1343_5bf8151c|garnish_recipe_fa_161_b79bdd11|garnish_recipe_fa_1808_788119ed|garnish_recipe_fa_78_26989900|garnish_recipe_fa_99_14f1018b"
"10","بی‌دخالت: حدود ۲۰ دقیقه","garnish_recipe_fa_2056_099d047a|garnish_recipe_intl_010_0e45be4c|garnish_recipe_intl_026_b9f5a392|garnish_recipe_intl_033_8acac046|garnish_recipe_intl_042_c2aaf822|garnish_recipe_intl_051_38dcc2df|garnish_recipe_intl_055_0182b616|garnish_recipe_intl_075_adf77e6a|garnish_recipe_intl_079_bc51f8e5|garnish_recipe_intl_095_c9024579"
"10","سرو فوری در بهترین دما","garnish_recipe_fa_1519_9d69f5f1|garnish_recipe_fa_1520_8cec648d|garnish_recipe_fa_1553_fc9a29b8|garnish_recipe_fa_2039_b49f818c|garnish_recipe_global_143_029_c3687330|garnish_recipe_global_143_030_4f8b9a24|garnish_recipe_global_143_031_1302a859|garnish_recipe_global_143_033_4844ee49|garnish_recipe_global_143_035_10b9f67b|garnish_recipe_global_143_037_976fda08"
"10","مقدار: 2 قاشق غذاخوری","garnish_recipe_fa_113_2a1debd0|garnish_recipe_intl_007_34f16382|garnish_recipe_intl_010_0e45be4c|garnish_recipe_intl_036_e0780696|garnish_recipe_intl_048_5b5471e4|garnish_recipe_intl_069_b980b37b|garnish_recipe_intl_078_c3975f3a|garnish_recipe_intl_108_d102f5f2|garnish_recipe_intl_116_c3a0982f|garnish_recipe_intl_123_e8fa3267"
"10","کار با یخ و لیوان سرد","garnish_recipe_fa_1519_9d69f5f1|garnish_recipe_fa_1520_8cec648d|garnish_recipe_fa_1553_fc9a29b8|garnish_recipe_fa_2039_b49f818c|garnish_recipe_global_143_029_c3687330|garnish_recipe_global_143_030_4f8b9a24|garnish_recipe_global_143_031_1302a859|garnish_recipe_global_143_033_4844ee49|garnish_recipe_global_143_035_10b9f67b|garnish_recipe_global_143_037_976fda08"
"10","کنترل رطوبت بخش پایه","meze50_11_crispy-feta-phyllo-bites|meze50_12_feta-herb-stuffed-mini-peppers|meze50_13_turkish-ezme|meze50_14_haydari-yogurt-mint-dip|meze50_15_skordalia-garlic-potato-dip|meze50_16_mushroom-thyme-crostini|meze50_17_fried-mozzarella-bites|meze50_18_dutch-cheese-souffle-bites|meze50_19_chili-cheese-potato-wedges|meze50_20_buffalo-cauliflower-bites"
"10","سرو تمیز روی میز مزه","meze50_11_crispy-feta-phyllo-bites|meze50_12_feta-herb-stuffed-mini-peppers|meze50_13_turkish-ezme|meze50_14_haydari-yogurt-mint-dip|meze50_15_skordalia-garlic-potato-dip|meze50_16_mushroom-thyme-crostini|meze50_17_fried-mozzarella-bites|meze50_18_dutch-cheese-souffle-bites|meze50_19_chili-cheese-potato-wedges|meze50_20_buffalo-cauliflower-bites"
"9","از نظر کیفی، سهم اصلی سیری و انرژی از مواد پایهٔ همین غذا و روش پخت آن می‌آید، بدون ادعای درمانی یا رژیمی","garnish_recipe_global_143_005_6deeb347|garnish_recipe_global_143_007_578cc354|garnish_recipe_global_143_008_22e17e44|garnish_recipe_global_143_009_6df91ec8|garnish_recipe_global_143_010_8626885f|garnish_recipe_global_143_011_0fce0e09|garnish_recipe_global_143_016_1e4df1c0|garnish_recipe_global_143_022_a1009be1|garnish_recipe_global_143_052_fd0a302b"
"9","نکته خرید: تازه، هم‌اندازه و با بوی طبیعی انتخاب کنید؛ چربی متعادل به آبداری کمک می‌کند","garnish_recipe_fa_100_ce2b0c24|garnish_recipe_fa_102_1994bb32|garnish_recipe_fa_1059_32ca5280|garnish_recipe_fa_107_5765c9eb|garnish_recipe_fa_108_441adb29|garnish_recipe_fa_109_7c2e92a0|garnish_recipe_fa_87_b75c560e|garnish_recipe_fa_97_b033ed16|garnish_recipe_intl_005_1bc32e70"
"9","اطلاعات عددی تغذیه‌ای برای این دستور موجود نیست؛ بنابراین عددی ساخته نمی‌شود","garnish_recipe_global_143_005_6deeb347|garnish_recipe_global_143_007_578cc354|garnish_recipe_global_143_008_22e17e44|garnish_recipe_global_143_009_6df91ec8|garnish_recipe_global_143_010_8626885f|garnish_recipe_global_143_011_0fce0e09|garnish_recipe_global_143_016_1e4df1c0|garnish_recipe_global_143_022_a1009be1|garnish_recipe_global_143_052_fd0a302b"
"9","این توضیح فقط برای شناخت کلی ترکیب غذاست و جای توصیهٔ تخصصی تغذیه‌ای نیست","garnish_recipe_fa_1780_c3b8ce04|garnish_recipe_intl_018_2d829900|garnish_recipe_intl_052_a57a621f|garnish_recipe_intl_061_0bfbb206|garnish_recipe_intl_081_d8416e42|garnish_recipe_intl_086_a2184266|garnish_recipe_intl_118_9ecd21c7|garnish_recipe_intl_132_71d57108|garnish_recipe_intl_136_76743d5b"
"9","نکته خرید: نوع خوش‌بو و تازه بگیرید؛ کهنگی عطر را کم و مزه را خاکی می‌کند","garnish_recipe_fa_125_31716f89|garnish_recipe_fa_184_e616db37|garnish_recipe_intl_001_a95ca931|garnish_recipe_intl_020_a0837273|garnish_recipe_intl_059_1736c8ad|garnish_recipe_intl_079_bc51f8e5|garnish_recipe_intl_121_c6d25626|garnish_recipe_intl_141_16bce5b8|garnish_recipe_intl_142_44b006d6"
"9","ریحان یا پونه فقط سبک نوشیدنی را عوض می‌کند؛ جایگزین کامل نیست","garnish_recipe_fa_1289_dccb626e|garnish_recipe_fa_1510_2d1f8557|garnish_recipe_fa_1519_9d69f5f1|garnish_recipe_fa_1520_8cec648d|garnish_recipe_fa_1553_fc9a29b8|garnish_recipe_fa_1564_e9a872de|garnish_recipe_fa_2039_b49f818c|garnish_recipe_global_143_030_4f8b9a24|garnish_recipe_global_143_036_bc4e7808"
"9","نمک دریا با دانه ریز ممکن است؛ مقدار را با شوری آن تنظیم کنید","garnish_recipe_global_143_040_dcfd7c46|garnish_recipe_global_143_049_9785e6eb|garnish_recipe_global_143_060_17a8b6d3|garnish_recipe_global_143_063_b14ec21c|garnish_recipe_global_143_068_2f672fa4|garnish_recipe_global_143_077_de99681c|garnish_recipe_global_143_104_31c06413|garnish_recipe_global_143_113_dcc8b929|garnish_recipe_global_143_117_be424535"
"9","نکته خرید: حبهٔ سفت، سفید و بدون جوانه انتخاب کنید","garnish_recipe_fa_124_c0616f8d|garnish_recipe_fa_193_35a54c20|garnish_recipe_intl_006_0abe82db|garnish_recipe_intl_013_4bcde1bc|garnish_recipe_intl_035_d46eacaf|garnish_recipe_intl_073_b02d8fd5|garnish_recipe_intl_093_1d61d86b|garnish_recipe_intl_126_dc234f18|garnish_recipe_intl_149_71c64832"
"9","نکته خرید: سفت، تازه و بدون لکه یا پژمردگی بخرید","garnish_recipe_fa_1747_23e0a898|garnish_recipe_fa_1768_7a1c6699|garnish_recipe_fa_2056_099d047a|garnish_recipe_intl_029_0cafb54c|garnish_recipe_intl_042_c2aaf822|garnish_recipe_intl_051_38dcc2df|garnish_recipe_intl_055_0182b616|garnish_recipe_intl_085_31af330d|garnish_recipe_intl_110_d9922059"
"9","ing_ground_beef_raw→ing_lentils_dry","garnish_recipe_fa_1195_4b547f19|garnish_recipe_fa_1323_cf6bcb5c|garnish_recipe_fa_1334_8963bd85|garnish_recipe_fa_1767_4e6ed616|garnish_recipe_fa_866_9986ddf5|garnish_recipe_fa_875_f2ddeb1c|garnish_recipe_fa_880_6164abab|garnish_recipe_intl_038_16764713|garnish_recipe_intl_077_40b61937"
"9","پیاز سفید، با شیرینی و رنگ ملایم‌تر","garnish_recipe_fa_100_ce2b0c24|garnish_recipe_fa_102_1994bb32|garnish_recipe_fa_1059_32ca5280|garnish_recipe_fa_107_5765c9eb|garnish_recipe_fa_108_441adb29|garnish_recipe_fa_109_7c2e92a0|garnish_recipe_fa_1297_aaa24704|garnish_recipe_fa_87_b75c560e|garnish_recipe_fa_97_b033ed16"
"9","برگ روشن، سالم و بدون لکه سیاه بگیر","garnish_recipe_fa_1289_dccb626e|garnish_recipe_fa_1510_2d1f8557|garnish_recipe_fa_1519_9d69f5f1|garnish_recipe_fa_1520_8cec648d|garnish_recipe_fa_1553_fc9a29b8|garnish_recipe_fa_1564_e9a872de|garnish_recipe_fa_2039_b49f818c|garnish_recipe_global_143_030_4f8b9a24|garnish_recipe_global_143_036_bc4e7808"
"9","در ظرفِ دربسته در یخچال ۳ تا ۴ روز","garnish_recipe_fa_1235_f91ccc6d|garnish_recipe_fa_1491_0553f941|garnish_recipe_fa_168_8b2d9b86|garnish_recipe_fa_224_c9d0355d|garnish_recipe_fa_78_26989900|garnish_recipe_fa_93_657f87d7|garnish_recipe_fa_95_0962d2a9|garnish_recipe_intl_038_16764713|garnish_recipe_intl_046_0c90256b"
"9","زمان این مرحله حدود 8 دقیقه است","garnish_recipe_global_143_065_c4cb085e|garnish_recipe_global_143_067_843321b7|garnish_recipe_global_143_073_99c342ec|garnish_recipe_global_143_075_83dba9bf|garnish_recipe_global_143_081_a178a755|garnish_recipe_global_143_082_4a659652|garnish_recipe_global_143_093_bf5fab4c|garnish_recipe_global_143_094_ebb15b77|garnish_recipe_global_143_109_3275e597"
"9","ing_potato_raw→ing_carrot_raw","garnish_recipe_fa_1072_b55bdfe7|garnish_recipe_fa_1077_1b3eec19|garnish_recipe_fa_1270_70cc3cff|garnish_recipe_fa_2075_3d9b2098|garnish_recipe_fa_2079_5543499b|garnish_recipe_fa_230_332dd922|garnish_recipe_fa_868_c97331a5|garnish_recipe_fa_95_0962d2a9|garnish_recipe_intl_057_64cc7ff7"
"9","فلفل سفید مزه متفاوت می‌دهد","garnish_recipe_fa_105_606b3bee|garnish_recipe_fa_166_41ac7f2f|garnish_recipe_intl_026_b9f5a392|garnish_recipe_intl_044_2e127ee1|garnish_recipe_intl_060_9fe40da5|garnish_recipe_intl_067_995a81a6|garnish_recipe_intl_102_44ec3a0b|garnish_recipe_intl_107_41491dea|garnish_recipe_intl_119_9dd64dfc"
"9","گوشت چرخ‌کرده گاو خام","garnish_recipe_fa_1196_6cbbd3af|garnish_recipe_fa_866_9986ddf5|garnish_recipe_global_143_049_9785e6eb|garnish_recipe_global_143_099_2a8c35d1|garnish_recipe_global_143_128_7b502579|garnish_recipe_global_143_140_78d46576|garnish_recipe_global_143_141_12664fc7|garnish_recipe_intl_013_4bcde1bc|garnish_recipe_intl_073_b02d8fd5"
"9","نگینی یا نازک خردشده","garnish_recipe_fa_101_877a41d3|garnish_recipe_fa_1052_8bde566e|garnish_recipe_fa_1239_1be04a64|garnish_recipe_fa_1279_e3e99c0f|garnish_recipe_fa_197_dbaa9b9a|garnish_recipe_fa_2054_be491f02|garnish_recipe_fa_224_c9d0355d|garnish_recipe_fa_93_657f87d7|garnish_recipe_fa_98_601bddc6"
"8","برای این دستور عدد کالری قابل نمایش در دادهٔ فعلی وجود ندارد؛ از نظر کیفی، انرژی غذا بیشتر از ترکیب نشاسته/چربی/شیرینی یا پروتئین اصلی آن می‌آید و بهتر است در اندازهٔ سرو کنترل‌شده مصرف شود","garnish_recipe_global_143_043_4f0736e0|garnish_recipe_global_143_048_2f232e7c|garnish_recipe_global_143_054_5c472b48|garnish_recipe_global_143_064_71576bec|garnish_recipe_global_143_066_4fc69a4a|garnish_recipe_global_143_078_0b996a59|garnish_recipe_global_143_080_f488debf|garnish_recipe_global_143_101_f007a227"
"8","این عدد برای نمایش عمومی است و با اندازهٔ سهم و تغییر مقدار روغن، سس یا همراه غذا تغییر می‌کند","garnish_recipe_fa_128_80595bf3|garnish_recipe_fa_2056_099d047a|garnish_recipe_intl_029_0cafb54c|garnish_recipe_intl_042_c2aaf822|garnish_recipe_intl_051_38dcc2df|garnish_recipe_intl_055_0182b616|garnish_recipe_intl_085_31af330d|garnish_recipe_intl_110_d9922059"
"8","نکته خرید: حبه‌های سفت و بدون جوانه انتخاب کنید؛ جوانه سبز تلخی خام دارد","garnish_recipe_global_143_122_fef6d7d8|garnish_recipe_global_143_124_ce358cac|garnish_recipe_global_143_128_7b502579|garnish_recipe_global_143_132_32880128|garnish_recipe_global_143_133_b9eae9ad|garnish_recipe_global_143_138_ce0f10ba|garnish_recipe_global_143_140_78d46576|garnish_recipe_global_143_142_bd27951b"
"8","در ظرفِ دربسته در یخچال (≤۴ درجه) تا ۳ تا ۴ روز","garnish_recipe_fa_1208_434b3a9a|garnish_recipe_fa_1237_3dff9aba|garnish_recipe_fa_131_abd5e2d6|garnish_recipe_fa_134_34e1816f|garnish_recipe_fa_2049_765e338a|garnish_recipe_fa_230_332dd922|garnish_recipe_fa_94_78034c8a|garnish_recipe_intl_027_8a794c67"
"8","یخچال: تا ۳ روز در یخچال در ظرف دربسته می‌ماند","garnish_recipe_global_143_005_6deeb347|garnish_recipe_global_143_011_0fce0e09|garnish_recipe_global_143_094_ebb15b77|garnish_recipe_global_143_108_c446d87d|garnish_recipe_global_143_132_32880128|garnish_recipe_global_143_136_0ebb92f9|garnish_recipe_global_143_140_78d46576|garnish_recipe_intl_072_60d498d9"
"8","نکته خرید: سیر سفت و بدون جوانه سبز بخرید","garnish_recipe_global_143_053_7f9d9df9|garnish_recipe_global_143_097_4fa8c5e5|garnish_recipe_global_143_099_2a8c35d1|garnish_recipe_global_143_100_da23be37|garnish_recipe_global_143_108_c446d87d|garnish_recipe_global_143_114_cc474629|garnish_recipe_global_143_116_d25d42e2|garnish_recipe_global_143_118_67f4b795"
"8","لیمو سنگین، پوست نازک و خوش‌بو انتخاب کن","garnish_recipe_fa_1510_2d1f8557|garnish_recipe_fa_1519_9d69f5f1|garnish_recipe_fa_1520_8cec648d|garnish_recipe_fa_1553_fc9a29b8|garnish_recipe_fa_1564_e9a872de|garnish_recipe_fa_2039_b49f818c|garnish_recipe_global_143_030_4f8b9a24|garnish_recipe_global_143_033_4844ee49"
"8","شالوت یا تره‌فرنگی (هم‌نقشِ پایهٔ معطر)","garnish_recipe_fa_112_9764d4aa|garnish_recipe_fa_1276_cdef73d2|garnish_recipe_fa_1343_5bf8151c|garnish_recipe_fa_228_09a631f3|garnish_recipe_fa_230_332dd922|garnish_recipe_fa_866_9986ddf5|garnish_recipe_fa_93_657f87d7|garnish_recipe_intl_046_0c90256b"
"8","ing_lamb_meat_raw→ing_veal_meat_raw","garnish_recipe_fa_101_877a41d3|garnish_recipe_fa_1215_673014ad|garnish_recipe_fa_1239_1be04a64|garnish_recipe_fa_1251_3f83f105|garnish_recipe_fa_1276_cdef73d2|garnish_recipe_fa_170_44f0d2ad|garnish_recipe_fa_93_657f87d7|garnish_recipe_fa_98_601bddc6"
"8","جایگزین واقعی برای این ساختار ندارد","garnish_recipe_fa_183_6fb2ab4a|garnish_recipe_fa_191_de46bbb6|garnish_recipe_fa_196_9e48ca8f|garnish_recipe_intl_090_07e88d0b|garnish_recipe_intl_114_6e7c743d|garnish_recipe_intl_133_db15257e|garnish_recipe_intl_137_46d41946|garnish_recipe_intl_143_7a372ddf"
"8","یخ شفاف و بدون بوی فریزر استفاده کن","garnish_recipe_global_143_028_d4b2bfd8|garnish_recipe_global_143_030_4f8b9a24|garnish_recipe_global_143_031_1302a859|garnish_recipe_global_143_032_0bd00218|garnish_recipe_global_143_033_4844ee49|garnish_recipe_global_143_035_10b9f67b|garnish_recipe_global_143_037_976fda08|garnish_recipe_global_143_038_c723f599"
"8","جایگزین واقعی در این دستور ندارد","garnish_recipe_fa_177_c8caf164|garnish_recipe_intl_026_b9f5a392|garnish_recipe_intl_044_2e127ee1|garnish_recipe_intl_047_f6cbcbb5|garnish_recipe_intl_060_9fe40da5|garnish_recipe_intl_119_9dd64dfc|garnish_recipe_intl_145_098dd406|garnish_recipe_intl_146_5a7a3b3f"
"8","زمان این مرحله حدود 12 دقیقه است","garnish_recipe_global_143_046_b111554d|garnish_recipe_global_143_057_6f8924e9|garnish_recipe_global_143_065_c4cb085e|garnish_recipe_global_143_070_eaf9a5f5|garnish_recipe_global_143_072_62482f8c|garnish_recipe_global_143_073_99c342ec|garnish_recipe_global_143_075_83dba9bf|garnish_recipe_global_143_081_a178a755"
"8","فلفل تازه‌آسیاب عطر بیشتری دارد","garnish_recipe_fa_1071_6e0696a6|garnish_recipe_fa_1261_99e02971|garnish_recipe_fa_1315_c324442d|garnish_recipe_fa_1808_788119ed|garnish_recipe_fa_2028_1932b5ee|garnish_recipe_fa_2064_b5a2a37a|garnish_recipe_fa_862_dbf3d4d5|garnish_recipe_fa_883_4b80bbcf"
"8","زمان این مرحله حدود 5 دقیقه است","garnish_recipe_global_143_042_f549dcd3|garnish_recipe_global_143_062_f288b067|garnish_recipe_global_143_067_843321b7|garnish_recipe_global_143_070_eaf9a5f5|garnish_recipe_global_143_072_62482f8c|garnish_recipe_global_143_075_83dba9bf|garnish_recipe_global_143_079_060db242|garnish_recipe_global_143_109_3275e597"
"8","رنده‌شده یا ریز خردشده","garnish_recipe_fa_104_7b4ced78|garnish_recipe_fa_1279_e3e99c0f|garnish_recipe_fa_131_abd5e2d6|garnish_recipe_fa_1334_8963bd85|garnish_recipe_fa_1342_ce4a8da3|garnish_recipe_fa_1743_005c3739|garnish_recipe_fa_1820_41034bbe|garnish_recipe_fa_2054_be491f02"
"8","واقعی: نمک دریایی ریز","garnish_recipe_fa_106_d9e3968a|garnish_recipe_fa_115_ba80ef7c|garnish_recipe_intl_009_ab044ed1|garnish_recipe_intl_040_7d7b90a1|garnish_recipe_intl_043_fbe26aba|garnish_recipe_intl_088_7da35d2c|garnish_recipe_intl_109_997edbdb|garnish_recipe_intl_111_248a08a4"
"7","⏲ آماده‌سازی زودهنگام: پایه خشک یا مواد را از قبل آماده کن؛ خود نوشیدنی گرم بهتر است همان لحظه ساخته شود","garnish_recipe_global_143_024_194514e6|garnish_recipe_global_143_025_7119c557|garnish_recipe_global_143_026_e631bbb6|garnish_recipe_global_143_027_355acc01|garnish_recipe_global_143_029_c3687330|garnish_recipe_global_143_034_51a63c81|garnish_recipe_global_143_036_bc4e7808"
"7","نکته خرید: پیاز سفت، سنگین و بدون جوانه انتخاب کنید؛ پیاز جوانه‌زده تندی نامطلوب می‌دهد","garnish_recipe_fa_124_c0616f8d|garnish_recipe_fa_91_a3224405|garnish_recipe_intl_011_5a1d0ef8|garnish_recipe_intl_035_d46eacaf|garnish_recipe_intl_041_cd57d47e|garnish_recipe_intl_093_1d61d86b|garnish_recipe_intl_096_697dba10"
"7","گرم‌کردن: گرم‌کردن دوباره فقط با حرارت ملایم ممکن است، اما کیفیت فنجان تازه را ندارد","garnish_recipe_global_143_024_194514e6|garnish_recipe_global_143_025_7119c557|garnish_recipe_global_143_026_e631bbb6|garnish_recipe_global_143_027_355acc01|garnish_recipe_global_143_029_c3687330|garnish_recipe_global_143_034_51a63c81|garnish_recipe_global_143_036_bc4e7808"
"7","پیاز سفید یا زرد بسته به غذا نزدیک است؛ حذف آن عمق سس یا مایه را کم می‌کند","garnish_recipe_fa_124_c0616f8d|garnish_recipe_fa_91_a3224405|garnish_recipe_intl_011_5a1d0ef8|garnish_recipe_intl_035_d46eacaf|garnish_recipe_intl_041_cd57d47e|garnish_recipe_intl_093_1d61d86b|garnish_recipe_intl_096_697dba10"
"7","نکته خرید: تازه و خوش‌بو انتخاب کنید و به تاریخ مصرف و بافت سالم دقت کنید","garnish_recipe_fa_1747_23e0a898|garnish_recipe_fa_1768_7a1c6699|garnish_recipe_intl_042_c2aaf822|garnish_recipe_intl_051_38dcc2df|garnish_recipe_intl_055_0182b616|garnish_recipe_intl_085_31af330d|garnish_recipe_intl_110_d9922059"
"7","یخچال: ماندن نوشیدنی آماده در یخچال پیشنهاد نمی‌شود؛ عطر و کف افت می‌کند","garnish_recipe_global_143_024_194514e6|garnish_recipe_global_143_025_7119c557|garnish_recipe_global_143_026_e631bbb6|garnish_recipe_global_143_027_355acc01|garnish_recipe_global_143_029_c3687330|garnish_recipe_global_143_034_51a63c81|garnish_recipe_global_143_036_bc4e7808"
"7","نمک دریا با دانه ریز قابل استفاده است؛ مقدار را با شوری آن هماهنگ کنید","garnish_recipe_global_143_012_17b7b915|garnish_recipe_global_143_014_8a86b8a0|garnish_recipe_global_143_015_39a2f209|garnish_recipe_global_143_019_c41b07d2|garnish_recipe_global_143_020_0b2a0961|garnish_recipe_global_143_053_7f9d9df9|garnish_recipe_global_143_102_36229b49"
"7","شکر قهوه‌ای عطر ملاس می‌دهد و در همهٔ این دستورها جایگزین بی‌اثر نیست","garnish_recipe_global_143_017_5b23f5df|garnish_recipe_global_143_023_07bead9c|garnish_recipe_global_143_085_cb35078b|garnish_recipe_global_143_086_6c72c640|garnish_recipe_global_143_087_3d227836|garnish_recipe_global_143_090_6c4df1b6|garnish_recipe_global_143_092_87b53529"
"7","نکته خرید: تکه‌های تازه و هم‌اندازه انتخاب کنید تا پخت یکنواخت بماند","garnish_recipe_fa_106_d9e3968a|garnish_recipe_fa_115_ba80ef7c|garnish_recipe_intl_040_7d7b90a1|garnish_recipe_intl_074_79385dd1|garnish_recipe_intl_080_5dbc4315|garnish_recipe_intl_109_997edbdb|garnish_recipe_intl_138_4f5d8e11"
"7","نکته خرید: نمک یکنواخت و خشک استفاده کنید تا مقداردهی دقیق‌تر باشد","garnish_recipe_fa_124_c0616f8d|garnish_recipe_fa_91_a3224405|garnish_recipe_intl_011_5a1d0ef8|garnish_recipe_intl_035_d46eacaf|garnish_recipe_intl_093_1d61d86b|garnish_recipe_intl_096_697dba10|garnish_recipe_intl_126_dc234f18"
"7","نکته خرید: کره تازه و بی‌بو بخرید؛ کره شور کنترل نمک را سخت می‌کند","garnish_recipe_global_143_049_9785e6eb|garnish_recipe_global_143_056_c9972b5b|garnish_recipe_global_143_063_b14ec21c|garnish_recipe_global_143_068_2f672fa4|garnish_recipe_global_143_071_32ff2f21|garnish_recipe_global_143_103_bc22d718|garnish_recipe_global_143_117_be424535"
"7","نکته خرید: برگ سبز و شاداب بخرید؛ ساقه زرد یا لزج عطر بد می‌دهد","garnish_recipe_global_143_012_17b7b915|garnish_recipe_global_143_045_c37fb32d|garnish_recipe_global_143_099_2a8c35d1|garnish_recipe_global_143_100_da23be37|garnish_recipe_global_143_102_36229b49|garnish_recipe_global_143_114_cc474629|garnish_recipe_global_143_118_67f4b795"
"7","نکته خرید: کره بی‌نمک بگیرید تا شوری دستور از کنترل خارج نشود","garnish_recipe_global_143_017_5b23f5df|garnish_recipe_global_143_023_07bead9c|garnish_recipe_global_143_084_87b7230c|garnish_recipe_global_143_086_6c72c640|garnish_recipe_global_143_087_3d227836|garnish_recipe_global_143_090_6c4df1b6|garnish_recipe_global_143_092_87b53529"
"7","جعفری فقط تازگی می‌دهد، اما عطر گشنیز را کامل جایگزین نمی‌کند","garnish_recipe_global_143_012_17b7b915|garnish_recipe_global_143_045_c37fb32d|garnish_recipe_global_143_099_2a8c35d1|garnish_recipe_global_143_100_da23be37|garnish_recipe_global_143_102_36229b49|garnish_recipe_global_143_114_cc474629|garnish_recipe_global_143_118_67f4b795"
"7","نکته خرید: دانه‌ریز و خشک انتخاب کنید تا در مایه سریع حل شود","garnish_recipe_global_143_017_5b23f5df|garnish_recipe_global_143_023_07bead9c|garnish_recipe_global_143_085_cb35078b|garnish_recipe_global_143_086_6c72c640|garnish_recipe_global_143_087_3d227836|garnish_recipe_global_143_090_6c4df1b6|garnish_recipe_global_143_092_87b53529"
"7","پودر سیر فقط در اضطرار؛ عطر تازه و رطوبت سیر خام را ندارد","garnish_recipe_global_143_040_dcfd7c46|garnish_recipe_global_143_047_8830766d|garnish_recipe_global_143_060_17a8b6d3|garnish_recipe_global_143_098_0f8fbedd|garnish_recipe_global_143_106_6371564f|garnish_recipe_global_143_113_dcc8b929|garnish_recipe_global_143_117_be424535"
"7","ساختاردهنده؛ با گلوتن/نشاسته قوام یا پوسته می‌سازد","garnish_recipe_fa_1496_5705c3de|garnish_recipe_fa_1547_eade852f|garnish_recipe_fa_185_c892351b|garnish_recipe_fa_2014_249aa268|garnish_recipe_fa_2018_2572b935|garnish_recipe_intl_064_1aa2311f|garnish_recipe_intl_144_5774ae78"
"7","نکته خرید: نمک یکنواخت و بدون رطوبت استفاده کنید","garnish_recipe_fa_114_4d182f15|garnish_recipe_fa_193_35a54c20|garnish_recipe_intl_013_4bcde1bc|garnish_recipe_intl_045_88dbb554|garnish_recipe_intl_076_aee6a297|garnish_recipe_intl_130_95dea58b|garnish_recipe_intl_149_71c64832"
"7","پودر سیر عطر تازه و رطوبت سیر خام را کامل ندارد","garnish_recipe_global_143_096_0e548c27|garnish_recipe_global_143_097_4fa8c5e5|garnish_recipe_global_143_099_2a8c35d1|garnish_recipe_global_143_107_dbd1eb92|garnish_recipe_global_143_114_cc474629|garnish_recipe_global_143_116_d25d42e2|garnish_recipe_global_143_119_e71710d8"
"7","نکته خرید: کره تازه و بی‌بوی یخچال انتخاب کنید","garnish_recipe_fa_91_a3224405|garnish_recipe_global_143_010_8626885f|garnish_recipe_intl_035_d46eacaf|garnish_recipe_intl_072_60d498d9|garnish_recipe_intl_100_b2b7f06b|garnish_recipe_intl_134_a0dcc7ea|garnish_recipe_intl_147_bb62e7e1"
"7","آروماتیک پایه؛ شیرینی و عطر اولیه را می‌سازد","garnish_recipe_fa_1196_6cbbd3af|garnish_recipe_fa_1214_189349a1|garnish_recipe_fa_1272_b3180a59|garnish_recipe_fa_1751_cd7bc7b8|garnish_recipe_fa_1762_ecb03b4e|garnish_recipe_fa_2032_c2aacc2c|garnish_recipe_intl_022_ac4d3143"
"7","نکته خرید: دارچین تازه و خوش‌بو انتخاب کنید","garnish_recipe_fa_1706_34be3c2d|garnish_recipe_fa_182_37f081ea|garnish_recipe_fa_183_6fb2ab4a|garnish_recipe_intl_035_d46eacaf|garnish_recipe_intl_105_f093f056|garnish_recipe_intl_115_bd72c652|garnish_recipe_intl_140_e00e3df2"
"7","فلفل سفید تیزتر است و مزه را کمی عوض می‌کند","garnish_recipe_fa_122_dc5bb310|garnish_recipe_fa_167_fc027a91|garnish_recipe_fa_1706_34be3c2d|garnish_recipe_intl_003_5ed6583e|garnish_recipe_intl_072_60d498d9|garnish_recipe_intl_134_a0dcc7ea|garnish_recipe_intl_147_bb62e7e1"
"7","نکته خرید: حبه‌های سفت و بدون جوانه بگیرید","garnish_recipe_fa_105_606b3bee|garnish_recipe_fa_1562_0d149539|garnish_recipe_intl_008_df43915b|garnish_recipe_intl_044_2e127ee1|garnish_recipe_intl_067_995a81a6|garnish_recipe_intl_102_44ec3a0b|garnish_recipe_intl_107_41491dea"
"7","برای این نقش جایگزین دقیق و بی‌ریسک ندارد","garnish_recipe_fa_122_dc5bb310|garnish_recipe_global_143_008_22e17e44|garnish_recipe_global_143_010_8626885f|garnish_recipe_intl_011_5a1d0ef8|garnish_recipe_intl_041_cd57d47e|garnish_recipe_intl_100_b2b7f06b|garnish_recipe_intl_147_bb62e7e1"
"7","مارگارین عطر و رفتار کره‌ای یکسانی ندارد","garnish_recipe_global_143_017_5b23f5df|garnish_recipe_global_143_023_07bead9c|garnish_recipe_global_143_084_87b7230c|garnish_recipe_global_143_086_6c72c640|garnish_recipe_global_143_087_3d227836|garnish_recipe_global_143_090_6c4df1b6|garnish_recipe_global_143_092_87b53529"
"7","نکته خرید: نمک دانه‌ریز بهتر پخش می‌شود","garnish_recipe_fa_86_ffcd0713|garnish_recipe_fa_92_397baf20|garnish_recipe_intl_010_0e45be4c|garnish_recipe_intl_053_54c002d0|garnish_recipe_intl_125_19f26215|garnish_recipe_intl_129_382f9727|garnish_recipe_intl_148_2f745b64"
"7","بی‌دخالت: حدود ۲۰ دقیقه کار فعال","garnish_recipe_fa_105_606b3bee|garnish_recipe_fa_191_de46bbb6|garnish_recipe_intl_047_f6cbcbb5|garnish_recipe_intl_060_9fe40da5|garnish_recipe_intl_119_9dd64dfc|garnish_recipe_intl_122_2f006614|garnish_recipe_intl_137_46d41946"
"7","روغن خنثی مشابه قابل استفاده است","garnish_recipe_fa_142_3215f0b5|garnish_recipe_fa_191_de46bbb6|garnish_recipe_fa_196_9e48ca8f|garnish_recipe_intl_030_16d9e454|garnish_recipe_intl_097_428092c3|garnish_recipe_intl_104_f1da6144|garnish_recipe_intl_137_46d41946"
"7","پودر سیر عطر تازه را کامل ندارد","garnish_recipe_fa_191_de46bbb6|garnish_recipe_intl_023_bc7c6f90|garnish_recipe_intl_030_16d9e454|garnish_recipe_intl_054_7d3ead5b|garnish_recipe_intl_097_428092c3|garnish_recipe_intl_104_f1da6144|garnish_recipe_intl_137_46d41946"
"7","زمان این مرحله حدود 3 دقیقه است","garnish_recipe_global_143_042_f549dcd3|garnish_recipe_global_143_050_8a9f951a|garnish_recipe_global_143_051_3e8df432|garnish_recipe_global_143_062_f288b067|garnish_recipe_global_143_070_eaf9a5f5|garnish_recipe_global_143_072_62482f8c|garnish_recipe_global_143_095_65c4e5ac"
"7","زمان این مرحله حدود 4 دقیقه است","garnish_recipe_global_143_042_f549dcd3|garnish_recipe_global_143_050_8a9f951a|garnish_recipe_global_143_051_3e8df432|garnish_recipe_global_143_057_6f8924e9|garnish_recipe_global_143_070_eaf9a5f5|garnish_recipe_global_143_094_ebb15b77|garnish_recipe_global_143_109_3275e597"
"7","از شب قبل خیسانده و آبکش‌شده","garnish_recipe_fa_1237_3dff9aba|garnish_recipe_fa_168_8b2d9b86|garnish_recipe_fa_224_c9d0355d|garnish_recipe_fa_77_3adf94d4|garnish_recipe_fa_78_26989900|garnish_recipe_fa_93_657f87d7|garnish_recipe_intl_032_a150e5b1"
"7","زمان راهنما: حدود 8 دقیقه","garnish_recipe_fa_106_d9e3968a|garnish_recipe_fa_115_ba80ef7c|garnish_recipe_fa_1483_557ee839|garnish_recipe_intl_009_ab044ed1|garnish_recipe_intl_040_7d7b90a1|garnish_recipe_intl_074_79385dd1|garnish_recipe_intl_080_5dbc4315"
"7","75 قاشق چای‌خوری (ضروری)","garnish_recipe_fa_125_31716f89|garnish_recipe_fa_191_de46bbb6|garnish_recipe_intl_047_f6cbcbb5|garnish_recipe_intl_075_adf77e6a|garnish_recipe_intl_083_57ce313d|garnish_recipe_intl_085_31af330d|garnish_recipe_intl_114_6e7c743d"
"7","روغن خنثی مناسب سرخ‌کردن","garnish_recipe_fa_105_606b3bee|garnish_recipe_fa_1562_0d149539|garnish_recipe_fa_177_c8caf164|garnish_recipe_intl_008_df43915b|garnish_recipe_intl_024_ff4dc9ab|garnish_recipe_intl_026_b9f5a392|garnish_recipe_intl_146_5a7a3b3f"
"7","خلالی یا نگینی خردشده","garnish_recipe_fa_1195_4b547f19|garnish_recipe_fa_1251_3f83f105|garnish_recipe_fa_168_8b2d9b86|garnish_recipe_fa_862_dbf3d4d5|garnish_recipe_fa_870_d37ad654|garnish_recipe_fa_878_85458912|garnish_recipe_fa_883_4b80bbcf"
"7","مقدار: ۲ قاشق غذاخوری","garnish_recipe_fa_1484_ccebf63e|garnish_recipe_fa_176_60f55560|garnish_recipe_fa_180_c301e88a|garnish_recipe_intl_031_7e902faf|garnish_recipe_intl_037_7cf2e346|garnish_recipe_intl_071_48a67e24|garnish_recipe_intl_124_ee006e03"
"6","نعناع با فشار کوتاه روغن‌های معطرش را پس می‌دهد؛ له‌کردن طولانی کلروفیل و تلخی را وارد نوشیدنی می‌کند","garnish_recipe_fa_1519_9d69f5f1|garnish_recipe_fa_1520_8cec648d|garnish_recipe_fa_1553_fc9a29b8|garnish_recipe_fa_2039_b49f818c|garnish_recipe_global_143_030_4f8b9a24|garnish_recipe_global_143_036_bc4e7808"
"6","نکته خرید: روغن تازه و مناسب حرارت انتخاب کنید؛ روغن مانده طعم سوخته می‌دهد","garnish_recipe_fa_124_c0616f8d|garnish_recipe_fa_91_a3224405|garnish_recipe_intl_006_0abe82db|garnish_recipe_intl_015_bd5b6369|garnish_recipe_intl_041_cd57d47e|garnish_recipe_intl_096_697dba10"
"6","شکر قهوه‌ای عطر و رطوبت متفاوت می‌دهد و جایگزین مستقیم همه این دستورها نیست","garnish_recipe_global_143_041_33abbd3b|garnish_recipe_global_143_070_eaf9a5f5|garnish_recipe_global_143_073_99c342ec|garnish_recipe_global_143_081_a178a755|garnish_recipe_global_143_082_4a659652|garnish_recipe_global_143_095_65c4e5ac"
"6","زمان کافی عطر را آزاد می‌کند، اما ماندن بیش از حد تانن را جلو می‌اندازد","garnish_recipe_global_143_026_e631bbb6|garnish_recipe_global_143_027_355acc01|garnish_recipe_global_143_028_d4b2bfd8|garnish_recipe_global_143_034_51a63c81|garnish_recipe_global_143_036_bc4e7808|garnish_recipe_global_143_038_c723f599"
"6","شکر قهوه‌ای عطر و رطوبت متفاوت می‌دهد و جایگزین مستقیم همه دستورها نیست","garnish_recipe_global_143_065_c4cb085e|garnish_recipe_global_143_067_843321b7|garnish_recipe_global_143_072_62482f8c|garnish_recipe_global_143_075_83dba9bf|garnish_recipe_global_143_079_060db242|garnish_recipe_global_143_093_bf5fab4c"
"6","شالوت برای مقدار کم مناسب است، اما در غذاهای دیگی گران و کم‌حجم می‌شود","garnish_recipe_global_143_124_ce358cac|garnish_recipe_global_143_128_7b502579|garnish_recipe_global_143_133_b9eae9ad|garnish_recipe_global_143_140_78d46576|garnish_recipe_global_143_141_12664fc7|garnish_recipe_global_143_142_bd27951b"
"6","پیاز سفید یا زرد بسته به غذا نزدیک است؛ حذف آن بافت و عطر را کم می‌کند","garnish_recipe_fa_114_4d182f15|garnish_recipe_fa_193_35a54c20|garnish_recipe_intl_013_4bcde1bc|garnish_recipe_intl_045_88dbb554|garnish_recipe_intl_076_aee6a297|garnish_recipe_intl_130_95dea58b"
"6","آرد همه‌منظوره نزدیک‌ترین گزینه است؛ آرد سبوس‌دار بافت را سنگین می‌کند","garnish_recipe_global_143_044_051125e5|garnish_recipe_global_143_049_9785e6eb|garnish_recipe_global_143_056_c9972b5b|garnish_recipe_global_143_063_b14ec21c|garnish_recipe_global_143_068_2f672fa4|garnish_recipe_global_143_077_de99681c"
"6","نکته خرید: تخم‌مرغ تازه و هم‌دما با محیط برای دسرها بهتر مخلوط می‌شود","garnish_recipe_global_143_023_07bead9c|garnish_recipe_global_143_084_87b7230c|garnish_recipe_global_143_086_6c72c640|garnish_recipe_global_143_087_3d227836|garnish_recipe_global_143_090_6c4df1b6|garnish_recipe_global_143_092_87b53529"
"6","نکته خرید: پیاز زرد سفت و سالم بخرید؛ پیاز آبکی دیر طلایی می‌شود","garnish_recipe_global_143_124_ce358cac|garnish_recipe_global_143_128_7b502579|garnish_recipe_global_143_133_b9eae9ad|garnish_recipe_global_143_140_78d46576|garnish_recipe_global_143_141_12664fc7|garnish_recipe_global_143_142_bd27951b"
"6","جایگزین واقعی یکسان ندارد؛ حذف آن بافت را به‌وضوح تغییر می‌دهد","garnish_recipe_global_143_023_07bead9c|garnish_recipe_global_143_084_87b7230c|garnish_recipe_global_143_086_6c72c640|garnish_recipe_global_143_087_3d227836|garnish_recipe_global_143_090_6c4df1b6|garnish_recipe_global_143_092_87b53529"
"6","آب لیمو شکر را از حالت سنگین خارج می‌کند و عطری روشن می‌سازد","garnish_recipe_fa_1519_9d69f5f1|garnish_recipe_fa_1520_8cec648d|garnish_recipe_fa_1553_fc9a29b8|garnish_recipe_fa_2039_b49f818c|garnish_recipe_global_143_030_4f8b9a24|garnish_recipe_global_143_036_bc4e7808"
"6","برگ چای، ماته یا پودر ماچا با آب خیلی داغ تلخی تند می‌دهد","garnish_recipe_global_143_026_e631bbb6|garnish_recipe_global_143_027_355acc01|garnish_recipe_global_143_028_d4b2bfd8|garnish_recipe_global_143_034_51a63c81|garnish_recipe_global_143_036_bc4e7808|garnish_recipe_global_143_038_c723f599"
"6","واقعی: جایگزین مستقیم ندارد؛ حذف آن ساختار را عوض می‌کند","garnish_recipe_fa_106_d9e3968a|garnish_recipe_intl_040_7d7b90a1|garnish_recipe_intl_074_79385dd1|garnish_recipe_intl_080_5dbc4315|garnish_recipe_intl_109_997edbdb|garnish_recipe_intl_138_4f5d8e11"
"6","جایگزین دقیق ندارد؛ گوجهٔ تازه قوام و رنگ مشابه نمی‌دهد","garnish_recipe_fa_100_ce2b0c24|garnish_recipe_fa_1059_32ca5280|garnish_recipe_fa_108_441adb29|garnish_recipe_fa_109_7c2e92a0|garnish_recipe_fa_1297_aaa24704|garnish_recipe_fa_97_b033ed16"
"6","گرم‌کردن یا سرو دوباره: گرم‌کردن ندارد؛ سرد سرو می‌شود","meze50_04_labneh-with-zaatar-and-olive-oil|meze50_05_beet-labneh-with-walnuts|meze50_23_quick-cucumber-pickles|meze50_26_seven-layer-bean-dip-cups|meze50_28_gochujang-cucumber-cups|meze50_30_thai-peanut-cucumber-cups"
"6","پودر سیر عطر تازه و بافت نرم‌شدهٔ بوته سیر را نمی‌دهد","garnish_recipe_global_143_124_ce358cac|garnish_recipe_global_143_128_7b502579|garnish_recipe_global_143_133_b9eae9ad|garnish_recipe_global_143_138_ce0f10ba|garnish_recipe_global_143_140_78d46576|garnish_recipe_global_143_142_bd27951b"
"6","شکر قهوه‌ای عطر ملاس می‌دهد و رنگ را تیره‌تر می‌کند","garnish_recipe_global_143_039_d8dc5a96|garnish_recipe_global_143_044_051125e5|garnish_recipe_global_143_047_8830766d|garnish_recipe_global_143_063_b14ec21c|garnish_recipe_global_143_068_2f672fa4|garnish_recipe_global_143_077_de99681c"
"6","ادویه هم‌خانواده فقط نقش عطری دارد، نه جایگزین دقیق","garnish_recipe_fa_1554_6e31eecc|garnish_recipe_fa_1555_00844d92|garnish_recipe_global_143_027_355acc01|garnish_recipe_global_143_029_c3687330|garnish_recipe_global_143_032_0bd00218|garnish_recipe_global_143_037_976fda08"
"6","نکته خرید: آرد تازه و بدون بوی ماندگی استفاده کنید","garnish_recipe_intl_026_b9f5a392|garnish_recipe_intl_047_f6cbcbb5|garnish_recipe_intl_060_9fe40da5|garnish_recipe_intl_119_9dd64dfc|garnish_recipe_intl_145_098dd406|garnish_recipe_intl_146_5a7a3b3f"
"6","نکته خرید: شکر خشک و دانه‌ریز بخرید تا سریع حل شود","garnish_recipe_global_143_065_c4cb085e|garnish_recipe_global_143_067_843321b7|garnish_recipe_global_143_072_62482f8c|garnish_recipe_global_143_075_83dba9bf|garnish_recipe_global_143_079_060db242|garnish_recipe_global_143_093_bf5fab4c"
"6","چای یا پودر تازه، خوش‌بو و بدون رطوبت انتخاب کن","garnish_recipe_global_143_026_e631bbb6|garnish_recipe_global_143_027_355acc01|garnish_recipe_global_143_028_d4b2bfd8|garnish_recipe_global_143_034_51a63c81|garnish_recipe_global_143_036_bc4e7808|garnish_recipe_global_143_038_c723f599"
"6","ادویه تازه و خوش‌بو بگیر؛ پودر کهنه کم‌اثر است","garnish_recipe_fa_1554_6e31eecc|garnish_recipe_fa_1555_00844d92|garnish_recipe_global_143_027_355acc01|garnish_recipe_global_143_029_c3687330|garnish_recipe_global_143_032_0bd00218|garnish_recipe_global_143_037_976fda08"
"6","نکته خرید: شکر خشک و ریزدانه سریع‌تر حل می‌شود","garnish_recipe_fa_1706_34be3c2d|garnish_recipe_intl_006_0abe82db|garnish_recipe_intl_015_bd5b6369|garnish_recipe_intl_041_cd57d47e|garnish_recipe_intl_100_b2b7f06b|garnish_recipe_intl_131_76428aa8"
"6","در ظرفِ دربسته در یخچال (≤۴ درجه) ۳ تا ۴ روز","garnish_recipe_fa_101_877a41d3|garnish_recipe_fa_1314_7f39d182|garnish_recipe_fa_170_44f0d2ad|garnish_recipe_fa_190_49162ac2|garnish_recipe_fa_77_3adf94d4|garnish_recipe_intl_032_a150e5b1"
"6","نکته خرید: شکر خشک و دانه‌ریز بهتر حل می‌شود","garnish_recipe_fa_182_37f081ea|garnish_recipe_fa_183_6fb2ab4a|garnish_recipe_intl_047_f6cbcbb5|garnish_recipe_intl_107_41491dea|garnish_recipe_intl_122_2f006614|garnish_recipe_intl_145_098dd406"
"6","نشانهٔ درست، ترشی تمیز بدون سوزش تند است","garnish_recipe_fa_1519_9d69f5f1|garnish_recipe_fa_1520_8cec648d|garnish_recipe_fa_1553_fc9a29b8|garnish_recipe_fa_2039_b49f818c|garnish_recipe_global_143_030_4f8b9a24|garnish_recipe_global_143_036_bc4e7808"
"6","نشانهٔ درست، رنگ واضح بدون مزه سوخته است","garnish_recipe_global_143_026_e631bbb6|garnish_recipe_global_143_027_355acc01|garnish_recipe_global_143_028_d4b2bfd8|garnish_recipe_global_143_034_51a63c81|garnish_recipe_global_143_036_bc4e7808|garnish_recipe_global_143_038_c723f599"
"6","زمان دم‌آوری، عطر را از تانن جدا می‌کند:","garnish_recipe_global_143_026_e631bbb6|garnish_recipe_global_143_027_355acc01|garnish_recipe_global_143_028_d4b2bfd8|garnish_recipe_global_143_034_51a63c81|garnish_recipe_global_143_036_bc4e7808|garnish_recipe_global_143_038_c723f599"
"6","نشانهٔ درست، عطر مشخص بدون خشکی دهان است","garnish_recipe_global_143_026_e631bbb6|garnish_recipe_global_143_027_355acc01|garnish_recipe_global_143_028_d4b2bfd8|garnish_recipe_global_143_034_51a63c81|garnish_recipe_global_143_036_bc4e7808|garnish_recipe_global_143_038_c723f599"
"6","پیاز سفید با شیرینی کمتر و رنگ ملایم‌تر","garnish_recipe_fa_125_31716f89|garnish_recipe_intl_001_a95ca931|garnish_recipe_intl_020_a0837273|garnish_recipe_intl_059_1736c8ad|garnish_recipe_intl_121_c6d25626|garnish_recipe_intl_142_44b006d6"
"6","نکته خرید: فلفل سفت و براق انتخاب کنید","garnish_recipe_fa_166_41ac7f2f|garnish_recipe_global_143_046_b111554d|garnish_recipe_global_143_050_8a9f951a|garnish_recipe_intl_017_6bc0bdc6|garnish_recipe_intl_044_2e127ee1|garnish_recipe_intl_050_23b57a98"
"6","گوشت گوساله خورشتی، با زمان پخت بیشتر","garnish_recipe_fa_100_ce2b0c24|garnish_recipe_fa_102_1994bb32|garnish_recipe_fa_1059_32ca5280|garnish_recipe_fa_108_441adb29|garnish_recipe_fa_109_7c2e92a0|garnish_recipe_fa_97_b033ed16"
"6","ing_chicken_breast_raw→ing_tofu_firm","garnish_recipe_fa_1324_2b0dbfd9|garnish_recipe_fa_1342_ce4a8da3|garnish_recipe_fa_1820_41034bbe|garnish_recipe_fa_2064_b5a2a37a|garnish_recipe_fa_2071_5391bddf|garnish_recipe_intl_019_629698d5"
"6","نشانهٔ درست، برگ سالم و بوی خنک است","garnish_recipe_fa_1519_9d69f5f1|garnish_recipe_fa_1520_8cec648d|garnish_recipe_fa_1553_fc9a29b8|garnish_recipe_fa_2039_b49f818c|garnish_recipe_global_143_030_4f8b9a24|garnish_recipe_global_143_036_bc4e7808"
"6","در ظرف دربسته در یخچال ۳ تا ۴ روز","garnish_recipe_fa_1052_8bde566e|garnish_recipe_fa_1077_1b3eec19|garnish_recipe_fa_119_2a846a21|garnish_recipe_fa_1238_296fbec3|garnish_recipe_fa_1261_99e02971|garnish_recipe_fa_1315_c324442d"
"6","برگ سبز، عطر آزاد می‌کند نه رنگ:","garnish_recipe_fa_1519_9d69f5f1|garnish_recipe_fa_1520_8cec648d|garnish_recipe_fa_1553_fc9a29b8|garnish_recipe_fa_2039_b49f818c|garnish_recipe_global_143_030_4f8b9a24|garnish_recipe_global_143_036_bc4e7808"
"6","ملایم‌تر و کمی شیرین‌تر؛ هم‌نقش","garnish_recipe_fa_1306_a212d523|garnish_recipe_fa_1767_4e6ed616|garnish_recipe_fa_1820_41034bbe|garnish_recipe_fa_872_529097b4|garnish_recipe_intl_038_16764713|garnish_recipe_intl_127_65e78281"
"6","اسید لیمو شیرینی را تیز می‌کند:","garnish_recipe_fa_1519_9d69f5f1|garnish_recipe_fa_1520_8cec648d|garnish_recipe_fa_1553_fc9a29b8|garnish_recipe_fa_2039_b49f818c|garnish_recipe_global_143_030_4f8b9a24|garnish_recipe_global_143_036_bc4e7808"
"6","دمای آب، تلخی را کنترل می‌کند:","garnish_recipe_global_143_026_e631bbb6|garnish_recipe_global_143_027_355acc01|garnish_recipe_global_143_028_d4b2bfd8|garnish_recipe_global_143_034_51a63c81|garnish_recipe_global_143_036_bc4e7808|garnish_recipe_global_143_038_c723f599"
"6","حدود ۱ قاشق چای‌خوری، به‌مزه","garnish_recipe_fa_104_7b4ced78|garnish_recipe_fa_1053_29566b67|garnish_recipe_fa_1215_673014ad|garnish_recipe_fa_1343_5bf8151c|garnish_recipe_fa_883_4b80bbcf|garnish_recipe_intl_046_0c90256b"
"6","هر روغن خنثی مناسب سرخ‌کردن","garnish_recipe_fa_166_41ac7f2f|garnish_recipe_intl_017_6bc0bdc6|garnish_recipe_intl_047_f6cbcbb5|garnish_recipe_intl_050_23b57a98|garnish_recipe_intl_107_41491dea|garnish_recipe_intl_119_9dd64dfc"
"6","نصف قاشق چای‌خوری (به‌مزه)","garnish_recipe_fa_110_847e93ad|garnish_recipe_fa_1238_296fbec3|garnish_recipe_fa_1820_41034bbe|garnish_recipe_fa_2049_765e338a|garnish_recipe_intl_002_ca22fd2f|garnish_recipe_intl_027_8a794c67"
"6","واقعی: جایگزین کامل ندارد","garnish_recipe_fa_147_3b1b07c5|garnish_recipe_fa_180_c301e88a|garnish_recipe_fa_192_fe533328|garnish_recipe_intl_033_8acac046|garnish_recipe_intl_034_3035ba70|garnish_recipe_intl_109_997edbdb"
"6","زمان راهنما: حدود 4 دقیقه","garnish_recipe_fa_106_d9e3968a|garnish_recipe_intl_009_ab044ed1|garnish_recipe_intl_043_fbe26aba|garnish_recipe_intl_074_79385dd1|garnish_recipe_intl_109_997edbdb|garnish_recipe_intl_138_4f5d8e11"
"6","زمان راهنما: حدود 2 دقیقه","garnish_recipe_fa_106_d9e3968a|garnish_recipe_intl_009_ab044ed1|garnish_recipe_intl_043_fbe26aba|garnish_recipe_intl_074_79385dd1|garnish_recipe_intl_080_5dbc4315|garnish_recipe_intl_109_997edbdb"
"6","مقدار: ۰٫۵ قاشق چای‌خوری","garnish_recipe_fa_120_502ae408|garnish_recipe_fa_2022_ed370352|garnish_recipe_intl_037_7cf2e346|garnish_recipe_intl_088_7da35d2c|garnish_recipe_intl_111_248a08a4|garnish_recipe_intl_124_ee006e03"
"6","1 قاشق غذاخوری (اختیاری)","garnish_recipe_fa_191_de46bbb6|garnish_recipe_fa_85_575ccb7a|garnish_recipe_fa_88_c20a5f8b|garnish_recipe_global_143_143_6060b21f|garnish_recipe_intl_008_df43915b|garnish_recipe_intl_029_0cafb54c"
"6","بی‌دخالت: حدود ۱۵ دقیقه","garnish_recipe_intl_029_0cafb54c|garnish_recipe_intl_044_2e127ee1|garnish_recipe_intl_084_fb10b1a9|garnish_recipe_intl_117_d8d3d0ac|garnish_recipe_intl_128_22442750|garnish_recipe_intl_146_5a7a3b3f"
"6","بی‌دخالت: حدود ۳۰ دقیقه","garnish_recipe_fa_1297_aaa24704|garnish_recipe_fa_1768_7a1c6699|garnish_recipe_intl_001_a95ca931|garnish_recipe_intl_012_46d4828e|garnish_recipe_intl_028_ecdcc65f|garnish_recipe_intl_121_c6d25626"
"6","گوشت چرخ‌کردهٔ بوقلمون","garnish_recipe_fa_104_7b4ced78|garnish_recipe_fa_1334_8963bd85|garnish_recipe_fa_1341_6b4ba753|garnish_recipe_fa_78_26989900|garnish_recipe_fa_880_6164abab|garnish_recipe_intl_038_16764713"
"6","آب لیموی خوش‌بو بگیرید","meze50_01_olive-feta-garlic-dip|meze50_05_beet-labneh-with-walnuts|meze50_07_roasted-carrot-harissa-dip|meze50_08_smoky-white-bean-rosemary-dip|meze50_09_lemon-garlic-butter-mushrooms|meze50_10_halloumi-bites-with-honey-sesame"
"6","مقدار: ۱ قاشق غذاخوری","garnish_recipe_fa_120_502ae408|garnish_recipe_fa_123_a52aadf1|garnish_recipe_fa_147_3b1b07c5|garnish_recipe_fa_148_554e136f|garnish_recipe_fa_180_c301e88a|garnish_recipe_intl_113_e0e7753e"
"6","مقدار: ۳ قاشق غذاخوری","garnish_recipe_fa_120_502ae408|garnish_recipe_fa_147_3b1b07c5|garnish_recipe_fa_148_554e136f|garnish_recipe_fa_192_fe533328|garnish_recipe_intl_111_248a08a4|garnish_recipe_intl_128_22442750"
"6","مقدار: 3 قاشق غذاخوری","garnish_recipe_fa_113_2a1debd0|garnish_recipe_fa_79_792d1196|garnish_recipe_intl_004_e65ccfe3|garnish_recipe_intl_010_0e45be4c|garnish_recipe_intl_048_5b5471e4|garnish_recipe_intl_116_c3a0982f"
"6","گوشت چرخ‌کرده خوک خام","garnish_recipe_global_143_006_10cd2dcc|garnish_recipe_global_143_040_dcfd7c46|garnish_recipe_global_143_044_051125e5|garnish_recipe_global_143_047_8830766d|garnish_recipe_global_143_048_2f232e7c|garnish_recipe_global_143_105_a30b590b"
"6","دم‌کنی یا حولهٔ تمیز","garnish_recipe_fa_1195_4b547f19|garnish_recipe_fa_862_dbf3d4d5|garnish_recipe_fa_864_37673192|garnish_recipe_fa_866_9986ddf5|garnish_recipe_fa_868_c97331a5|garnish_recipe_fa_870_d37ad654"
"5","نکته خرید: مرغ تازه، بی‌بو و با بافت سفت انتخاب کنید؛ برای تریاکی پوست سالم و خشک مهم است","garnish_recipe_fa_124_c0616f8d|garnish_recipe_intl_015_bd5b6369|garnish_recipe_intl_093_1d61d86b|garnish_recipe_intl_096_697dba10|garnish_recipe_intl_126_dc234f18"
"5","سینه مرغ فقط در بعضی نسخه‌ها ممکن است، اما در پخت آرام یا سرخ‌کردن پوستی خشک‌تر می‌شود","garnish_recipe_fa_124_c0616f8d|garnish_recipe_intl_015_bd5b6369|garnish_recipe_intl_093_1d61d86b|garnish_recipe_intl_096_697dba10|garnish_recipe_intl_126_dc234f18"
"5","نکته خرید: نوع سالم و متناسب با همین دستور بگیرید؛ جایگزین نامناسب بافت را عوض می‌کند","garnish_recipe_fa_184_e616db37|garnish_recipe_intl_001_a95ca931|garnish_recipe_intl_079_bc51f8e5|garnish_recipe_intl_121_c6d25626|garnish_recipe_intl_142_44b006d6"
"5","وقتی میوه یا شیر سرد باشد، مخلوط‌کن کمتر کف می‌سازد و نوشیدنی دیرتر آب می‌اندازد","garnish_recipe_fa_1554_6e31eecc|garnish_recipe_fa_1555_00844d92|garnish_recipe_fa_1563_68a06056|garnish_recipe_fa_1564_e9a872de|garnish_recipe_global_143_032_0bd00218"
"5","نکته خرید: محصول تازه و خوش‌بو انتخاب کنید؛ بوی ترش یا کهنگی مزه را خراب می‌کند","garnish_recipe_fa_115_ba80ef7c|garnish_recipe_fa_1483_557ee839|garnish_recipe_intl_040_7d7b90a1|garnish_recipe_intl_109_997edbdb|garnish_recipe_intl_138_4f5d8e11"
"5","نکته خرید: آرد تازه و بدون بوی ماندگی بخرید؛ برای دسرها الک‌کردن کمک می‌کند","garnish_recipe_global_143_042_f549dcd3|garnish_recipe_global_143_046_b111554d|garnish_recipe_global_143_067_843321b7|garnish_recipe_global_143_075_83dba9bf|garnish_recipe_global_143_079_060db242"
"5","چرخش طولانی هوا را وارد نوشیدنی می‌کند و عطر میوه یا مغز را کم‌رنگ می‌سازد","garnish_recipe_fa_1554_6e31eecc|garnish_recipe_fa_1555_00844d92|garnish_recipe_fa_1563_68a06056|garnish_recipe_fa_1564_e9a872de|garnish_recipe_global_143_032_0bd00218"
"5","نکته خرید: نوع خوش‌بو و باکیفیت بگیرید؛ طعم آن در این دستور پنهان نمی‌شود","garnish_recipe_fa_128_80595bf3|garnish_recipe_intl_029_0cafb54c|garnish_recipe_intl_042_c2aaf822|garnish_recipe_intl_085_31af330d|garnish_recipe_intl_110_d9922059"
"5","آرد همه‌منظوره نزدیک‌ترین جایگزین است؛ آرد سبوس‌دار بافت را سنگین می‌کند","garnish_recipe_global_143_042_f549dcd3|garnish_recipe_global_143_046_b111554d|garnish_recipe_global_143_067_843321b7|garnish_recipe_global_143_075_83dba9bf|garnish_recipe_global_143_079_060db242"
"5","روغن خنثی در برخی خمیرها ممکن است، اما عطر و بافت کره‌ای کامل نمی‌دهد","garnish_recipe_global_143_049_9785e6eb|garnish_recipe_global_143_063_b14ec21c|garnish_recipe_global_143_068_2f672fa4|garnish_recipe_global_143_071_32ff2f21|garnish_recipe_global_143_117_be424535"
"5","نکته خرید: آرد تازه و بدون بوی ماندگی بخرید و برای دسرها الک کنید","garnish_recipe_global_143_084_87b7230c|garnish_recipe_global_143_086_6c72c640|garnish_recipe_global_143_087_3d227836|garnish_recipe_global_143_090_6c4df1b6|garnish_recipe_global_143_092_87b53529"
"5","آرد نان گلوتن بیشتری دارد و برای این دسرها بافت را سفت‌تر می‌کند","garnish_recipe_global_143_084_87b7230c|garnish_recipe_global_143_086_6c72c640|garnish_recipe_global_143_087_3d227836|garnish_recipe_global_143_090_6c4df1b6|garnish_recipe_global_143_092_87b53529"
"5","نکته خرید: نمک ریز و تمیز انتخاب کنید تا روی سطح یکنواخت بنشیند","garnish_recipe_global_143_049_9785e6eb|garnish_recipe_global_143_063_b14ec21c|garnish_recipe_global_143_068_2f672fa4|garnish_recipe_global_143_104_31c06413|garnish_recipe_global_143_117_be424535"
"5","نکته خرید: شکر دانه‌ریز خشک و یکنواخت بهتر در مایه پخش می‌شود","garnish_recipe_intl_016_a22d4b1d|garnish_recipe_intl_090_07e88d0b|garnish_recipe_intl_104_f1da6144|garnish_recipe_intl_133_db15257e|garnish_recipe_intl_143_7a372ddf"
"5","سبزی‌های معطر را له نکن؛ تلخی و تیرگی از همین‌جا شروع می‌شود","garnish_recipe_fa_1519_9d69f5f1|garnish_recipe_fa_1553_fc9a29b8|garnish_recipe_fa_2039_b49f818c|garnish_recipe_global_143_030_4f8b9a24|garnish_recipe_global_143_036_bc4e7808"
"5","مخلوط‌کن را طولانی روشن نگذار؛ هوا و گرما بافت را شل می‌کند","garnish_recipe_fa_1554_6e31eecc|garnish_recipe_fa_1555_00844d92|garnish_recipe_fa_1563_68a06056|garnish_recipe_fa_1564_e9a872de|garnish_recipe_global_143_032_0bd00218"
"5","روغن آفتابگردانِ مناسب سرخ‌کردن نزدیک‌ترین جایگزین است","garnish_recipe_global_143_042_f549dcd3|garnish_recipe_global_143_046_b111554d|garnish_recipe_global_143_051_3e8df432|garnish_recipe_global_143_073_99c342ec|garnish_recipe_global_143_079_060db242"
"5","نکته خرید: ران مرغ تازه با بوی سالم و سطح غیرلزج بخرید","garnish_recipe_global_143_100_da23be37|garnish_recipe_global_143_102_36229b49|garnish_recipe_global_143_108_c446d87d|garnish_recipe_global_143_114_cc474629|garnish_recipe_global_143_118_67f4b795"
"5","حذف، اگر عطر آن را نمی‌خواهید؛ جایگزین دقیق لازم نیست","garnish_recipe_fa_100_ce2b0c24|garnish_recipe_fa_1059_32ca5280|garnish_recipe_fa_107_5765c9eb|garnish_recipe_fa_108_441adb29|garnish_recipe_fa_97_b033ed16"
"5","نکته خرید: حبه‌های سفت، بدون جوانه و تازه انتخاب کنید","garnish_recipe_intl_023_bc7c6f90|garnish_recipe_intl_030_16d9e454|garnish_recipe_intl_054_7d3ead5b|garnish_recipe_intl_097_428092c3|garnish_recipe_intl_104_f1da6144"
"5","نکته خرید: پیاز سفت، آبدار و بدون جوانه انتخاب کنید","garnish_recipe_fa_142_3215f0b5|garnish_recipe_fa_191_de46bbb6|garnish_recipe_fa_196_9e48ca8f|garnish_recipe_fa_85_575ccb7a|garnish_recipe_fa_88_c20a5f8b"
"5","نمک فقط شوری می‌دهد و عمق تخمیری را جایگزین نمی‌کند","garnish_recipe_intl_006_0abe82db|garnish_recipe_intl_015_bd5b6369|garnish_recipe_intl_041_cd57d47e|garnish_recipe_intl_126_dc234f18|garnish_recipe_intl_131_76428aa8"
"5","فلفل سفید تیزتر است و شخصیت مزه را کمی عوض می‌کند","garnish_recipe_fa_124_c0616f8d|garnish_recipe_fa_91_a3224405|garnish_recipe_intl_011_5a1d0ef8|garnish_recipe_intl_093_1d61d86b|garnish_recipe_intl_096_697dba10"
"5","نکته خرید: زردچوبه خوش‌رنگ و بدون بوی کهنگی بخرید","garnish_recipe_global_143_014_8a86b8a0|garnish_recipe_global_143_045_c37fb32d|garnish_recipe_global_143_102_36229b49|garnish_recipe_global_143_114_cc474629|garnish_recipe_global_143_118_67f4b795"
"5","گرم‌کردن: گرم‌کردن ندارد؛ این دسر سرد سرو می‌شود","garnish_recipe_global_143_066_4fc69a4a|garnish_recipe_global_143_067_843321b7|garnish_recipe_global_143_071_32ff2f21|garnish_recipe_intl_053_54c002d0|garnish_recipe_intl_150_951c615d"
"5","نکته خرید: تخم‌مرغ تازه با پوسته سالم بگیرید","garnish_recipe_fa_183_6fb2ab4a|garnish_recipe_fa_191_de46bbb6|garnish_recipe_fa_196_9e48ca8f|garnish_recipe_intl_114_6e7c743d|garnish_recipe_intl_137_46d41946"
"5","نکته خرید: فلفل تازه‌آسیاب عطر واضح‌تری دارد","garnish_recipe_fa_193_35a54c20|garnish_recipe_global_143_048_2f232e7c|garnish_recipe_global_143_061_6a6023a1|garnish_recipe_global_143_062_f288b067|garnish_recipe_intl_076_aee6a297"
"5","پروتئین اصلی؛ باید آبدار بماند و خشک نشود","garnish_recipe_fa_121_b6f01192|garnish_recipe_fa_1250_cb9a971c|garnish_recipe_fa_1751_cd7bc7b8|garnish_recipe_fa_1762_ecb03b4e|garnish_recipe_intl_022_ac4d3143"
"5","نکته خرید: فلفل تازه‌آسیاب عطر بهتری دارد","garnish_recipe_fa_105_606b3bee|garnish_recipe_intl_026_b9f5a392|garnish_recipe_intl_033_8acac046|garnish_recipe_intl_044_2e127ee1|garnish_recipe_intl_067_995a81a6"
"5","لیمو سبز تیزتر است و مقدارش باید کمتر شود","garnish_recipe_global_143_060_17a8b6d3|garnish_recipe_global_143_062_f288b067|garnish_recipe_global_143_065_c4cb085e|garnish_recipe_global_143_072_62482f8c|garnish_recipe_global_143_117_be424535"
"5","نشانهٔ درست، نوشیدنی نرم بدون کف حجیم است","garnish_recipe_fa_1554_6e31eecc|garnish_recipe_fa_1555_00844d92|garnish_recipe_fa_1563_68a06056|garnish_recipe_fa_1564_e9a872de|garnish_recipe_global_143_032_0bd00218"
"5","ملایم‌تر؛ فقط قسمتِ سفید را استفاده کنید","garnish_recipe_fa_190_49162ac2|garnish_recipe_fa_197_dbaa9b9a|garnish_recipe_fa_866_9986ddf5|garnish_recipe_fa_870_d37ad654|garnish_recipe_fa_98_601bddc6"
"5","ملایم‌تر و کمی شیرین‌تر؛ هم‌نقش آروماتیک","garnish_recipe_fa_104_7b4ced78|garnish_recipe_fa_1071_6e0696a6|garnish_recipe_fa_119_2a846a21|garnish_recipe_fa_1215_673014ad|garnish_recipe_fa_95_0962d2a9"
"5","شکر قهوه‌ای مزه و رطوبت را تغییر می‌دهد","garnish_recipe_intl_016_a22d4b1d|garnish_recipe_intl_090_07e88d0b|garnish_recipe_intl_104_f1da6144|garnish_recipe_intl_133_db15257e|garnish_recipe_intl_143_7a372ddf"
"5","نشانهٔ درست، سطح صاف و قوام یکنواخت است","garnish_recipe_fa_1554_6e31eecc|garnish_recipe_fa_1555_00844d92|garnish_recipe_fa_1563_68a06056|garnish_recipe_fa_1564_e9a872de|garnish_recipe_global_143_032_0bd00218"
"5","نکته خرید: پیاز سفت و تازه انتخاب کنید","garnish_recipe_fa_86_ffcd0713|garnish_recipe_fa_92_397baf20|garnish_recipe_intl_083_57ce313d|garnish_recipe_intl_105_f093f056|garnish_recipe_intl_129_382f9727"
"5","ing_whole_egg_raw→ing_ground_flaxseed","garnish_recipe_fa_1235_f91ccc6d|garnish_recipe_fa_1262_9f42258a|garnish_recipe_fa_131_abd5e2d6|garnish_recipe_fa_133_139b05e2|garnish_recipe_intl_038_16764713"
"5","حذف ممکن است، اما عمق عطر کمتر می‌شود","garnish_recipe_global_143_110_9b1cffdd|garnish_recipe_global_143_112_ea1e7e26|garnish_recipe_global_143_119_e71710d8|garnish_recipe_intl_054_7d3ead5b|garnish_recipe_intl_114_6e7c743d"
"5","میکس کوتاه، بافت را زنده نگه می‌دارد:","garnish_recipe_fa_1554_6e31eecc|garnish_recipe_fa_1555_00844d92|garnish_recipe_fa_1563_68a06056|garnish_recipe_fa_1564_e9a872de|garnish_recipe_global_143_032_0bd00218"
"5","حفظ عطر میوه یا مغز بدون شیرینی اضافه","garnish_recipe_fa_1554_6e31eecc|garnish_recipe_fa_1555_00844d92|garnish_recipe_fa_1563_68a06056|garnish_recipe_fa_1564_e9a872de|garnish_recipe_global_143_032_0bd00218"
"5","فلفلِ تازه‌آسیاب‌شده عطر بیشتری دارد","garnish_recipe_fa_1052_8bde566e|garnish_recipe_fa_1077_1b3eec19|garnish_recipe_fa_1270_70cc3cff|garnish_recipe_fa_1323_cf6bcb5c|garnish_recipe_fa_1324_2b0dbfd9"
"5","ing_all_purpose_flour→ing_rice_flour","garnish_recipe_fa_119_2a846a21|garnish_recipe_fa_1333_db68905d|garnish_recipe_fa_1548_dc89130d|garnish_recipe_fa_179_9cb4bccf|garnish_recipe_intl_025_b9bdfd91"
"5","سرمای بخش پایه، قوام را نگه می‌دارد:","garnish_recipe_fa_1554_6e31eecc|garnish_recipe_fa_1555_00844d92|garnish_recipe_fa_1563_68a06056|garnish_recipe_fa_1564_e9a872de|garnish_recipe_global_143_032_0bd00218"
"5","پودر سیر عطر تازه و خام مشابه ندارد","garnish_recipe_fa_124_c0616f8d|garnish_recipe_intl_006_0abe82db|garnish_recipe_intl_035_d46eacaf|garnish_recipe_intl_093_1d61d86b|garnish_recipe_intl_126_dc234f18"
"5","میکس کوتاه برای جلوگیری از کف زیاد","garnish_recipe_fa_1554_6e31eecc|garnish_recipe_fa_1555_00844d92|garnish_recipe_fa_1563_68a06056|garnish_recipe_fa_1564_e9a872de|garnish_recipe_global_143_032_0bd00218"
"5","کنترل دمای آب برای جلوگیری از تلخی","garnish_recipe_global_143_026_e631bbb6|garnish_recipe_global_143_027_355acc01|garnish_recipe_global_143_034_51a63c81|garnish_recipe_global_143_036_bc4e7808|garnish_recipe_global_143_038_c723f599"
"5","فلفلِ تازه‌آسیاب عطر بیشتری دارد","garnish_recipe_fa_1290_f5fc285f|garnish_recipe_fa_1334_8963bd85|garnish_recipe_fa_1342_ce4a8da3|garnish_recipe_fa_197_dbaa9b9a|garnish_recipe_fa_875_f2ddeb1c"
"5","جایگزین واقعی در همین بافت ندارد","garnish_recipe_fa_191_de46bbb6|garnish_recipe_fa_196_9e48ca8f|garnish_recipe_intl_030_16d9e454|garnish_recipe_intl_054_7d3ead5b|garnish_recipe_intl_083_57ce313d"
"5","پیاز سفید نزدیک‌ترین جایگزین است","garnish_recipe_fa_142_3215f0b5|garnish_recipe_fa_191_de46bbb6|garnish_recipe_fa_196_9e48ca8f|garnish_recipe_fa_85_575ccb7a|garnish_recipe_fa_88_c20a5f8b"
"5","زمان این مرحله حدود 35 دقیقه است","garnish_recipe_global_143_065_c4cb085e|garnish_recipe_global_143_075_83dba9bf|garnish_recipe_global_143_082_4a659652|garnish_recipe_global_143_094_ebb15b77|garnish_recipe_global_143_095_65c4e5ac"
"5","سیر تازه بهتر از پودر سیر است","garnish_recipe_fa_105_606b3bee|garnish_recipe_fa_1562_0d149539|garnish_recipe_intl_008_df43915b|garnish_recipe_intl_044_2e127ee1|garnish_recipe_intl_067_995a81a6"
"5","تنظیم قوام با شیر یا میوه سرد","garnish_recipe_fa_1554_6e31eecc|garnish_recipe_fa_1555_00844d92|garnish_recipe_fa_1563_68a06056|garnish_recipe_fa_1564_e9a872de|garnish_recipe_global_143_032_0bd00218"
"5","صاف‌کردن یا هم‌زدن بدون گلوله","garnish_recipe_global_143_026_e631bbb6|garnish_recipe_global_143_027_355acc01|garnish_recipe_global_143_034_51a63c81|garnish_recipe_global_143_036_bc4e7808|garnish_recipe_global_143_038_c723f599"
"5","روغن آفتابگردان، با عطر کمتر","meze50_33_chickpea-sesame-crackers|meze50_39_harissa-cauliflower-florets-with-lemon-yogurt|meze50_40_sweet-potato-wedges-with-lemon-tahini|meze50_44_charred-broccoli-with-lemon-tahini|meze50_47_sumac-pita-chips-with-garlic-yogurt"
"5","سردکردن بخش پایه قبل از میکس","garnish_recipe_fa_1554_6e31eecc|garnish_recipe_fa_1555_00844d92|garnish_recipe_fa_1563_68a06056|garnish_recipe_fa_1564_e9a872de|garnish_recipe_global_143_032_0bd00218"
"5","تشخیص بافت نرم بدون جداشدگی","garnish_recipe_fa_1554_6e31eecc|garnish_recipe_fa_1555_00844d92|garnish_recipe_fa_1563_68a06056|garnish_recipe_fa_1564_e9a872de|garnish_recipe_global_143_032_0bd00218"
"5","سرو در دمای مناسب نوشیدنی","garnish_recipe_global_143_026_e631bbb6|garnish_recipe_global_143_027_355acc01|garnish_recipe_global_143_034_51a63c81|garnish_recipe_global_143_036_bc4e7808|garnish_recipe_global_143_038_c723f599"
"5","بی‌دخالت: حدود ۲۵ دقیقه","garnish_recipe_fa_125_31716f89|garnish_recipe_fa_1747_23e0a898|garnish_recipe_intl_085_31af330d|garnish_recipe_intl_099_594a1fb5|garnish_recipe_intl_141_16bce5b8"
"5","بی‌دخالت: حدود ۳۵ دقیقه","garnish_recipe_fa_113_2a1debd0|garnish_recipe_fa_177_c8caf164|garnish_recipe_intl_069_b980b37b|garnish_recipe_intl_094_a48d62c1|garnish_recipe_intl_142_44b006d6"
"5","تعادل شیرینی با عطر چای","garnish_recipe_global_143_026_e631bbb6|garnish_recipe_global_143_027_355acc01|garnish_recipe_global_143_034_51a63c81|garnish_recipe_global_143_036_bc4e7808|garnish_recipe_global_143_038_c723f599"
"5","ریز خردشده یا رنده‌شده","garnish_recipe_fa_1208_434b3a9a|garnish_recipe_fa_1307_4401749e|garnish_recipe_fa_1334_8963bd85|garnish_recipe_fa_1343_5bf8151c|garnish_recipe_intl_127_65e78281"
"5","دم‌آوری کوتاه و هدفمند","garnish_recipe_global_143_026_e631bbb6|garnish_recipe_global_143_027_355acc01|garnish_recipe_global_143_034_51a63c81|garnish_recipe_global_143_036_bc4e7808|garnish_recipe_global_143_038_c723f599"
"5","۱ و نیم قاشق چای‌خوری","garnish_recipe_fa_89_292dde1d|meze50_22_smoky-spiced-roasted-nuts|meze50_23_quick-cucumber-pickles|meze50_31_zaatar-sumac-deviled-eggs|meze50_47_sumac-pita-chips-with-garlic-yogurt"
"5","400 میلی‌لیتر (ضروری)","garnish_recipe_intl_017_6bc0bdc6|garnish_recipe_intl_047_f6cbcbb5|garnish_recipe_intl_050_23b57a98|garnish_recipe_intl_051_38dcc2df|garnish_recipe_intl_059_1736c8ad"
"5","2 قاشق غذاخوری (اصلی)","garnish_recipe_global_143_004_44168530|garnish_recipe_global_143_018_285f8e1b|garnish_recipe_global_143_055_f8fbb75e|garnish_recipe_global_143_122_fef6d7d8|garnish_recipe_global_143_123_a69d6cde"
"5","1 قاشق غذاخوری (اصلی)","garnish_recipe_global_143_122_fef6d7d8|garnish_recipe_global_143_132_32880128|garnish_recipe_global_143_135_2919e78e|garnish_recipe_global_143_136_0ebb92f9|garnish_recipe_global_143_143_6060b21f"
"5","گوشت سفت و خشک مانده","garnish_recipe_fa_1051_68dd60e0|garnish_recipe_fa_1251_3f83f105|garnish_recipe_fa_129_5d8a7866|garnish_recipe_fa_99_14f1018b|garnish_recipe_intl_098_0fbf4374"
"5","حدود ۲ پیمانه خردشده","garnish_recipe_fa_1052_8bde566e|garnish_recipe_fa_1251_3f83f105|garnish_recipe_fa_1290_f5fc285f|garnish_recipe_fa_164_8367ec24|garnish_recipe_fa_98_601bddc6"
"5","نخود کنسروی آبکش‌شده","garnish_recipe_fa_1208_434b3a9a|garnish_recipe_fa_1235_f91ccc6d|garnish_recipe_fa_77_3adf94d4|garnish_recipe_global_143_113_dcc8b929|garnish_recipe_global_143_115_0cc3ef7b"
"5","غذا بیش از حد شور شد","garnish_recipe_global_143_098_0f8fbedd|garnish_recipe_global_143_108_c446d87d|garnish_recipe_global_143_131_e8f2c6f0|garnish_recipe_global_143_135_2919e78e|garnish_recipe_intl_048_5b5471e4"
"5","۱ و نیم قاشق غذاخوری","garnish_recipe_fa_883_4b80bbcf|meze50_28_gochujang-cucumber-cups|meze50_29_garlic-chili-edamame|meze50_39_harissa-cauliflower-florets-with-lemon-yogurt|meze50_43_lentil-kofta-lettuce-cups"
"5","گوشت را مزه‌دار کنید","garnish_recipe_global_143_096_0e548c27|garnish_recipe_global_143_097_4fa8c5e5|garnish_recipe_global_143_112_ea1e7e26|garnish_recipe_global_143_121_ee99f013|garnish_recipe_global_143_139_91cb38b4"
"5","پودر کاکائو بدون شکر","garnish_recipe_global_143_029_c3687330|garnish_recipe_global_143_068_2f672fa4|garnish_recipe_global_143_073_99c342ec|garnish_recipe_global_143_089_59f271c3|garnish_recipe_global_143_092_87b53529"