path,status,owning_agent,finding_ids,acceptance_criteria,reason_required,classification,keep_or_revert,test_coverage,risk
"apps/server/src/ai/ai-core.module.ts","M","Backend Consent Boundary Agent","GAR-LAUNCH-008","AI snapshot resolution must use canonical current-policy personalization consent","Diff imports ConsentModule into AiCoreModule so BehavioralContextSnapshotService can fail closed at its own read boundary","BOUNDARY_REQUIRED","KEEP","behavioral-context-snapshot.service.spec.ts; focused AI snapshot lane 18/18","Medium: missing DI wiring would bypass the gate or break Nest startup"
"apps/server/src/ai/ai.module.ts","M","Backend Consent Boundary Agent","GAR-LAUNCH-008","Grounded assistant must not read optional user memory after deny or withdrawal","Diff wires ConsentModule into AiModule for GroundedReplyService rather than trusting caller state","BOUNDARY_REQUIRED","KEEP","grounded-reply.service.spec.ts; server build","Medium: assistant personalization could survive withdrawal"
"apps/server/src/ai/chat/grounded-reply.service.spec.ts","M","Backend Consent Boundary Agent","GAR-LAUNCH-008","Prove hard allergy flow remains while optional profile and UserFact reads are zero after withdrawal","Added withdrawal test constructs denied ConsentService and asserts no behavior-profile or fact IO","TEST_REQUIRED","KEEP","Self: grounded-reply personalization boundary","Low: test-only; protects safety/personalization separation"
"apps/server/src/ai/chat/grounded-reply.service.ts","M","Backend Consent Boundary Agent","GAR-LAUNCH-008","Assistant keeps core allergy filtering but suppresses optional remembered preferences without personalization","loadUserModel now checks ConsentService.hasPurpose(personalization) before UserBehaviorProfile/UserFact reads","BOUNDARY_REQUIRED","KEEP","grounded-reply.service.spec.ts","High: direct assistant call otherwise exposes optional memory"
"apps/server/src/ai/context/behavioral-context-snapshot.service.spec.ts","M","Personalization Data-Minimization Agent","GAR-LAUNCH-008","Runtime OFF or deny must omit budget and behavioral signals; active grant preserves existing path","Spec adds real current-policy/runtime fixtures and zero optional-read assertions","TEST_REQUIRED","KEEP","Self; focused smart-plan/notification/AI lane 18/18","Low: test-only; environment restoration must remain isolated"
"apps/server/src/ai/context/behavioral-context-snapshot.service.ts","M","Personalization Data-Minimization Agent","GAR-LAUNCH-008","Behavioral AI context must resolve canonical consent before preference or signal hydration","Diff injects ConsentService and uses a reduced diet/skill select when personalization is inactive","BOUNDARY_REQUIRED","KEEP","behavioral-context-snapshot.service.spec.ts","High: budget/profile signals could enter AI context after withdrawal"
"apps/server/src/ai/i18n/template-registry.spec.ts","M","Allergy & Onboarding Agent","GAR-LAUNCH-005","Allergy copy must not promise absolute safety","Added multilingual assertion rejecting always-safe/guarantee language in allergy templates","TEST_REQUIRED","KEEP","Self: TemplateRegistry allergy copy test","Low: copy regression coverage"
"apps/server/src/ai/i18n/template-registry.ts","M","Allergy & Onboarding Agent","GAR-LAUNCH-005","Launch-facing allergy assistance must be informational and require ingredient verification","Only allergy_offer and allergy_offer_unknown copy changed from always safe to warnings/filtering plus no-guarantee disclaimer","CORE_REQUIRED","KEEP","template-registry.spec.ts","High: reverting restores a medically unsafe absolute claim"
"apps/server/src/analytics/analytics.consent-gate.spec.ts","M","Consent & Analytics Agent","GAR-LAUNCH-007;GAR-LAUNCH-008","Deny, withdrawal, stale policy and runtime OFF produce zero optional event writes/routing","Expanded consent matrix exercises canonical UserConsent decisions and purpose-specific behavior","TEST_REQUIRED","KEEP","Self; consent/analytics focused lane 11/11 server","Low: test-only; central hard-gate evidence"
"apps/server/src/analytics/analytics.controller.ts","M","Consent & Analytics Agent","GAR-LAUNCH-007","Authenticated client ingest accepts only a bounded canonical event DTO","TrackEventDto is exported/validated and controller passes authenticated user rather than accepting identity from body","CORE_REQUIRED","KEEP","analytics.controller.spec.ts; analytics.consent-gate.spec.ts","High: direct API injection can bypass client opt-out"
"apps/server/src/analytics/analytics.service.ts","M","Consent & Analytics Agent","GAR-LAUNCH-007;GAR-LAUNCH-008","No optional UserEvent write before runtime and current-purpose checks; stored payload is sanitized/provenanced","trackEvent now applies runtime guard, canonical consent, sanitization and consentPurpose before create/routing","CORE_REQUIRED","KEEP","analytics.consent-gate.spec.ts; payload-sanitizer.spec.ts","Critical: this is the canonical first-party ingest boundary"
"apps/server/src/analytics/event-enrichment.service.ts","M","Backend Consent Boundary Agent","GAR-LAUNCH-007;GAR-LAUNCH-008","Enrichment touches only personalization-provenance events with current analytics+personalization at read and write","Diff adds ConsentService gate and provenance predicate, including recheck before updateMany","BOUNDARY_REQUIRED","KEEP","event-enrichment.service.spec.ts","High: enrichment could repurpose analytics/legacy rows after withdrawal"
"apps/server/src/analytics/event-quality.service.spec.ts","M","Backend Consent Boundary Agent","GAR-LAUNCH-008","Existing event-quality integration must construct newly consent-gated GamificationService without weakening assertions","Only test harness dependency changed to provide explicit granted consent","TEST_REQUIRED","KEEP","Self: EventQualityService to Gamification E2E","Low: compatibility fixture for new constructor"
"apps/server/src/analytics/intelligence/ops-intelligence.service.spec.ts","M","Consent & Analytics Agent","GAR-LAUNCH-007","Analytics OFF returns honest disabled health output with zero UserEvent quality IO","Added runtime-OFF test and environment restoration","TEST_REQUIRED","KEEP","Self: OpsIntelligence deterministic suite","Low: test-only; admin closure may extend this contract"
"apps/server/src/analytics/intelligence/ops-intelligence.service.ts","M","Consent & Analytics Agent","GAR-LAUNCH-007","Workflow intelligence must not read legacy optional analytics while runtime is OFF","health now checks isOptionalPurposeRuntimeEnabled and active query filters consentPurpose=analytics","BOUNDARY_REQUIRED","KEEP","ops-intelligence.service.spec.ts; workflow-nodes.service.spec.ts","High: scheduled workflow otherwise bypasses request gates"
"apps/server/src/analytics/payload-sanitizer.spec.ts","M","Consent & Analytics Agent","GAR-LAUNCH-007","PII-like values and unbounded payload fields are rejected or removed","Spec adds sanitizer cases for newly detected PII values and canonical types","TEST_REQUIRED","KEEP","Self: sanitizePayload privacy suite","Low: test-only"
"apps/server/src/analytics/payload-sanitizer.ts","M","Consent & Analytics Agent","GAR-LAUNCH-007","Stored optional analytics payload must be bounded and exclude keys/values carrying direct identifiers","Diff expands PII detection, bounded scalar sanitization and canonical event type inventory","CORE_REQUIRED","KEEP","payload-sanitizer.spec.ts; analytics.controller.spec.ts","High: raw PII could enter UserEvent"
"apps/server/src/app.module.ts","M","Session & PWA Isolation Agent","GAR-LAUNCH-009","All credential-bearing/private responses must emit private no-store headers centrally","Diff registers PrivateCacheControlInterceptor as APP_INTERCEPTOR","CORE_REQUIRED","KEEP","private-cache-control.interceptor.spec.ts; server build","High: missing global registration leaves controller gaps cacheable"
"apps/server/src/auth/auth.service.spec.ts","M","Consent & Analytics Agent","GAR-LAUNCH-007","Registration and Google login must create no pre-consent UserEvent","Added assertions that userEvent.create is never called by auth entry paths","TEST_REQUIRED","KEEP","Self: OTP/Google auth suites","Low: test-only"
"apps/server/src/auth/auth.service.ts","M","Consent & Analytics Agent","GAR-LAUNCH-007","Authentication must not emit optional funnel analytics before a user decision","Diff removes three direct register/login UserEvent writes while leaving token behavior narrow","CORE_REQUIRED","KEEP","auth.service.spec.ts","High: auth-side producer previously bypassed AnalyticsService"
"apps/server/src/behavior-engine/behavior-engine-scheduler.service.ts","M","Backend Consent Boundary Agent","GAR-LAUNCH-008","Personalization runtime OFF must stop scheduler before user discovery or optional table IO","Diff adds pre-IO runtime return, personalization provenance and removes arbitrary-user churn event workaround","BOUNDARY_REQUIRED","KEEP","behavior-engine.consent-boundary.spec.ts; scheduler covered by focused backend lane","High: cron can process all users without request consent"
"apps/server/src/behavior-engine/behavior-engine.module.ts","M","Backend Consent Boundary Agent","GAR-LAUNCH-008","Behavior engine services/scheduler must receive canonical ConsentService","Diff imports ConsentModule into BehaviorEngineModule","BOUNDARY_REQUIRED","KEEP","behavior-engine.consent-boundary.spec.ts; server build","Medium: DI failure or local consent reimplementation"
"apps/server/src/behavior-engine/behavior-engine.service.ts","M","Backend Consent Boundary Agent","GAR-LAUNCH-008","Direct or scheduled profile mutation must fail closed before behavior reads/writes","processUserEvent now resolves personalization at the mutation boundary","BOUNDARY_REQUIRED","KEEP","behavior-engine.consent-boundary.spec.ts","High: direct callers otherwise bypass controller-level gates"
"apps/server/src/behavior-engine/feature-store/feature-store.service.spec.ts","M","Recommendation Consent Gate Agent","GAR-LAUNCH-008","Withdrawal returns cold/empty vectors with zero private reads/writes and provenance filtering","Added denied/read-error/recheck assertions around vector read and rebuild","TEST_REQUIRED","KEEP","Self; recommendation focused lane 116/116","Low: test-only"
"apps/server/src/behavior-engine/feature-store/feature-store.service.ts","M","Recommendation Consent Gate Agent","GAR-LAUNCH-008","Feature-vector read/rebuild/maturity is personalization-only and legacy analytics rows cannot feed it","Diff gates each public method, filters consentPurpose=personalization and rechecks before persistence","BOUNDARY_REQUIRED","KEEP","feature-store.service.spec.ts","High: derived profile could remain active after withdrawal"
"apps/server/src/behavior-engine/profile/declared/declared-dimension-registry.ts","M","Allergy & Onboarding Agent","GAR-LAUNCH-005","Declared allergy dimension must describe binary persisted state, not unsupported severity","Single diff changes label/value semantics from severity claim to binary names","CORE_REQUIRED","KEEP","declared-profile.spec.ts","Medium: old metadata falsely implied enforced intensity"
"apps/server/src/behavior-engine/profile/declared/declared-profile.spec.ts","M","Allergy & Onboarding Agent","GAR-LAUNCH-005","Registry must not expose severity/intensity language for allergy state","Added assertion on exact declared-dimension metadata","TEST_REQUIRED","KEEP","Self: PROFILE-L4-05 registry suite","Low: test-only"
"apps/server/src/behavior-engine/profile/profile.module.ts","M","Backend Consent Boundary Agent","GAR-LAUNCH-008","Profile reads/submissions must resolve canonical current-policy consent","Diff imports ConsentModule for ProfileReadService","BOUNDARY_REQUIRED","KEEP","profile-read.service.spec.ts; food-dna-projection.spec.ts","Medium: DI is necessary for fail-closed profile boundary"
"apps/server/src/behavior-engine/profile/read/food-dna-projection.spec.ts","M","Backend Consent Boundary Agent","GAR-LAUNCH-008","Food-DNA active path uses explicit runtime+current grant; inactive path remains non-personalized","Spec now controls personalization runtime and policy-version fixtures deterministically","TEST_REQUIRED","KEEP","Self: food-dna projection suite","Medium: full-suite isolation previously exposed env-dependent failures"
"apps/server/src/behavior-engine/profile/read/profile-read.service.spec.ts","M","Backend Consent Boundary Agent","GAR-LAUNCH-007;GAR-LAUNCH-008","Profile read/answer routing distinguishes effective current purposes and omits optional stores when inactive","Tests add real runtime/current-policy fixtures and zero optional-read cases","TEST_REQUIRED","KEEP","Self: ProfileReadService L0 and submitAnswer suites","Medium: environment isolation is required"
"apps/server/src/behavior-engine/profile/read/profile-read.service.ts","M","Backend Consent Boundary Agent","GAR-LAUNCH-007;GAR-LAUNCH-008","Core diet/skill/allergy reads remain; UserFact/budget/optional profile reads require effective personalization","getConsentState delegates to ConsentService and getDeclaredAnswers has includeOptional=false default","BOUNDARY_REQUIRED","KEEP","profile-read.service.spec.ts; food-dna-projection.spec.ts","High: central profile API could leak optional data after withdrawal"
"apps/server/src/behavior-engine/profile/reconciliation/profile-reconciliation.spec.ts","M","Allergy & Onboarding Agent","GAR-LAUNCH-005","Reconciled allergy explanation must avoid absolute enforcement claims","Expected safety explanation updated to informational/no-guarantee wording","TEST_REQUIRED","KEEP","Self: reconciliation allergy precedence suite","Low: copy assertion"
"apps/server/src/behavior-engine/profile/reconciliation/profile-reconciliation.ts","M","Allergy & Onboarding Agent","GAR-LAUNCH-005","Reconciliation may preserve declared-allergy precedence but cannot promise guaranteed safety","Only safeExplanation copy changes from absolute to informational with ingredient-check warning","CORE_REQUIRED","KEEP","profile-reconciliation.spec.ts","High: reverting restores false safety claim"
"apps/server/src/behavior-engine/routing/event-outbox.service.spec.ts","M","Backend Consent Boundary Agent","GAR-LAUNCH-008","Queued personalization events are terminally suppressed after deny/withdrawal and not retried","Expanded outbox tests cover consentPurpose provenance, denial, race and ledger interruption","TEST_REQUIRED","KEEP","Self: durable routing suite","Low: test-only"
"apps/server/src/behavior-engine/routing/event-outbox.service.ts","M","Backend Consent Boundary Agent","GAR-LAUNCH-008","Outbox cannot replay queued personalization work after consent loss","Diff checks canonical consent/provenance before routing and marks denied items suppressed rather than retryable","BOUNDARY_REQUIRED","KEEP","event-outbox.service.spec.ts","High: delayed queue replay is an explicit adversarial case"
"apps/server/src/behavior-engine/signals/signal-detector.service.ts","M","Recommendation Consent Gate Agent","GAR-LAUNCH-008","Scheduled signal derivation checks consent before per-user event IO and uses personalization provenance","Diff gates each account, filters UserEvent count and fails closed on consent errors","BOUNDARY_REQUIRED","KEEP","signal-detector.service.spec.ts","High: cron-derived taste signals could survive withdrawal"
"apps/server/src/behavior-engine/signals/taste-correction.service.spec.ts","M","Backend Consent Boundary Agent","GAR-LAUNCH-008","Direct taste correction performs zero optional work on deny/error and active tests use explicit runtime","Spec adds canonical consent fixture and withdrawal coverage","TEST_REQUIRED","KEEP","Self: TasteCorrectionService FI-4.1","Medium: runtime env must be restored"
"apps/server/src/behavior-engine/signals/taste-correction.service.ts","M","Backend Consent Boundary Agent","GAR-LAUNCH-008","Taste preference reads/writes require current personalization; deletion remains available for withdrawal cleanup","Diff gates list/update paths through ConsentService and preserves deleteMany cleanup","BOUNDARY_REQUIRED","KEEP","taste-correction.service.spec.ts","High: taste store is direct optional profile data"
"apps/server/src/behavior-engine/snapshots/snapshot-builder.service.ts","M","Recommendation Consent Gate Agent","GAR-LAUNCH-008","Snapshot build and persistence require personalization and read only personalization-provenance events","Diff gates build/buildAll, filters provenance and rechecks before write","BOUNDARY_REQUIRED","KEEP","snapshot-builder.service.spec.ts","High: snapshots are derived optional profiles"
"apps/server/src/briefing/briefing.module.ts","M","Backend Consent Boundary Agent","GAR-LAUNCH-008","Briefing service must receive canonical ConsentService","Diff imports ConsentModule into BriefingModule","BOUNDARY_REQUIRED","KEEP","briefing.service.spec.ts; server build","Medium: constructor/DI coupling"
"apps/server/src/briefing/briefing.service.spec.ts","M","Backend Consent Boundary Agent","GAR-LAUNCH-007;GAR-LAUNCH-008","Denied briefing returns non-personalized output with no optional reads; analytics suppression stays honest","Test harness adds consent and analytics outcomes plus denied-path assertions","TEST_REQUIRED","KEEP","Self: BriefingService suite","Low: test-only"
"apps/server/src/briefing/briefing.service.ts","M","Backend Consent Boundary Agent","GAR-LAUNCH-007;GAR-LAUNCH-008","Briefing must not read profile/history or claim personalization after deny","Diff checks personalization before tailored IO and returns personalizationEnabled=false fallback","BOUNDARY_REQUIRED","KEEP","briefing.service.spec.ts","High: user-facing briefing aggregates multiple optional stores"
"apps/server/src/common/serializers/user.serializer.spec.ts","M","Allergy & Onboarding Agent","GAR-LAUNCH-004","Partial serializer fixtures must not invent onboardingComplete; full user response derives it safely","One expectation covers conditional onboarding completion serialization","TEST_REQUIRED","KEEP","Self: user.serializer E2","Low: test-only"
"apps/server/src/common/serializers/user.serializer.ts","M","Allergy & Onboarding Agent","GAR-LAUNCH-004","Client completion state must reflect persisted onboardingCompletedAt without altering partial objects","Diff synthesizes onboardingComplete only when onboardingCompletedAt is present","CORE_REQUIRED","KEEP","user.serializer.spec.ts; users-onboarding.spec.ts","Medium: incorrect derivation can unlock onboarding prematurely"
"apps/server/src/consent/consent.service.spec.ts","M","Consent & Analytics Agent","GAR-LAUNCH-007;GAR-LAUNCH-008","Latest-decision/current-policy semantics and default-off runtime are proven for each purpose","Large spec rewrite covers stale versions, decline, withdrawal, exact ACK and runtime flags","TEST_REQUIRED","KEEP","Self; consent focused suite","Low: central policy evidence"
"apps/server/src/consent/consent.service.ts","M","Consent & Analytics Agent","GAR-LAUNCH-007;GAR-LAUNCH-008","One canonical service resolves recorded grants separately from effective runtime-enabled processing","Diff defines purposes, current-policy latest decision, exact write ACK and optional runtime fail-closed behavior","CORE_REQUIRED","KEEP","consent.service.spec.ts; users-consent.spec.ts","Critical: all optional-processing boundaries depend on this truth source"
"apps/server/src/gamification/gamification.module.ts","M","Backend Consent Boundary Agent","GAR-LAUNCH-008","Gamification must receive canonical personalization consent","Diff imports ConsentModule","BOUNDARY_REQUIRED","KEEP","gamification.service.spec.ts; server build","Medium: DI coupling"
"apps/server/src/gamification/gamification.service.spec.ts","M","Backend Consent Boundary Agent","GAR-LAUNCH-008","Denied gamification performs no optional profile/event reads and returns honest baseline","Spec adds injected consent states and zero-IO assertions","TEST_REQUIRED","KEEP","Self: GamificationService suite","Low: test-only"
"apps/server/src/gamification/gamification.service.ts","M","Backend Consent Boundary Agent","GAR-LAUNCH-008","Gamification streak/tailoring cannot use behavior history without personalization","Diff gates personalized calculations with ConsentService and returns neutral output when denied","BOUNDARY_REQUIRED","KEEP","gamification.service.spec.ts","High: derived engagement profile is optional processing"
"apps/server/src/meal-plans/meal-plans.module.ts","M","Personalization Data-Minimization Agent","GAR-LAUNCH-008","Smart plan service must receive canonical consent","Diff imports ConsentModule into MealPlansModule","BOUNDARY_REQUIRED","KEEP","meal-plans.smart-plan-consent.spec.ts; server build","Medium: DI coupling"
"apps/server/src/meal-plans/meal-plans.service.ts","M","Personalization Data-Minimization Agent","GAR-LAUNCH-008","Smart plan always uses core diet/skill and hard safety; optional budget requires personalization","Diff resolves consent before preference select and excludes budget/cost filter when inactive","BOUNDARY_REQUIRED","KEEP","meal-plans.smart-plan-consent.spec.ts; meal-plans.service.spec.ts","High: budget is optional user profiling"
"apps/server/src/meal-plans/planner/fi-step-1-3-planner.spec.ts","M","Backend Consent Boundary Agent","GAR-LAUNCH-008","Existing planner fixture must explicitly grant personalization for historical-event behavior","Constructor fixture adds consent mock without changing planning assertions","TEST_REQUIRED","KEEP","Self: FI step 1-3 planner suite","Low: compatibility test update"
"apps/server/src/meal-plans/planner/meal-plan-course-gate.spec.ts","M","Backend Consent Boundary Agent","GAR-LAUNCH-008","Course-gate planner fixture remains active only under explicit consent","Constructor fixture updated for ConsentService dependency","TEST_REQUIRED","KEEP","Self: meal-plan course gate","Low: compatibility test update"
"apps/server/src/meal-plans/planner/meal-plan-planner.service.spec.ts","M","Backend Consent Boundary Agent","GAR-LAUNCH-008","Denied planner skips UserEvent tailoring while retaining core plan behavior","Spec adds consent mock and denied-path expectations","TEST_REQUIRED","KEEP","Self: MealPlanPlannerService suite","Low: test-only"
"apps/server/src/meal-plans/planner/meal-plan-planner.service.ts","M","Backend Consent Boundary Agent","GAR-LAUNCH-008","Planner historical UserEvent reads require personalization and provenance","Diff injects ConsentService, gates event reads and filters consentPurpose=personalization","BOUNDARY_REQUIRED","KEEP","meal-plan-planner.service.spec.ts","High: meal history can tailor plans after withdrawal"
"apps/server/src/meal-plans/planner/planner-shopping-qa-gate.spec.ts","M","Backend Consent Boundary Agent","GAR-LAUNCH-008","Shopping QA planner fixture explicitly supplies active consent","Constructor-only test update preserves original assertions","TEST_REQUIRED","KEEP","Self: planner shopping QA gate","Low: compatibility test update"
"apps/server/src/notifications/notifications.module.ts","M","Personalization Data-Minimization Agent","GAR-LAUNCH-008","Smart suggestion service must receive canonical consent","Diff imports ConsentModule and wires dependency","BOUNDARY_REQUIRED","KEEP","notifications.smart-suggestion-consent.spec.ts; server build","Medium: DI coupling"
"apps/server/src/notifications/notifications.service.ts","M","Personalization Data-Minimization Agent","GAR-LAUNCH-008","Smart suggestions must return null before profile/meal/favorite/notification IO when inactive","Diff places personalization check before all optional reads/writes","BOUNDARY_REQUIRED","KEEP","notifications.smart-suggestion-consent.spec.ts","High: scheduled/direct suggestion path could bypass UI"
"apps/server/src/outcomes/adherence-outcome.service.ts","M","Outcomes Consent Gate Agent","GAR-LAUNCH-008","Weekly adherence derivation checks personalization before meal-plan/outcome IO","Diff injects ConsentService and skips denied/error users","BOUNDARY_REQUIRED","KEEP","outcomes.consent-gate.spec.ts","High: weekly job derives sensitive user outcomes"
"apps/server/src/outcomes/behavior-outcome.service.ts","M","Outcomes Consent Gate Agent","GAR-LAUNCH-008","Weekly behavior derivation checks personalization before shopping/outcome IO","Diff injects ConsentService and skips denied/error users","BOUNDARY_REQUIRED","KEEP","outcomes.consent-gate.spec.ts","High: shopping behavior is optional derived data"
"apps/server/src/outcomes/health-outcome.service.ts","M","Outcomes Consent Gate Agent","GAR-LAUNCH-008","Weekly health derivation checks personalization before meal-plan/outcome IO","Diff injects ConsentService and skips denied/error users","BOUNDARY_REQUIRED","KEEP","outcomes.consent-gate.spec.ts","High: health-labeled outcome derivation is sensitive"
"apps/server/src/outcomes/outcomes.module.ts","M","Outcomes Consent Gate Agent","GAR-LAUNCH-008","All outcome jobs receive the same canonical ConsentService","Diff imports ConsentModule into OutcomesModule","BOUNDARY_REQUIRED","KEEP","outcomes.consent-gate.spec.ts; server build","Medium: DI coupling"
"apps/server/src/recipes/recipes.service.spec.ts","M","Consent & Analytics Agent","GAR-LAUNCH-007;GAR-LAUNCH-008","Public recipe rail performs zero engagement IO while analytics runtime is OFF and uses only provenanced events when ON","Diff tests default-off determinism, analytics/personalization provenance and absence of MealSlot reads; no recipe fixture/content changes","TEST_REQUIRED","KEEP","Self: RecipesService findAll suite","Medium: only approved recipe-domain test exception"
"apps/server/src/recipes/recipes.service.ts","M","Consent & Analytics Agent","GAR-LAUNCH-007;GAR-LAUNCH-008","Public ordering must not process optional engagement while runtime is OFF or unprovenanced MealSlot/legacy events when ON","getRecipeEngagement now returns before DB IO when OFF, filters UserEvent provenance and removes MealSlot aggregate; no recipe/ingredient record, schema or content changes","BOUNDARY_REQUIRED","KEEP","recipes.service.spec.ts","High: reverting reopens optional aggregate DB IO; approved recipe-domain exception"
"apps/server/src/recommendation/evaluation/recommendation-evaluator.service.spec.ts","M","Recommendation Consent Gate Agent","GAR-LAUNCH-007;GAR-LAUNCH-008","Evaluation performs no per-user reads/writes without both purposes and excludes non-personalization event evidence","Added direct-service deny/error/provenance tests","TEST_REQUIRED","KEEP","Self; recommendation focused lane 116/116","Low: test-only"
"apps/server/src/recommendation/evaluation/recommendation-evaluator.service.ts","M","Recommendation Consent Gate Agent","GAR-LAUNCH-007;GAR-LAUNCH-008","Recommendation evaluation is optional analytics over personalized data and requires both current purposes","Diff gates evaluator before exposure/event/outcome IO and filters event provenance","BOUNDARY_REQUIRED","KEEP","recommendation-evaluator.service.spec.ts","High: offline evaluation could profile withdrawn users"
"apps/server/src/recommendation/evaluation/recommendation-metrics.service.spec.ts","M","Recommendation Consent Gate Agent","GAR-LAUNCH-007;GAR-LAUNCH-008","Metrics cron runtime OFF performs zero optional delegate/DB work","Added explicit default-off and active-runtime coverage","TEST_REQUIRED","KEEP","Self: RecommendationMetricsService suite","Low: test-only"
"apps/server/src/recommendation/evaluation/recommendation-metrics.service.ts","M","Recommendation Consent Gate Agent","GAR-LAUNCH-007;GAR-LAUNCH-008","Scheduled recommendation metrics must stop before optional analytics/personalization IO","Diff adds both runtime-switch checks ahead of cron delegate work","BOUNDARY_REQUIRED","KEEP","recommendation-metrics.service.spec.ts","High: cron bypasses request guards"
"apps/server/src/recommendation/evaluation/recommendation-reward.service.spec.ts","M","Recommendation Consent Gate Agent","GAR-LAUNCH-007;GAR-LAUNCH-008","Reward derivation requires both purposes and personalization-provenance events","Added deny/read-error/legacy-row assertions with positive control","TEST_REQUIRED","KEEP","Self; recommendation focused lane","Low: test-only"
"apps/server/src/recommendation/evaluation/recommendation-reward.service.ts","M","Recommendation Consent Gate Agent","GAR-LAUNCH-007;GAR-LAUNCH-008","Per-user reward/outcome derivation must not run after analytics or personalization withdrawal","Diff gates direct method and filters UserEvent consentPurpose=personalization","BOUNDARY_REQUIRED","KEEP","recommendation-reward.service.spec.ts","High: derived reward could reactivate legacy data"
"apps/server/src/recommendation/exposure/exposure-tracking.service.spec.ts","M","Recommendation Consent Gate Agent","GAR-LAUNCH-007;GAR-LAUNCH-008","Exposure writes/history/fatigue require both purposes with constant consent-query count per slate","Added direct denied/error/N+1/provenance tests","TEST_REQUIRED","KEEP","Self; recommendation focused lane","Low: test-only"
"apps/server/src/recommendation/exposure/exposure-tracking.service.ts","M","Recommendation Consent Gate Agent","GAR-LAUNCH-007;GAR-LAUNCH-008","RecommendationExposure telemetry and penalties are allowed only with analytics+personalization","Diff adds purpose gates to writes/reads and resolves consent once per slate","BOUNDARY_REQUIRED","KEEP","exposure-tracking.service.spec.ts","High: direct telemetry writer otherwise bypasses analytics ingest gate"
"apps/server/src/recommendation/pipeline/candidate-generator.spec.ts","M","Recommendation Consent Gate Agent","GAR-LAUNCH-007;GAR-LAUNCH-008","Denied personalization uses generic public+safety candidates with zero private source reads; public aggregate obeys analytics runtime","Large matrix proves no embeddings/collaboration/profile/event IO and provenanced active aggregate","TEST_REQUIRED","KEEP","Self; recommendation focused lane","Low: test-only"
"apps/server/src/recommendation/pipeline/candidate-generator.ts","M","Recommendation Consent Gate Agent","GAR-LAUNCH-007;GAR-LAUNCH-008","Without personalization, recommendations use only generic public discovery plus declared hard-safety filter","Diff branches sources on canonical consent, gates trending analytics runtime and filters event provenance","BOUNDARY_REQUIRED","KEEP","candidate-generator.spec.ts","Critical: recommendation is the primary optional-processing surface"
"apps/server/src/recommendation/pipeline/fi-phase-2-2-effort-skill-graft.spec.ts","M","Recommendation Consent Gate Agent","GAR-LAUNCH-008","Existing effort/skill rank test explicitly provides exposure and consent dependencies","Only constructor harness changed; original ranking assertions remain","TEST_REQUIRED","KEEP","Self: FI phase 2.2","Low: compatibility fixture"
"apps/server/src/recommendation/pipeline/fi-phase-2-3-ingredient-soft-taste.spec.ts","M","Recommendation Consent Gate Agent","GAR-LAUNCH-008","Existing soft-taste rank test explicitly provides exposure and consent dependencies","Only constructor harness changed; original assertions remain","TEST_REQUIRED","KEEP","Self: FI phase 2.3","Low: compatibility fixture"
"apps/server/src/recommendation/pipeline/fi-step-1-ranker-effect.spec.ts","M","Recommendation Consent Gate Agent","GAR-LAUNCH-008","Existing ranker-effect fixture explicitly grants personalization","Constructor harness adds exposure/consent mocks","TEST_REQUIRED","KEEP","Self: FI step 1 ranker effect","Low: compatibility fixture"
"apps/server/src/recommendation/pipeline/l0-loop.integration.spec.ts","M","Recommendation Consent Gate Agent","GAR-LAUNCH-008","L0 integration keeps active path under explicit consent","Constructor harness adds exposure and consent dependencies without assertion weakening","TEST_REQUIRED","KEEP","Self: L0 loop integration","Low: compatibility fixture"
"apps/server/src/recommendation/pipeline/ranking.recipe-prior-step5.spec.ts","M","Recommendation Consent Gate Agent","GAR-LAUNCH-007;GAR-LAUNCH-008","Recipe-prior Step 5 fixture remains explicit about analytics/personalization dependencies","Minimal constructor/expectation adaptation preserves prior behavior","TEST_REQUIRED","KEEP","Self: ranking recipe-prior step5","Low: compatibility fixture"
"apps/server/src/recommendation/pipeline/ranking.recipe-prior.spec.ts","M","Recommendation Consent Gate Agent","GAR-LAUNCH-007;GAR-LAUNCH-008","Recipe-prior active test supplies exposure tracking and current consent","Fixture update is required by RankingService boundary injection","TEST_REQUIRED","KEEP","Self: ranking recipe-prior suite","Low: compatibility fixture"
"apps/server/src/recommendation/pipeline/ranking.service.spec.ts","M","Recommendation Consent Gate Agent","GAR-LAUNCH-007;GAR-LAUNCH-008","Withdrawal cold-ranks with no vector/experiment/exposure IO; analytics-off avoids popularity and learned-source IO","Expanded tests assert provenance, neutral fallbacks and direct-service gates","TEST_REQUIRED","KEEP","Self; recommendation focused lane","Low: test-only"
"apps/server/src/recommendation/pipeline/ranking.service.ts","M","Recommendation Consent Gate Agent","GAR-LAUNCH-007;GAR-LAUNCH-008","Ranking separates personalization features from analytics learning and falls back to generic cold rank","Diff gates feature vector, experiments, learned weights/priors, exposure history and contribution logs by purpose","BOUNDARY_REQUIRED","KEEP","ranking.service.spec.ts","Critical: a personalized rank can leak optional history without any UI signal"
"apps/server/src/recommendation/pipeline/recommendation-counters.service.spec.ts","M","Recommendation Consent Gate Agent","GAR-LAUNCH-007;GAR-LAUNCH-008","Served-slate counters write zero rows unless both purposes are current","Added direct deny tests for each purpose and active control","TEST_REQUIRED","KEEP","Self: RecommendationCountersService suite","Low: test-only"
"apps/server/src/recommendation/pipeline/recommendation-counters.service.ts","M","Recommendation Consent Gate Agent","GAR-LAUNCH-007;GAR-LAUNCH-008","RecommendationServedItem counters are optional telemetry requiring analytics+personalization","Diff injects ConsentService and returns zero before createMany when either purpose is absent","BOUNDARY_REQUIRED","KEEP","recommendation-counters.service.spec.ts","High: counter writer is outside AnalyticsService"
"apps/server/src/recommendation/recommendation-requestid-capstone.spec.ts","M","Recommendation Consent Gate Agent","GAR-LAUNCH-007;GAR-LAUNCH-008","Request-id attribution capstone uses explicit canonical consent dependencies","Harness adds consent/userConsent mocks required by gated pipeline","TEST_REQUIRED","KEEP","Self: recommendation requestId capstone","Low: compatibility fixture"
"apps/server/src/recommendation/recommendation.controller.spec.ts","M","Recommendation Consent Gate Agent","GAR-LAUNCH-007;GAR-LAUNCH-008","Impression endpoint rejects malformed bodies and reports accepted/learned=false when gated writers suppress","Added DTO/honest-result tests for direct controller calls","TEST_REQUIRED","KEEP","Self; recommendation focused lane","Low: test-only"
"apps/server/src/recommendation/recommendation.controller.ts","M","Recommendation Consent Gate Agent","GAR-LAUNCH-007;GAR-LAUNCH-008","Impression API uses bounded DTO and never claims learning when exposure/analytics writes are suppressed","Diff replaces untyped body, counts actual writes and returns honest suppression contract","BOUNDARY_REQUIRED","KEEP","recommendation.controller.spec.ts; track-impression.dto.ts","High: public-facing telemetry path can bypass useAnalytics"
"apps/server/src/recommendation/recommendation.module.ts","M","Recommendation Consent Gate Agent","GAR-LAUNCH-008","Recommendation services and shadow runtime share canonical ConsentService","Diff imports ConsentModule and binds SHADOW_CONSENT_PORT to canonical adapter","BOUNDARY_REQUIRED","KEEP","recommendation shadow adapter spec; server build","Medium: DI/plumbing across recommendation graph"
"apps/server/src/recommendation/runtime-shadow/recommendation-shadow-a8-adapters.ts","M","Recommendation Consent Gate Agent","GAR-LAUNCH-008","A8 shadow feed reads only personalization-provenance signal observations and canonical consent","Diff adds ConsentService adapter and event.consentPurpose filter to SignalObservation query","BOUNDARY_REQUIRED","KEEP","recommendation-shadow-a8-consent-adapter.spec.ts","High: diagnostics/shadow path could bypass public pipeline"
"apps/server/src/recommendation/runtime-shadow/recommendation-shadow-consent-plumbing.ts","M","Recommendation Consent Gate Agent","GAR-LAUNCH-008","Shadow purpose mapping must delegate latest/current-policy semantics rather than trust request assertions","Diff documents canonical UserConsent mapping and removes weaker persisted assumptions","BOUNDARY_REQUIRED","KEEP","recommendation-shadow-a8-consent-adapter.spec.ts","Medium: contract plumbing can silently diverge"
"apps/server/src/recommendation/runtime-shadow/recommendation-shadow-profile-feed.types.ts","M","Recommendation Consent Gate Agent","GAR-LAUNCH-008","Shadow profile port types explicitly describe canonical optional-purpose IO","Type comments/shape updated for canonical current-policy consent port","BOUNDARY_REQUIRED","KEEP","TypeScript build; shadow adapter spec","Low: type-contract clarification supports enforced adapter"
"apps/server/src/users/users-add-allergies.spec.ts","M","Allergy & Onboarding Agent","GAR-LAUNCH-005;GAR-LAUNCH-006","Invalid/all-free-text allergy replacement is rejected atomically and cannot erase known state","Diff changes allowlist expectation to fail before transaction/upsert","TEST_REQUIRED","KEEP","Self: UsersService allergy allowlist suite","Low: test-only"
"apps/server/src/users/users.controller.ts","M","Allergy & Onboarding Agent","GAR-LAUNCH-004;GAR-LAUNCH-006;GAR-LAUNCH-007;GAR-LAUNCH-008","Expose atomic onboarding and bounded consent commands while profile/legacy completion paths remain authenticated","Diff adds CompleteOnboardingDto/UpdateConsentDto routes and narrows profile responses","CORE_REQUIRED","KEEP","users-onboarding.spec.ts; users-consent.spec.ts; controller compile","Critical: HTTP contract determines whether clients can bypass atomic completion"
"apps/server/src/users/users.service.ts","M","Allergy & Onboarding Agent","GAR-LAUNCH-004;GAR-LAUNCH-005;GAR-LAUNCH-006;GAR-LAUNCH-007;GAR-LAUNCH-008","Atomic onboarding writes/read-back/completion; field-specific preferences; exact consent state; optional fields gated","Diff adds Serializable transaction+retry, binary allergy validation, current Terms/personalization proof, effective consent response and legacy completion derivation","CORE_REQUIRED","KEEP","users-onboarding.spec.ts; users-consent.spec.ts; users-preferences-consent.spec.ts; users-add-allergies.spec.ts","Critical: largest direct implementation; transaction and legacy compatibility require full-suite verification"
"apps/server/src/workflow/workflow-nodes.service.spec.ts","M","Consent & Analytics Agent","GAR-LAUNCH-007","Analytics-off content-gap workflow returns disabled output with zero UserEvent IO","Added explicit runtime-off direct-service test","TEST_REQUIRED","KEEP","Self: WorkflowNodesService safety behavior","Low: test-only"
"apps/server/src/workflow/workflow-nodes.service.ts","M","Consent & Analytics Agent","GAR-LAUNCH-007","Default-enabled workflow cannot count optional events while analytics processing is OFF","Diff checks runtime before contentGaps UserEvent count and filters active rows by analytics provenance","BOUNDARY_REQUIRED","KEEP","workflow-nodes.service.spec.ts; ops-intelligence.service.spec.ts","High: workflow cron can bypass API-level consent"
"apps/web/src/App.jsx","M","Consent & Analytics Agent","GAR-LAUNCH-007","RouteTracker must collect no navigation/click/dwell state before effective analytics consent and clear pending state on withdrawal","Diff gates every collection/send point with hasAnalyticsConsent and clears timers/state when inactive","CORE_REQUIRED","KEEP","App.route-tracker.test.jsx","High: pre-consent behavior could be replayed after opt-in"
"apps/web/src/app/onboarding/onboarding.smoke.test.jsx","M","Allergy & Onboarding Agent","GAR-LAUNCH-004;GAR-LAUNCH-005;GAR-LAUNCH-008","UI requires explicit binary allergy decision and separate optional personalization choice without severity controls","Smoke fixtures/assertions updated for allergyDecision, default-off personalization and no severity UI","TEST_REQUIRED","KEEP","Self: OnboardingPage smoke","Low: render-level contract"
"apps/web/src/app/onboarding/page.jsx","M","Allergy & Onboarding Agent","GAR-LAUNCH-004;GAR-LAUNCH-005;GAR-LAUNCH-008","Onboarding UI separates Terms from optional personalization and requires binary none/declared allergy answer","Diff removes severity controls, adds ConsentChoice components and conditionally defers optional questions","CORE_REQUIRED","KEEP","onboarding.smoke.test.jsx; useOnboarding.test.jsx","High: UI previously produced implicit grant and unsupported severity"
"apps/web/src/app/onboarding/useOnboarding.js","M","Allergy & Onboarding Agent","GAR-LAUNCH-004;GAR-LAUNCH-005;GAR-LAUNCH-008","Client submits one atomic critical payload, waits for exact read-back and sends optional signals only when processing is active","Diff replaces allSettled flow with POST /users/onboarding/complete, explicit allergyDecision/policy versions and gated optional hydration/writes","CORE_REQUIRED","KEEP","useOnboarding.test.jsx","Critical: client orchestration previously completed after failed safety writes"
"apps/web/src/app/onboarding/useOnboarding.test.jsx","M","Allergy & Onboarding Agent","GAR-LAUNCH-004;GAR-LAUNCH-005;GAR-LAUNCH-008","Prove 400/500/timeout/read-back mismatch keeps completion false; retry is idempotent; default-off sends zero optional writes","Large test expansion covers atomic payload, stale responses, hydration gating and explicit consent decisions","TEST_REQUIRED","KEEP","Self: useOnboarding auth submit suite","Low: principal frontend evidence"
"apps/web/src/app/privacy/page.jsx","M","Consent & Analytics Agent","GAR-LAUNCH-007;GAR-LAUNCH-008","Privacy copy must distinguish recorded choices from currently disabled processing and avoid anonymous claims","Diff replaces unconditional/anonymous wording with pending Privacy/Legal and runtime-off disclosure","CORE_REQUIRED","KEEP","web build; copy reviewed in browser gate","Medium: legal wording remains pending approval but false technical claims are removed"
"apps/web/src/app/recipe/[id]/page.jsx","M","Allergy & Onboarding Agent","GAR-LAUNCH-005","Recipe substitution UI must not state declared allergies are always filtered/safe","Single copy line changes absolute claim to informational filtering plus ingredient-check warning; no recipe/ingredient record, fixture, data, media, nutrition or schema changes","CORE_REQUIRED","KEEP","web build; template/reconciliation false-safety tests provide adjacent coverage","High: reverting restores false safety claim; only approved recipe-page exception"
"apps/web/src/app/settings/page.jsx","M","Allergy & Onboarding Agent","GAR-LAUNCH-006;GAR-LAUNCH-007;GAR-LAUNCH-008","Unknown allergy hydration locks destructive controls; consent toggles show recorded versus processing-active state","Diff disables switches/controls while unknown or busy and renders honest runtime-unavailable messaging","CORE_REQUIRED","KEEP","settings.smoke.test.jsx; useSettings.test.jsx","High: enabled controls on read error can erase allergy state"
"apps/web/src/app/settings/settings.smoke.test.jsx","M","Allergy & Onboarding Agent","GAR-LAUNCH-006;GAR-LAUNCH-007;GAR-LAUNCH-008","Settings render contract includes separate optional purpose switches and readiness states","Fixture adds consentStatus/busy fields and analytics switch assertion","TEST_REQUIRED","KEEP","Self: SettingsPage smoke","Low: render-level contract"
"apps/web/src/app/settings/useSettings.js","M","Allergy & Onboarding Agent","GAR-LAUNCH-006;GAR-LAUNCH-007;GAR-LAUNCH-008","Preferences read failure remains error/unknown; writes are field-specific/serialized; consent changes require exact server ACK","Diff adds independent query states, unknown-allergy lock, queued update function and canonical consent runtime mirror","CORE_REQUIRED","KEEP","useSettings.test.jsx; settings.smoke.test.jsx","Critical: old hook could replace allergies with an empty default"
"apps/web/src/context/AuthContext.jsx","M","Session & PWA Isolation Agent","GAR-LAUNCH-004;GAR-LAUNCH-007;GAR-LAUNCH-008;GAR-LAUNCH-009","Auth hydration is token-snapshot bound; account switch/logout clears private and analytics state; stale A responses cannot install into B","Diff captures Authorization for /me/consent/refresh, rejects stale completion and integrates central private-state cleanup","CORE_REQUIRED","KEEP","AuthContext.test.jsx; apiClient.test.js; private-session-cache.test.js","Critical: central cross-account race/isolation boundary"
"apps/web/src/context/AuthContext.test.jsx","M","Session & PWA Isolation Agent","GAR-LAUNCH-004;GAR-LAUNCH-007;GAR-LAUNCH-008;GAR-LAUNCH-009","Deferred A success/failure, logout, B login, 401 and consent hydration cannot restore stale state","Large test expansion exercises captured tokens, query caches and provider cleanup","TEST_REQUIRED","KEEP","Self: AuthContext launch auth entry suite","Low: principal session-race evidence"
"apps/web/src/hooks/useAnalytics.js","M","Consent & Analytics Agent","GAR-LAUNCH-007","Each event requires active local runtime plus fresh server current-policy/processing ACK; deny disables queued collection","Diff replaces token-only POST with canonical /users/consent revalidation and synchronous disable on stale/failed state","CORE_REQUIRED","KEEP","useAnalytics.test.jsx","Critical: this was the reproduced first-party ingest bypass"
"apps/web/src/hooks/useImpressionObserver.js","M","Coordinator","GAR-LAUNCH-007","Withdrawal reacts without reload: timers/batches cancel, observer disconnects and send-time gate drops queued impressions","Diff subscribes to analytics runtime event and rechecks hasAnalyticsConsent before batching/sending","CORE_REQUIRED","KEEP","useImpressionObserver.test.jsx","High: impression path is outside useAnalytics and was final unverified patch"
"apps/web/src/hooks/useImpressionObserver.test.jsx","M","Coordinator","GAR-LAUNCH-007","Prove reactive withdrawal cancels dwell/pending batches and re-consent resumes only future impressions","Added runtime-event harness and no-request-after-withdrawal assertions","TEST_REQUIRED","KEEP","Self: useImpressionObserver reactive analytics withdrawal","Medium: must be rerun after final patch"
"apps/web/src/lib/analytics-init.js","M","Consent & Analytics Agent","GAR-LAUNCH-007;GAR-LAUNCH-009","Persisted grant is never trusted at boot; withdrawal resets identity/session and removes all legacy PostHog storage/cookies","Diff adds in-memory runtime mirror/event, provider reset and broad ph_*_posthog/ph_conv cleanup","CORE_REQUIRED","KEEP","analytics-init.test.js; AuthContext.test.jsx","High: stale provider identity can cross accounts even with ingest disabled"
"apps/web/src/lib/apiClient.js","M","Session & PWA Isolation Agent","GAR-LAUNCH-009","Private responses/401 handling are bound to request token; delayed A response cannot affect active B","Diff stores garnishAuthToken snapshot, clears private state on current-session invalidation and rejects stale successful responses","CORE_REQUIRED","KEEP","apiClient.test.js","Critical: network races can rehydrate cross-account data"
"apps/web/src/lib/recommendationAttribution.js","M","Consent & Analytics Agent","GAR-LAUNCH-007","Recommendation attribution storage is absent before consent and cleared on withdrawal","Diff gates remember/recall map with hasAnalyticsConsent","CORE_REQUIRED","KEEP","recommendationAttribution.test.js","Medium: client-side behavior identifier could survive opt-out"
"apps/web/src/main.jsx","M","Session & PWA Isolation Agent","GAR-LAUNCH-007;GAR-LAUNCH-009","Legacy private caches and analytics identity are purged before React issues private queries; worker upgrades repurge","Diff awaits purgeLegacyPrivateCaches before mount and installs controllerchange/ready guard","CORE_REQUIRED","KEEP","private-session-cache.test.js; pwa-cache-config.test.js; preview browser gate pending","Critical: boot ordering determines stale-cache exposure"
"apps/web/vite.config.js","M","Session & PWA Isolation Agent","GAR-LAUNCH-009","Generated service worker caches only explicit public immutable assets and executes worker-side legacy private-cache cleanup","Diff removes /api runtime cache, names public allowlist and imports sw-private-cache-cleanup.js","CORE_REQUIRED","KEEP","pwa-cache-config.test.js; web production build","Critical: original api-cache was the shared cross-account exposure"
"docs/qa/behavior/profile_l4_05_declared_qa_results.json","M","Scope & Diff Auditor","GAR-LAUNCH-005","Tests must leave no generated tracked QA artifact in the P0-A diff","Only generated timestamp/result byte changed during test execution; it is evidence noise and explicitly excluded by stabilization gate","GENERATED_REVERT","REVERT","git diff confirms 1-line generated change; final clean validation checks no tracked test output","Medium: committing it pollutes scope and violates hard exclusion"
"apps/server/src/analytics/analytics.controller.spec.ts","??","Consent & Analytics Agent","GAR-LAUNCH-007","Reject unknown/server-only event types and oversized routing metadata at authenticated HTTP DTO","New spec directly validates TrackEventDto with whitelist/forbid-non-whitelisted settings","TEST_REQUIRED","KEEP","Self: TrackEventDto public ingest boundary","Low: test-only"
"apps/server/src/analytics/event-enrichment.service.spec.ts","??","Backend Consent Boundary Agent","GAR-LAUNCH-007;GAR-LAUNCH-008","No enrichment of analytics/null provenance; withdrawal before write suppresses update","New direct-service spec covers provenance and consent race with positive current-grant control","TEST_REQUIRED","KEEP","Self: EventEnrichmentService boundary","Low: test-only"
"apps/server/src/behavior-engine/behavior-engine.consent-boundary.spec.ts","??","Backend Consent Boundary Agent","GAR-LAUNCH-008","Direct caller deny/read-error/runtime OFF produces zero behavior reads/profile writes","New test targets BehaviorEngineService mutation boundary rather than only controller flow","TEST_REQUIRED","KEEP","Self: BehaviorEngineService personalization boundary","Low: test-only"
"apps/server/src/behavior-engine/signals/signal-detector.service.spec.ts","??","Recommendation Consent Gate Agent","GAR-LAUNCH-008","Withdrawal/read-error skips per-user behavior work; grant reads only personalization-provenance events","New spec asserts zero IO and active provenance predicate","TEST_REQUIRED","KEEP","Self: SignalDetectorService consent boundary","Low: test-only"
"apps/server/src/behavior-engine/snapshots/snapshot-builder.service.spec.ts","??","Recommendation Consent Gate Agent","GAR-LAUNCH-008","Snapshot excludes analytics-only/legacy events and retains only personalization rows","New spec filters mixed in-memory rows using the emitted Prisma where clause","TEST_REQUIRED","KEEP","Self: SnapshotBuilderService event-purpose provenance","Low: test-only"
"apps/server/src/common/interceptors/private-cache-control.interceptor.spec.ts","??","Session & PWA Isolation Agent","GAR-LAUNCH-009","Authenticated/Authorization-bearing responses are private no-store and anonymous public responses are untouched","New interceptor tests cache-control, Vary preservation and response finalization","TEST_REQUIRED","KEEP","Self: PrivateCacheControlInterceptor suite","Low: test-only"
"apps/server/src/common/interceptors/private-cache-control.interceptor.ts","??","Session & PWA Isolation Agent","GAR-LAUNCH-009","Credential-bearing and authenticated API responses cannot enter browser/shared caches","New global interceptor sets private, no-store, max-age=0 and preserves Authorization variance","CORE_REQUIRED","KEEP","private-cache-control.interceptor.spec.ts; app.module.ts registration","Critical: server header is defense-in-depth beyond Workbox config"
"apps/server/src/consent/consent.constants.ts","??","Consent & Analytics Agent","GAR-LAUNCH-007;GAR-LAUNCH-008","Backend policy versions/purposes/runtime switches have one default-off source","New constants define Terms/privacy versions, optional purposes and exact ===true runtime activation","CORE_REQUIRED","KEEP","consent.service.spec.ts; users-consent.spec.ts","Critical: inconsistent flags could silently enable processing"
"apps/server/src/meal-plans/meal-plans.smart-plan-consent.spec.ts","??","Personalization Data-Minimization Agent","GAR-LAUNCH-008","Runtime OFF/deny selects no budget and active grant can apply it while safety remains","New direct smart-plan tests inspect Prisma select/filter behavior","TEST_REQUIRED","KEEP","Self: generateSmartPlan budget consent boundary","Low: test-only"
"apps/server/src/notifications/notifications.smart-suggestion-consent.spec.ts","??","Personalization Data-Minimization Agent","GAR-LAUNCH-008","Runtime OFF/deny/error returns null before all suggestion DB IO","New spec verifies zero profile/meal/favorite/notification calls plus active control","TEST_REQUIRED","KEEP","Self: generateSmartSuggestion consent gate","Low: test-only"
"apps/server/src/outcomes/outcomes.consent-gate.spec.ts","??","Outcomes Consent Gate Agent","GAR-LAUNCH-008","All three weekly outcome services stop before meal/shopping/outcome IO on deny/error","New shared harness tests adherence, behavior and health jobs with active control","TEST_REQUIRED","KEEP","Self: weekly outcome gates 3/3","Low: test-only"
"apps/server/src/recommendation/dto/track-impression.dto.ts","??","Recommendation Consent Gate Agent","GAR-LAUNCH-007;GAR-LAUNCH-008","Impression body has bounded recipe/source/request/viewport fields and rejects undeclared testMode","New class-validator DTO replaces untyped controller body","BOUNDARY_REQUIRED","KEEP","recommendation.controller.spec.ts","High: untyped telemetry endpoint allowed payload injection"
"apps/server/src/recommendation/runtime-shadow/recommendation-shadow-a8-consent-adapter.spec.ts","??","Recommendation Consent Gate Agent","GAR-LAUNCH-008","Shadow adapter obeys runtime/current-policy latest decision and cannot use legacy grants","New adapter spec instantiates real ConsentService with runtime fixtures","TEST_REQUIRED","KEEP","Self: canonical recommendation shadow consent adapter","Low: test-only"
"apps/server/src/users/dto/complete-onboarding.dto.ts","??","Allergy & Onboarding Agent","GAR-LAUNCH-004;GAR-LAUNCH-005;GAR-LAUNCH-008","Atomic command requires binary allergy decision, bounded allergen array, Terms and explicit personalization decision","New DTO excludes optional taste signals and validates policy versions/decision consistency","CORE_REQUIRED","KEEP","users-onboarding.spec.ts; controller compile","Critical: malformed payload must fail before transaction"
"apps/server/src/users/dto/update-consent.dto.ts","??","Consent & Analytics Agent","GAR-LAUNCH-007;GAR-LAUNCH-008","Settings may change only optional analytics/personalization purposes with explicit boolean and policy version","New DTO prevents core/terms mutation through generic consent endpoint","CORE_REQUIRED","KEEP","users-consent.spec.ts","High: forged purpose could alter required/legal records"
"apps/server/src/users/users-consent.spec.ts","??","Consent & Analytics Agent","GAR-LAUNCH-007;GAR-LAUNCH-008","Stale/legacy grants inactive; exact ACK; withdrawal and malformed purposes fail closed","New UsersService tests canonical consent read/write surface","TEST_REQUIRED","KEEP","Self: UsersService canonical consent boundary","Low: test-only"
"apps/server/src/users/users-onboarding.spec.ts","??","Allergy & Onboarding Agent","GAR-LAUNCH-004;GAR-LAUNCH-005;GAR-LAUNCH-008","Every critical failure rolls back completion; read-back exact; retry idempotent; no implicit grant","New transaction harness injects failure at preference/allergy/Terms/personalization and P2034 retry","TEST_REQUIRED","KEEP","Self: UsersService atomic onboarding suite","Low: principal backend evidence"
"apps/server/src/users/users-preferences-consent.spec.ts","??","Allergy & Onboarding Agent","GAR-LAUNCH-006;GAR-LAUNCH-008","Core fields remain available; cuisine/budget/healthGoals cause zero IO without personalization","New direct updatePreferences test asserts field-specific optional boundary","TEST_REQUIRED","KEEP","Self: UsersService preferences optional-purpose boundary","Low: test-only"
"apps/web/public/sw-private-cache-cleanup.js","??","Session & PWA Isolation Agent","GAR-LAUNCH-009","New worker activation deletes legacy api-cache/asset-cache before claiming/reloading old clients","New public executable worker asset runs in service-worker context even when old tabs never load new page JS; it is not media/raw","CORE_REQUIRED","KEEP","pwa-cache-config.test.js; production preview upgrade test pending","Critical: page-only cleanup misses already-open legacy clients"
"apps/web/src/App.route-tracker.test.jsx","??","Consent & Analytics Agent","GAR-LAUNCH-007","No click/navigation state before consent; activation collects only future behavior","New component test toggles runtime and inspects tracking calls","TEST_REQUIRED","KEEP","Self: RouteTracker consent tests","Low: test-only"
"apps/web/src/app/settings/useSettings.test.jsx","??","Allergy & Onboarding Agent","GAR-LAUNCH-006;GAR-LAUNCH-007;GAR-LAUNCH-008","Preferences failure stays unknown/locked; diet write omits allergies; consent ACK/runtime behavior is exact","New hook tests inspect field-specific requests and destructive-control blocking","TEST_REQUIRED","KEEP","Self: useSettings integrity tests","Low: principal settings regression evidence"
"apps/web/src/hooks/useAnalytics.test.jsx","??","Consent & Analytics Agent","GAR-LAUNCH-007","No session/network without runtime consent; token loss/stale server consent disables before send","New hook tests canonical revalidation and POST gating","TEST_REQUIRED","KEEP","Self: useAnalytics consent suite","Low: test-only"
"apps/web/src/lib/analytics-init.test.js","??","Consent & Analytics Agent","GAR-LAUNCH-007;GAR-LAUNCH-009","Boot ignores persisted grant; withdrawal synchronously clears session/provider/PostHog persistence across domains","New unit tests cover rotated keys, cookies and runtime event behavior","TEST_REQUIRED","KEEP","Self: analytics-init suite","Low: test-only"
"apps/web/src/lib/apiClient.test.js","??","Session & PWA Isolation Agent","GAR-LAUNCH-009","Current-session 401 purges/reset; delayed A 401 or success cannot disturb/install into B","New axios interceptor tests request token snapshots and cleanup contract","TEST_REQUIRED","KEEP","Self: apiClient isolation suite","Low: test-only"
"apps/web/src/lib/consent-policy.js","??","Consent & Analytics Agent","GAR-LAUNCH-007;GAR-LAUNCH-008","Frontend uses the same Terms/privacy versions and personalization UI remains default-hidden until explicitly enabled","New shared constants prevent stale grant acceptance across onboarding/settings/auth","CORE_REQUIRED","KEEP","useOnboarding.test.jsx; useSettings.test.jsx; AuthContext.test.jsx","High: policy drift can reactivate stale consent"
"apps/web/src/lib/private-session-cache.js","??","Session & PWA Isolation Agent","GAR-LAUNCH-009","One cleanup contract clears every QueryClient, account storage and legacy private Cache Storage on boot/logout/401/switch","New helper centralizes cache-family matching, registered clients and full login reset","CORE_REQUIRED","KEEP","private-session-cache.test.js; AuthContext.test.jsx; apiClient.test.js","Critical: fragmented cleanup creates cross-account gaps"
"apps/web/src/lib/private-session-cache.test.js","??","Session & PWA Isolation Agent","GAR-LAUNCH-009","Cleanup removes private caches/query state while preserving explicit public asset caches","New tests cover registered clients, legacy name patterns and storage","TEST_REQUIRED","KEEP","Self: private session cache isolation","Low: test-only"
"apps/web/src/lib/pwa-cache-config.test.js","??","Session & PWA Isolation Agent","GAR-LAUNCH-009","Vite config has no /api runtime cache, only public allowlist, and imports worker migration cleanup","New source-level PWA contract tests inspect config and worker script","TEST_REQUIRED","KEEP","Self: PWA cache contract; built preview still required","Medium: source test cannot replace runtime upgrade QA"
"apps/web/src/lib/recommendationAttribution.test.js","??","Consent & Analytics Agent","GAR-LAUNCH-007","Attribution stores nothing before opt-in and withdrawal clears existing map","New unit tests toggle runtime consent and inspect storage","TEST_REQUIRED","KEEP","Self: recommendation attribution consent tests","Low: test-only"
"docs/qa/release/p0-a/00_scope_and_audit_delta.md","??","Coordinator","P0-A-EVIDENCE","Record base hash, finding ownership, exclusions and every approved narrow coupling before edit","Report contains audited hash equality, file ownership and coupling ledger including stabilization freeze","REPORT_REQUIRED","KEEP","Evidence artifact; cross-checked against snapshot/base","Low: required review trace"
"docs/qa/release/p0-a/01_reproduction_report.md","??","Coordinator","P0-A-EVIDENCE","Document pre-edit reproduction for GAR-LAUNCH-004..009","Report records exact failure sequences and baseline test limitations","REPORT_REQUIRED","KEEP","Evidence artifact; backed by agents/01..03","Low: required audit trail"
"docs/qa/release/p0-a/02_architecture_decision.md","??","Coordinator","P0-A-EVIDENCE","Document chosen atomic onboarding, purpose matrix, session isolation, compatibility and rollback","ADR explains transaction/read-back, optional-signal split and no-migration decision","REPORT_REQUIRED","KEEP","Evidence artifact; implementation mapped in this matrix","Low: required architecture trace"
"docs/qa/release/p0-a/agents/01_allergy_onboarding_reproduction.md","??","Allergy & Onboarding Agent","GAR-LAUNCH-004;GAR-LAUNCH-005;GAR-LAUNCH-006","Independent pre-edit reproduction of critical writes, fake severity and settings overwrite","Lane report includes source lines, sequences and baseline tests","REPORT_REQUIRED","KEEP","Evidence artifact for 01_reproduction_report.md","Low: required lane evidence"
"docs/qa/release/p0-a/agents/02_consent_analytics_reproduction.md","??","Consent & Analytics Agent","GAR-LAUNCH-007;GAR-LAUNCH-008","Independent pre-edit reproduction of ingest bypass and bundled grant","Lane report records client/server mismatch and implicit consent","REPORT_REQUIRED","KEEP","Evidence artifact for 01_reproduction_report.md","Low: required lane evidence"
"docs/qa/release/p0-a/agents/03_session_pwa_reproduction.md","??","Session & PWA Isolation Agent","GAR-LAUNCH-009","Document source and built-worker reproduction of authenticated api-cache plus missing logout cleanup","Lane report inspects Workbox output and cache topology without claiming browser proof","REPORT_REQUIRED","KEEP","Evidence artifact; runtime two-account evidence pending","Low: required lane evidence"
"docs/qa/release/p0-a/agents/04_allergy_onboarding_implementation.md","??","Allergy & Onboarding Agent","GAR-LAUNCH-004;GAR-LAUNCH-005;GAR-LAUNCH-006","Record atomic onboarding/settings implementation and focused evidence","Lane handoff lists changed files, tests and residual risks","REPORT_REQUIRED","KEEP","Evidence artifact; focused allergy/onboarding tests","Low: required lane handoff"
"docs/qa/release/p0-a/agents/05_consent_analytics_implementation.md","??","Consent & Analytics Agent","GAR-LAUNCH-007;GAR-LAUNCH-008","Record purpose/runtime/ingest implementation and focused evidence","Lane handoff documents server+web gates and legal boundary","REPORT_REQUIRED","KEEP","Evidence artifact; consent/analytics focused tests","Low: required lane handoff"
"docs/qa/release/p0-a/agents/06_session_pwa_implementation.md","??","Session & PWA Isolation Agent","GAR-LAUNCH-009","Record Workbox/no-store/logout/session changes and limits","Lane handoff distinguishes focused evidence from missing browser two-account gate","REPORT_REQUIRED","KEEP","Evidence artifact; session/PWA focused tests","Low: required lane handoff"
"docs/qa/release/p0-a/agents/07_backend_consent_boundaries.md","??","Backend Consent Boundary Agent","GAR-LAUNCH-007;GAR-LAUNCH-008","Inventory direct backend optional-processing gates beyond initial controllers","Report explains behavior/profile/outbox/AI/briefing/gamification boundaries","REPORT_REQUIRED","KEEP","Evidence artifact; backend focused tests","Low: required coupling evidence"
"docs/qa/release/p0-a/agents/08_personalization_direct_gates.md","??","Backend Consent Boundary Agent","GAR-LAUNCH-008","Record direct-call personalization denial behavior and safety separation","Report covers direct service gates and zero-IO assertions","REPORT_REQUIRED","KEEP","Evidence artifact; direct personalization tests 48/48","Low: required lane handoff"
"docs/qa/release/p0-a/agents/09_recommendation_consent_gates.md","??","Recommendation Consent Gate Agent","GAR-LAUNCH-007;GAR-LAUNCH-008","Record recommendation purpose matrix, fallback and provenance rules","Report maps each source/writer to purpose and cites 116 focused tests","REPORT_REQUIRED","KEEP","Evidence artifact; recommendation lane 116/116","Low: required lane handoff"
"docs/qa/release/p0-a/agents/10_outcomes_consent_gates.md","??","Outcomes Consent Gate Agent","GAR-LAUNCH-008","Record weekly outcome zero-IO denial behavior","Report covers three jobs, focused 3/3 and residual races","REPORT_REQUIRED","KEEP","Evidence artifact; outcomes.consent-gate.spec.ts","Low: required lane handoff"
"docs/qa/release/p0-a/agents/11_personalization_data_minimization.md","??","Personalization Data-Minimization Agent","GAR-LAUNCH-008","Record notification, smart-plan budget and AI snapshot minimization","Report separates core diet/skill/safety from optional budget/profile IO","REPORT_REQUIRED","KEEP","Evidence artifact; focused lane 18/18","Low: required lane handoff"
"docs/qa/release/p0-a/04_pre_stabilization_snapshot.md","??","Coordinator","P0-A-EVIDENCE","Record readable external snapshot paths, identities and SHA256 before stabilization edits","Post-snapshot report records 117 tracked changes, 43 included untracked files, 35 excluded launch files and verified component hashes","REPORT_REQUIRED","KEEP","Cross-checked with external metadata/component-sha256 and readable archives","Low: required recovery evidence; snapshot itself stays outside repo"
"docs/qa/release/p0-a/05_diff_scope_matrix.csv","??","Scope & Diff Auditor","P0-A-EVIDENCE","Classify every frozen tracked path, relevant P0-A untracked artifact and legacy exclusion with no unexplained file","This file is the Phase-1 review manifest and is validated against git-status/untracked snapshot manifests","REPORT_REQUIRED","KEEP","Import-Csv schema/count/path-set validation; git diff --check","Low: required gate artifact"
"docs/qa/release/p0-a/06_scope_reduction_report.md","??","Scope & Diff Auditor","P0-A-EVIDENCE","Summarize retained/reverted/excluded counts, approved coupling and stop/go result","Required Phase-1 narrative explains why expanded domains are boundaries and identifies generated/legacy exclusions","REPORT_REQUIRED","KEEP","Counts derived from 05_diff_scope_matrix.csv and snapshot manifests","Low: required reviewer handoff"
"docs/qa/launch/full-audit-v3/00_executive_launch_readiness.md","??","Legacy Full Audit v3 (not P0-A)","OUT_OF_SCOPE","Remain untouched/untracked and absent from every P0-A stage/commit","Prior full-audit executive NO-GO summary; not stabilization evidence","LEGACY_UNTRACKED_EXCLUDE","EXCLUDE","Snapshot manifest count and explicit-stage review only","Medium: `git add -A` would accidentally publish unrelated legacy evidence"
"docs/qa/launch/full-audit-v3/01_release_git_state.md","??","Legacy Full Audit v3 (not P0-A)","OUT_OF_SCOPE","Remain untouched/untracked and absent from every P0-A stage/commit","Prior audit Git-state report from a separate task","LEGACY_UNTRACKED_EXCLUDE","EXCLUDE","Snapshot manifest count and explicit-stage review only","Medium: `git add -A` would accidentally publish unrelated legacy evidence"
"docs/qa/launch/full-audit-v3/02_file_coverage_summary.md","??","Legacy Full Audit v3 (not P0-A)","OUT_OF_SCOPE","Remain untouched/untracked and absent from every P0-A stage/commit","Prior audit repository coverage summary","LEGACY_UNTRACKED_EXCLUDE","EXCLUDE","Snapshot manifest count and explicit-stage review only","Medium: `git add -A` would accidentally publish unrelated legacy evidence"
"docs/qa/launch/full-audit-v3/03_baseline_build_test_health.md","??","Legacy Full Audit v3 (not P0-A)","OUT_OF_SCOPE","Remain untouched/untracked and absent from every P0-A stage/commit","Prior audit baseline health report, superseded here by differential gate","LEGACY_UNTRACKED_EXCLUDE","EXCLUDE","Snapshot manifest count and explicit-stage review only","Medium: `git add -A` would accidentally publish unrelated legacy evidence"
"docs/qa/launch/full-audit-v3/04_architecture_system_map.md","??","Legacy Full Audit v3 (not P0-A)","OUT_OF_SCOPE","Remain untouched/untracked and absent from every P0-A stage/commit","Prior whole-system architecture map, not a P0-A change","LEGACY_UNTRACKED_EXCLUDE","EXCLUDE","Snapshot manifest count and explicit-stage review only","Medium: `git add -A` would accidentally publish unrelated legacy evidence"
"docs/qa/launch/full-audit-v3/05_frontend_route_ux_audit.md","??","Legacy Full Audit v3 (not P0-A)","OUT_OF_SCOPE","Remain untouched/untracked and absent from every P0-A stage/commit","Prior broad UX/route audit; unrelated cleanup is prohibited","LEGACY_UNTRACKED_EXCLUDE","EXCLUDE","Snapshot manifest count and explicit-stage review only","Medium: `git add -A` would accidentally publish unrelated legacy evidence"
"docs/qa/launch/full-audit-v3/06_design_visual_accessibility_audit.md","??","Legacy Full Audit v3 (not P0-A)","OUT_OF_SCOPE","Remain untouched/untracked and absent from every P0-A stage/commit","Prior visual/accessibility audit outside P0-A findings","LEGACY_UNTRACKED_EXCLUDE","EXCLUDE","Snapshot manifest count and explicit-stage review only","Medium: `git add -A` would accidentally publish unrelated legacy evidence"
"docs/qa/launch/full-audit-v3/07_backend_api_audit.md","??","Legacy Full Audit v3 (not P0-A)","OUT_OF_SCOPE","Remain untouched/untracked and absent from every P0-A stage/commit","Prior broad backend API audit, not generated by stabilization","LEGACY_UNTRACKED_EXCLUDE","EXCLUDE","Snapshot manifest count and explicit-stage review only","Medium: `git add -A` would accidentally publish unrelated legacy evidence"
"docs/qa/launch/full-audit-v3/08_database_data_content_audit.md","??","Legacy Full Audit v3 (not P0-A)","OUT_OF_SCOPE","Remain untouched/untracked and absent from every P0-A stage/commit","Prior DB/content audit; P0-A performs no migration/content work","LEGACY_UNTRACKED_EXCLUDE","EXCLUDE","Snapshot manifest count and explicit-stage review only","Medium: `git add -A` would accidentally publish unrelated legacy evidence"
"docs/qa/launch/full-audit-v3/09_auth_security_privacy_audit.md","??","Legacy Full Audit v3 (not P0-A)","OUT_OF_SCOPE","Remain untouched/untracked and absent from every P0-A stage/commit","Source launch audit artifact, not completion evidence for this branch","LEGACY_UNTRACKED_EXCLUDE","EXCLUDE","Snapshot manifest count and explicit-stage review only","Medium: `git add -A` would accidentally publish unrelated legacy evidence"
"docs/qa/launch/full-audit-v3/10_ai_recommendation_truthfulness.md","??","Legacy Full Audit v3 (not P0-A)","OUT_OF_SCOPE","Remain untouched/untracked and absent from every P0-A stage/commit","Prior broad AI/recommendation audit; only cited findings are in scope","LEGACY_UNTRACKED_EXCLUDE","EXCLUDE","Snapshot manifest count and explicit-stage review only","Medium: `git add -A` would accidentally publish unrelated legacy evidence"
"docs/qa/launch/full-audit-v3/11_feature_wiring_audit.md","??","Legacy Full Audit v3 (not P0-A)","OUT_OF_SCOPE","Remain untouched/untracked and absent from every P0-A stage/commit","Prior whole-product wiring report outside stabilization deliverables","LEGACY_UNTRACKED_EXCLUDE","EXCLUDE","Snapshot manifest count and explicit-stage review only","Medium: `git add -A` would accidentally publish unrelated legacy evidence"
"docs/qa/launch/full-audit-v3/12_performance_reliability_audit.md","??","Legacy Full Audit v3 (not P0-A)","OUT_OF_SCOPE","Remain untouched/untracked and absent from every P0-A stage/commit","Prior performance/reliability audit; unrelated optimization is prohibited","LEGACY_UNTRACKED_EXCLUDE","EXCLUDE","Snapshot manifest count and explicit-stage review only","Medium: `git add -A` would accidentally publish unrelated legacy evidence"
"docs/qa/launch/full-audit-v3/13_media_contract_audit.md","??","Legacy Full Audit v3 (not P0-A)","OUT_OF_SCOPE","Remain untouched/untracked and absent from every P0-A stage/commit","Prior media audit; media/raw work is explicitly excluded","LEGACY_UNTRACKED_EXCLUDE","EXCLUDE","Snapshot manifest count and explicit-stage review only","Medium: `git add -A` would accidentally publish unrelated legacy evidence"
"docs/qa/launch/full-audit-v3/14_dead_code_cleanup_candidates.md","??","Legacy Full Audit v3 (not P0-A)","OUT_OF_SCOPE","Remain untouched/untracked and absent from every P0-A stage/commit","Prior cleanup candidate report; unrelated cleanup is prohibited","LEGACY_UNTRACKED_EXCLUDE","EXCLUDE","Snapshot manifest count and explicit-stage review only","Medium: `git add -A` would accidentally publish unrelated legacy evidence"
"docs/qa/launch/full-audit-v3/15_test_coverage_quality.md","??","Legacy Full Audit v3 (not P0-A)","OUT_OF_SCOPE","Remain untouched/untracked and absent from every P0-A stage/commit","Prior global test audit, not P0-A final test ledger","LEGACY_UNTRACKED_EXCLUDE","EXCLUDE","Snapshot manifest count and explicit-stage review only","Medium: `git add -A` would accidentally publish unrelated legacy evidence"
"docs/qa/launch/full-audit-v3/16_deploy_vps_operations.md","??","Legacy Full Audit v3 (not P0-A)","OUT_OF_SCOPE","Remain untouched/untracked and absent from every P0-A stage/commit","Prior deployment/operations report; production deploy is prohibited","LEGACY_UNTRACKED_EXCLUDE","EXCLUDE","Snapshot manifest count and explicit-stage review only","Medium: `git add -A` would accidentally publish unrelated legacy evidence"
"docs/qa/launch/full-audit-v3/17_two_week_launch_execution_plan.md","??","Legacy Full Audit v3 (not P0-A)","OUT_OF_SCOPE","Remain untouched/untracked and absent from every P0-A stage/commit","Prior launch plan, not this stabilization execution report","LEGACY_UNTRACKED_EXCLUDE","EXCLUDE","Snapshot manifest count and explicit-stage review only","Medium: `git add -A` would accidentally publish unrelated legacy evidence"
"docs/qa/launch/full-audit-v3/AUDIT_PROGRESS.md","??","Legacy Full Audit v3 (not P0-A)","OUT_OF_SCOPE","Remain untouched/untracked and absent from every P0-A stage/commit","Prior audit progress tracker with no P0-A implementation evidence","LEGACY_UNTRACKED_EXCLUDE","EXCLUDE","Snapshot manifest count and explicit-stage review only","Medium: `git add -A` would accidentally publish unrelated legacy evidence"
"docs/qa/launch/full-audit-v3/architecture_map.json","??","Legacy Full Audit v3 (not P0-A)","OUT_OF_SCOPE","Remain untouched/untracked and absent from every P0-A stage/commit","Machine-readable prior whole-system map; unrelated report artifact","LEGACY_UNTRACKED_EXCLUDE","EXCLUDE","Snapshot manifest count and explicit-stage review only","Medium: `git add -A` would accidentally publish unrelated legacy evidence"
"docs/qa/launch/full-audit-v3/content_findings.csv","??","Legacy Full Audit v3 (not P0-A)","OUT_OF_SCOPE","Remain untouched/untracked and absent from every P0-A stage/commit","Prior content findings dataset; recipe/content work is excluded","LEGACY_UNTRACKED_EXCLUDE","EXCLUDE","Snapshot manifest count and explicit-stage review only","Medium: `git add -A` would accidentally publish unrelated legacy evidence"
"docs/qa/launch/full-audit-v3/db_model_coverage.csv","??","Legacy Full Audit v3 (not P0-A)","OUT_OF_SCOPE","Remain untouched/untracked and absent from every P0-A stage/commit","Prior schema coverage dataset; no P0-A migration/schema work","LEGACY_UNTRACKED_EXCLUDE","EXCLUDE","Snapshot manifest count and explicit-stage review only","Medium: `git add -A` would accidentally publish unrelated legacy evidence"
"docs/qa/launch/full-audit-v3/dead_code_candidates.csv","??","Legacy Full Audit v3 (not P0-A)","OUT_OF_SCOPE","Remain untouched/untracked and absent from every P0-A stage/commit","Prior dead-code dataset; cleanup is outside scope","LEGACY_UNTRACKED_EXCLUDE","EXCLUDE","Snapshot manifest count and explicit-stage review only","Medium: `git add -A` would accidentally publish unrelated legacy evidence"
"docs/qa/launch/full-audit-v3/endpoint_coverage.csv","??","Legacy Full Audit v3 (not P0-A)","OUT_OF_SCOPE","Remain untouched/untracked and absent from every P0-A stage/commit","Prior global endpoint inventory; not a P0-A consumer inventory","LEGACY_UNTRACKED_EXCLUDE","EXCLUDE","Snapshot manifest count and explicit-stage review only","Medium: `git add -A` would accidentally publish unrelated legacy evidence"
"docs/qa/launch/full-audit-v3/feature_truthfulness_matrix.csv","??","Legacy Full Audit v3 (not P0-A)","OUT_OF_SCOPE","Remain untouched/untracked and absent from every P0-A stage/commit","Prior product truthfulness matrix; not branch completion evidence","LEGACY_UNTRACKED_EXCLUDE","EXCLUDE","Snapshot manifest count and explicit-stage review only","Medium: `git add -A` would accidentally publish unrelated legacy evidence"
"docs/qa/launch/full-audit-v3/feature_wiring_matrix.csv","??","Legacy Full Audit v3 (not P0-A)","OUT_OF_SCOPE","Remain untouched/untracked and absent from every P0-A stage/commit","Prior global feature-wiring data; unrelated to six finding fixes","LEGACY_UNTRACKED_EXCLUDE","EXCLUDE","Snapshot manifest count and explicit-stage review only","Medium: `git add -A` would accidentally publish unrelated legacy evidence"
"docs/qa/launch/full-audit-v3/file_coverage.csv","??","Legacy Full Audit v3 (not P0-A)","OUT_OF_SCOPE","Remain untouched/untracked and absent from every P0-A stage/commit","Prior all-files coverage dataset; superseded only for P0-A by this matrix","LEGACY_UNTRACKED_EXCLUDE","EXCLUDE","Snapshot manifest count and explicit-stage review only","Medium: `git add -A` would accidentally publish unrelated legacy evidence"
"docs/qa/launch/full-audit-v3/findings.json","??","Legacy Full Audit v3 (not P0-A)","OUT_OF_SCOPE","Remain untouched/untracked and absent from every P0-A stage/commit","Prior audit findings source; remains external input, not branch output","LEGACY_UNTRACKED_EXCLUDE","EXCLUDE","Snapshot manifest count and explicit-stage review only","Medium: `git add -A` would accidentally publish unrelated legacy evidence"
"docs/qa/launch/full-audit-v3/media_contract.csv","??","Legacy Full Audit v3 (not P0-A)","OUT_OF_SCOPE","Remain untouched/untracked and absent from every P0-A stage/commit","Prior media contract dataset; media/raw assets are excluded","LEGACY_UNTRACKED_EXCLUDE","EXCLUDE","Snapshot manifest count and explicit-stage review only","Medium: `git add -A` would accidentally publish unrelated legacy evidence"
"docs/qa/launch/full-audit-v3/route_coverage.csv","??","Legacy Full Audit v3 (not P0-A)","OUT_OF_SCOPE","Remain untouched/untracked and absent from every P0-A stage/commit","Prior global route inventory; unrelated to scoped fixes","LEGACY_UNTRACKED_EXCLUDE","EXCLUDE","Snapshot manifest count and explicit-stage review only","Medium: `git add -A` would accidentally publish unrelated legacy evidence"
"docs/qa/launch/full-audit-v3/screenshots/cook-480.png","??","Legacy Full Audit v3 (not P0-A)","OUT_OF_SCOPE","Remain untouched/untracked and absent from every P0-A stage/commit","Prior audit Cook viewport screenshot; not timestamped P0-A QA evidence","LEGACY_UNTRACKED_EXCLUDE","EXCLUDE","Snapshot manifest count and explicit-stage review only","Medium: `git add -A` would accidentally publish unrelated legacy evidence"
"docs/qa/launch/full-audit-v3/screenshots/login-390-viewport.png","??","Legacy Full Audit v3 (not P0-A)","OUT_OF_SCOPE","Remain untouched/untracked and absent from every P0-A stage/commit","Prior audit login viewport screenshot; not P0-A two-account evidence","LEGACY_UNTRACKED_EXCLUDE","EXCLUDE","Snapshot manifest count and explicit-stage review only","Medium: `git add -A` would accidentally publish unrelated legacy evidence"
"docs/qa/launch/full-audit-v3/screenshots/login-390.png","??","Legacy Full Audit v3 (not P0-A)","OUT_OF_SCOPE","Remain untouched/untracked and absent from every P0-A stage/commit","Prior audit login screenshot duplicate family; not P0-A evidence","LEGACY_UNTRACKED_EXCLUDE","EXCLUDE","Snapshot manifest count and explicit-stage review only","Medium: `git add -A` would accidentally publish unrelated legacy evidence"
"docs/qa/launch/full-audit-v3/screenshots/onboarding-360.png","??","Legacy Full Audit v3 (not P0-A)","OUT_OF_SCOPE","Remain untouched/untracked and absent from every P0-A stage/commit","Prior audit onboarding screenshot predating current implementation","LEGACY_UNTRACKED_EXCLUDE","EXCLUDE","Snapshot manifest count and explicit-stage review only","Medium: `git add -A` would accidentally publish unrelated legacy evidence"
"docs/qa/launch/full-audit-v3/screenshots/recipe-detail-430.png","??","Legacy Full Audit v3 (not P0-A)","OUT_OF_SCOPE","Remain untouched/untracked and absent from every P0-A stage/commit","Prior audit recipe screenshot; recipe/media artifacts are excluded","LEGACY_UNTRACKED_EXCLUDE","EXCLUDE","Snapshot manifest count and explicit-stage review only","Medium: `git add -A` would accidentally publish unrelated legacy evidence"
"apps/server/src/admin/admin.controller.spec.ts","M","Admin Diagnostics Boundary Agent","GAR-LAUNCH-007;GAR-LAUNCH-008","Frozen companion test is retained and classified; any current full-suite failure remains explicit in report 09","Added after final implementation freeze; absent from the earlier matrix snapshot","TEST_REQUIRED","KEEP","Self; frozen full-suite differential report 09","Low: test-only classification; failing assertions are not waived"
"apps/server/src/admin/admin.controller.ts","M","Admin Diagnostics Boundary Agent","GAR-LAUNCH-007;GAR-LAUNCH-008","Frozen source belongs to the final optional-processing/admin safety boundary and must remain review-visible","Added after final implementation freeze; absent from the earlier matrix snapshot","BOUNDARY_REQUIRED","KEEP","Companion focused specs; server build; frozen full-suite differential","High: omission would hide a final security/privacy boundary change"
"apps/server/src/admin/admin.service.spec.ts","M","Admin Diagnostics Boundary Agent","GAR-LAUNCH-007;GAR-LAUNCH-008","Frozen companion test is retained and classified; any current full-suite failure remains explicit in report 09","Added after final implementation freeze; absent from the earlier matrix snapshot","TEST_REQUIRED","KEEP","Self; frozen full-suite differential report 09","Low: test-only classification; failing assertions are not waived"
"apps/server/src/admin/admin.service.ts","M","Admin Diagnostics Boundary Agent","GAR-LAUNCH-007;GAR-LAUNCH-008","Frozen source belongs to the final optional-processing/admin safety boundary and must remain review-visible","Added after final implementation freeze; absent from the earlier matrix snapshot","BOUNDARY_REQUIRED","KEEP","Companion focused specs; server build; frozen full-suite differential","High: omission would hide a final security/privacy boundary change"
"apps/server/src/admin/admin-users.service.spec.ts","M","Admin Diagnostics Boundary Agent","GAR-LAUNCH-007;GAR-LAUNCH-008","Frozen companion test is retained and classified; any current full-suite failure remains explicit in report 09","Added after final implementation freeze; absent from the earlier matrix snapshot","TEST_REQUIRED","KEEP","Self; frozen full-suite differential report 09","Low: test-only classification; failing assertions are not waived"
"apps/server/src/admin/admin-users.service.ts","M","Admin Diagnostics Boundary Agent","GAR-LAUNCH-007;GAR-LAUNCH-008","Frozen source belongs to the final optional-processing/admin safety boundary and must remain review-visible","Added after final implementation freeze; absent from the earlier matrix snapshot","BOUNDARY_REQUIRED","KEEP","Companion focused specs; server build; frozen full-suite differential","High: omission would hide a final security/privacy boundary change"
"apps/server/src/admin/observability.service.spec.ts","M","Admin Diagnostics Boundary Agent","GAR-LAUNCH-007;GAR-LAUNCH-008","Frozen companion test is retained and classified; any current full-suite failure remains explicit in report 09","Added after final implementation freeze; absent from the earlier matrix snapshot","TEST_REQUIRED","KEEP","Self; frozen full-suite differential report 09","Low: test-only classification; failing assertions are not waived"
"apps/server/src/admin/observability.service.ts","M","Admin Diagnostics Boundary Agent","GAR-LAUNCH-007;GAR-LAUNCH-008","Frozen source belongs to the final optional-processing/admin safety boundary and must remain review-visible","Added after final implementation freeze; absent from the earlier matrix snapshot","BOUNDARY_REQUIRED","KEEP","Companion focused specs; server build; frozen full-suite differential","High: omission would hide a final security/privacy boundary change"
"apps/server/src/ai/tools/explain-recommendation.tool.spec.ts","M","Optional Consumer Closure Agent","GAR-LAUNCH-007;GAR-LAUNCH-008","Frozen companion test is retained and classified; any current full-suite failure remains explicit in report 09","Added after final implementation freeze; absent from the earlier matrix snapshot","TEST_REQUIRED","KEEP","Self; frozen full-suite differential report 09","Low: test-only classification; failing assertions are not waived"
"apps/server/src/ai/tools/explain-recommendation.tool.ts","M","Optional Consumer Closure Agent","GAR-LAUNCH-007;GAR-LAUNCH-008","Frozen source belongs to the final optional-processing/admin safety boundary and must remain review-visible","Added after final implementation freeze; absent from the earlier matrix snapshot","BOUNDARY_REQUIRED","KEEP","Companion focused specs; server build; frozen full-suite differential","High: omission would hide a final security/privacy boundary change"
"apps/server/src/analytics/intelligence/analytics-intelligence.service.spec.ts","M","Analytics Population Boundary Agent","GAR-LAUNCH-007;GAR-LAUNCH-008","Frozen companion test is retained and classified; any current full-suite failure remains explicit in report 09","Added after final implementation freeze; absent from the earlier matrix snapshot","TEST_REQUIRED","KEEP","Self; frozen full-suite differential report 09","Low: test-only classification; failing assertions are not waived"
"apps/server/src/analytics/intelligence/analytics-intelligence.service.ts","M","Analytics Population Boundary Agent","GAR-LAUNCH-007;GAR-LAUNCH-008","Frozen source belongs to the final optional-processing/admin safety boundary and must remain review-visible","Added after final implementation freeze; absent from the earlier matrix snapshot","BOUNDARY_REQUIRED","KEEP","Companion focused specs; server build; frozen full-suite differential","High: omission would hide a final security/privacy boundary change"
"apps/server/src/analytics/intelligence/analytics-l4-16-qa-gate.spec.ts","M","Analytics Population Boundary Agent","GAR-LAUNCH-007;GAR-LAUNCH-008","Frozen companion test is retained and classified; any current full-suite failure remains explicit in report 09","Added after final implementation freeze; absent from the earlier matrix snapshot","TEST_REQUIRED","KEEP","Self; frozen full-suite differential report 09","Low: test-only classification; failing assertions are not waived"
"apps/server/src/analytics/intelligence/optional-processing-boundary.spec.ts","??","Analytics Population Boundary Agent","GAR-LAUNCH-007;GAR-LAUNCH-008","Frozen companion test is retained and classified; any current full-suite failure remains explicit in report 09","Added after final implementation freeze; absent from the earlier matrix snapshot","TEST_REQUIRED","KEEP","Self; frozen full-suite differential report 09","Low: test-only classification; failing assertions are not waived"
"apps/server/src/analytics/intelligence/optional-processing-boundary.ts","??","Analytics Population Boundary Agent","GAR-LAUNCH-007;GAR-LAUNCH-008","Frozen source belongs to the final optional-processing/admin safety boundary and must remain review-visible","Added after final implementation freeze; absent from the earlier matrix snapshot","BOUNDARY_REQUIRED","KEEP","Companion focused specs; server build; frozen full-suite differential","High: omission would hide a final security/privacy boundary change"
"apps/server/src/behavior-engine/identity/identity-dimension.builder.spec.ts","??","Direct Processor Runtime Gate Agent","GAR-LAUNCH-007;GAR-LAUNCH-008","Frozen companion test is retained and classified; any current full-suite failure remains explicit in report 09","Added after final implementation freeze; absent from the earlier matrix snapshot","TEST_REQUIRED","KEEP","Self; frozen full-suite differential report 09","Low: test-only classification; failing assertions are not waived"
"apps/server/src/behavior-engine/identity/identity-dimension.builder.ts","M","Direct Processor Runtime Gate Agent","GAR-LAUNCH-007;GAR-LAUNCH-008","Frozen source belongs to the final optional-processing/admin safety boundary and must remain review-visible","Added after final implementation freeze; absent from the earlier matrix snapshot","BOUNDARY_REQUIRED","KEEP","Companion focused specs; server build; frozen full-suite differential","High: omission would hide a final security/privacy boundary change"
"apps/server/src/behavior-engine/processors/direct-processor-runtime-gates.spec.ts","??","Direct Processor Runtime Gate Agent","GAR-LAUNCH-007;GAR-LAUNCH-008","Frozen companion test is retained and classified; any current full-suite failure remains explicit in report 09","Added after final implementation freeze; absent from the earlier matrix snapshot","TEST_REQUIRED","KEEP","Self; frozen full-suite differential report 09","Low: test-only classification; failing assertions are not waived"
"apps/server/src/behavior-engine/processors/fi-step-1-learn-from-rejection.spec.ts","M","Direct Processor Runtime Gate Agent","GAR-LAUNCH-007;GAR-LAUNCH-008","Frozen companion test is retained and classified; any current full-suite failure remains explicit in report 09","Added after final implementation freeze; absent from the earlier matrix snapshot","TEST_REQUIRED","KEEP","Self; frozen full-suite differential report 09","Low: test-only classification; failing assertions are not waived"
"apps/server/src/behavior-engine/processors/meal-plan.signal-processor.ts","M","Direct Processor Runtime Gate Agent","GAR-LAUNCH-007;GAR-LAUNCH-008","Frozen source belongs to the final optional-processing/admin safety boundary and must remain review-visible","Added after final implementation freeze; absent from the earlier matrix snapshot","BOUNDARY_REQUIRED","KEEP","Companion focused specs; server build; frozen full-suite differential","High: omission would hide a final security/privacy boundary change"
"apps/server/src/behavior-engine/processors/personalization.signal-processor.spec.ts","M","Direct Processor Runtime Gate Agent","GAR-LAUNCH-007;GAR-LAUNCH-008","Frozen companion test is retained and classified; any current full-suite failure remains explicit in report 09","Added after final implementation freeze; absent from the earlier matrix snapshot","TEST_REQUIRED","KEEP","Self; frozen full-suite differential report 09","Low: test-only classification; failing assertions are not waived"
"apps/server/src/behavior-engine/processors/personalization.signal-processor.ts","M","Direct Processor Runtime Gate Agent","GAR-LAUNCH-007;GAR-LAUNCH-008","Frozen source belongs to the final optional-processing/admin safety boundary and must remain review-visible","Added after final implementation freeze; absent from the earlier matrix snapshot","BOUNDARY_REQUIRED","KEEP","Companion focused specs; server build; frozen full-suite differential","High: omission would hide a final security/privacy boundary change"
"apps/server/src/behavior-engine/processors/recipe.signal-processor.cook-loop.spec.ts","M","Direct Processor Runtime Gate Agent","GAR-LAUNCH-007;GAR-LAUNCH-008","Frozen companion test is retained and classified; any current full-suite failure remains explicit in report 09","Added after final implementation freeze; absent from the earlier matrix snapshot","TEST_REQUIRED","KEEP","Self; frozen full-suite differential report 09","Low: test-only classification; failing assertions are not waived"
"apps/server/src/behavior-engine/processors/recipe.signal-processor.cuisine.spec.ts","M","Direct Processor Runtime Gate Agent","GAR-LAUNCH-007;GAR-LAUNCH-008","Frozen companion test is retained and classified; any current full-suite failure remains explicit in report 09","Added after final implementation freeze; absent from the earlier matrix snapshot","TEST_REQUIRED","KEEP","Self; frozen full-suite differential report 09","Low: test-only classification; failing assertions are not waived"
"apps/server/src/behavior-engine/processors/recipe.signal-processor.spec.ts","M","Direct Processor Runtime Gate Agent","GAR-LAUNCH-007;GAR-LAUNCH-008","Frozen companion test is retained and classified; any current full-suite failure remains explicit in report 09","Added after final implementation freeze; absent from the earlier matrix snapshot","TEST_REQUIRED","KEEP","Self; frozen full-suite differential report 09","Low: test-only classification; failing assertions are not waived"
"apps/server/src/behavior-engine/processors/recipe.signal-processor.ts","M","Direct Processor Runtime Gate Agent","GAR-LAUNCH-007;GAR-LAUNCH-008","Frozen source belongs to the final optional-processing/admin safety boundary and must remain review-visible","Added after final implementation freeze; absent from the earlier matrix snapshot","BOUNDARY_REQUIRED","KEEP","Companion focused specs; server build; frozen full-suite differential","High: omission would hide a final security/privacy boundary change"
"apps/server/src/behavior-engine/processors/recommendation.signal-processor.ts","M","Direct Processor Runtime Gate Agent","GAR-LAUNCH-007;GAR-LAUNCH-008","Frozen source belongs to the final optional-processing/admin safety boundary and must remain review-visible","Added after final implementation freeze; absent from the earlier matrix snapshot","BOUNDARY_REQUIRED","KEEP","Companion focused specs; server build; frozen full-suite differential","High: omission would hide a final security/privacy boundary change"
"apps/server/src/behavior-engine/processors/shopping.signal-processor.spec.ts","M","Direct Processor Runtime Gate Agent","GAR-LAUNCH-007;GAR-LAUNCH-008","Frozen companion test is retained and classified; any current full-suite failure remains explicit in report 09","Added after final implementation freeze; absent from the earlier matrix snapshot","TEST_REQUIRED","KEEP","Self; frozen full-suite differential report 09","Low: test-only classification; failing assertions are not waived"
"apps/server/src/behavior-engine/processors/shopping.signal-processor.ts","M","Direct Processor Runtime Gate Agent","GAR-LAUNCH-007;GAR-LAUNCH-008","Frozen source belongs to the final optional-processing/admin safety boundary and must remain review-visible","Added after final implementation freeze; absent from the earlier matrix snapshot","BOUNDARY_REQUIRED","KEEP","Companion focused specs; server build; frozen full-suite differential","High: omission would hide a final security/privacy boundary change"
"apps/server/src/behavior-engine/routing/event-router.service.spec.ts","??","Direct Processor Runtime Gate Agent","GAR-LAUNCH-007;GAR-LAUNCH-008","Frozen companion test is retained and classified; any current full-suite failure remains explicit in report 09","Added after final implementation freeze; absent from the earlier matrix snapshot","TEST_REQUIRED","KEEP","Self; frozen full-suite differential report 09","Low: test-only classification; failing assertions are not waived"
"apps/server/src/behavior-engine/routing/event-router.service.ts","M","Direct Processor Runtime Gate Agent","GAR-LAUNCH-007;GAR-LAUNCH-008","Frozen source belongs to the final optional-processing/admin safety boundary and must remain review-visible","Added after final implementation freeze; absent from the earlier matrix snapshot","BOUNDARY_REQUIRED","KEEP","Companion focused specs; server build; frozen full-suite differential","High: omission would hide a final security/privacy boundary change"
"apps/server/src/behavior-engine/signals/signal-calculator.service.spec.ts","??","Direct Processor Runtime Gate Agent","GAR-LAUNCH-007;GAR-LAUNCH-008","Frozen companion test is retained and classified; current failures remain explicit in report 09","Added after final implementation freeze; absent from the earlier matrix snapshot","TEST_REQUIRED","KEEP","Self; frozen full-suite differential report 09","Low: test-only classification; failing assertions are not waived"
"apps/server/src/behavior-engine/signals/signal-calculator.service.ts","M","Direct Processor Runtime Gate Agent","GAR-LAUNCH-007;GAR-LAUNCH-008","Frozen source belongs to the final optional-processing safety boundary and remains review-visible","Added after final implementation freeze; absent from the earlier matrix snapshot","BOUNDARY_REQUIRED","KEEP","Companion focused specs; server build; frozen full-suite differential","High: omission would hide a final security/privacy boundary change"
"apps/server/src/experimentation/experiment-engine.service.spec.ts","??","Recommendation Consent Epoch Agent","GAR-LAUNCH-007;GAR-LAUNCH-008","Frozen companion test is retained and classified; current failures remain explicit in report 09","Added after final implementation freeze; absent from the earlier matrix snapshot","TEST_REQUIRED","KEEP","Self; frozen full-suite differential report 09","Low: test-only classification; failing assertions are not waived"
"apps/server/src/experimentation/experiment-engine.service.ts","M","Recommendation Consent Epoch Agent","GAR-LAUNCH-007;GAR-LAUNCH-008","Frozen source belongs to the final optional-processing safety boundary and remains review-visible","Added after final implementation freeze; absent from the earlier matrix snapshot","BOUNDARY_REQUIRED","KEEP","Companion focused specs; server build; frozen full-suite differential","High: omission would hide a final security/privacy boundary change"
"apps/server/src/governance/governance-insights.service.spec.ts","M","Optional Consumer Closure Agent","GAR-LAUNCH-007;GAR-LAUNCH-008","Frozen companion test is retained and classified; current failures remain explicit in report 09","Added after final implementation freeze; absent from the earlier matrix snapshot","TEST_REQUIRED","KEEP","Self; frozen full-suite differential report 09","Low: test-only classification; failing assertions are not waived"
"apps/server/src/governance/governance-insights.service.ts","M","Optional Consumer Closure Agent","GAR-LAUNCH-007;GAR-LAUNCH-008","Frozen source belongs to the final optional-processing safety boundary and remains review-visible","Added after final implementation freeze; absent from the earlier matrix snapshot","BOUNDARY_REQUIRED","KEEP","Companion focused specs; server build; frozen full-suite differential","High: omission would hide a final security/privacy boundary change"
"apps/server/src/lifestyle/lifestyle-graph.builder.spec.ts","??","Direct Processor Runtime Gate Agent","GAR-LAUNCH-007;GAR-LAUNCH-008","Frozen companion test is retained and classified; current failures remain explicit in report 09","Added after final implementation freeze; absent from the earlier matrix snapshot","TEST_REQUIRED","KEEP","Self; frozen full-suite differential report 09","Low: test-only classification; failing assertions are not waived"
"apps/server/src/lifestyle/lifestyle-graph.builder.ts","M","Direct Processor Runtime Gate Agent","GAR-LAUNCH-007;GAR-LAUNCH-008","Frozen source belongs to the final optional-processing safety boundary and remains review-visible","Added after final implementation freeze; absent from the earlier matrix snapshot","BOUNDARY_REQUIRED","KEEP","Companion focused specs; server build; frozen full-suite differential","High: omission would hide a final security/privacy boundary change"
"apps/server/src/notifications/ine/ine.service.spec.ts","M","Optional Consumer Closure Agent","GAR-LAUNCH-007;GAR-LAUNCH-008","Frozen companion test is retained and classified; current failures remain explicit in report 09","Added after final implementation freeze; absent from the earlier matrix snapshot","TEST_REQUIRED","KEEP","Self; frozen full-suite differential report 09","Low: test-only classification; failing assertions are not waived"
"apps/server/src/notifications/ine/ine.service.ts","M","Optional Consumer Closure Agent","GAR-LAUNCH-007;GAR-LAUNCH-008","Frozen source belongs to the final optional-processing safety boundary and remains review-visible","Added after final implementation freeze; absent from the earlier matrix snapshot","BOUNDARY_REQUIRED","KEEP","Companion focused specs; server build; frozen full-suite differential","High: omission would hide a final security/privacy boundary change"
"apps/server/src/notifications/notification-scheduler.service.spec.ts","??","Optional Consumer Closure Agent","GAR-LAUNCH-007;GAR-LAUNCH-008","Frozen companion test is retained and classified; current failures remain explicit in report 09","Added after final implementation freeze; absent from the earlier matrix snapshot","TEST_REQUIRED","KEEP","Self; frozen full-suite differential report 09","Low: test-only classification; failing assertions are not waived"
"apps/server/src/notifications/notification-scheduler.service.ts","M","Optional Consumer Closure Agent","GAR-LAUNCH-007;GAR-LAUNCH-008","Frozen source belongs to the final optional-processing safety boundary and remains review-visible","Added after final implementation freeze; absent from the earlier matrix snapshot","BOUNDARY_REQUIRED","KEEP","Companion focused specs; server build; frozen full-suite differential","High: omission would hide a final security/privacy boundary change"
"apps/server/src/recommendation/diagnostics.controller.spec.ts","M","Admin Diagnostics Boundary Agent","GAR-LAUNCH-007;GAR-LAUNCH-008","Frozen companion test is retained and classified; current failures remain explicit in report 09","Added after final implementation freeze; absent from the earlier matrix snapshot","TEST_REQUIRED","KEEP","Self; frozen full-suite differential report 09","Low: test-only classification; failing assertions are not waived"
"apps/server/src/recommendation/diagnostics.controller.ts","M","Admin Diagnostics Boundary Agent","GAR-LAUNCH-007;GAR-LAUNCH-008","Frozen source belongs to the final optional-processing safety boundary and remains review-visible","Added after final implementation freeze; absent from the earlier matrix snapshot","BOUNDARY_REQUIRED","KEEP","Companion focused specs; server build; frozen full-suite differential","High: omission would hide a final security/privacy boundary change"
"apps/server/src/recommendation/diagnostics-summary.spec.ts","M","Admin Diagnostics Boundary Agent","GAR-LAUNCH-007;GAR-LAUNCH-008","Frozen companion test is retained and classified; current failures remain explicit in report 09","Added after final implementation freeze; absent from the earlier matrix snapshot","TEST_REQUIRED","KEEP","Self; frozen full-suite differential report 09","Low: test-only classification; failing assertions are not waived"
"docs/qa/release/p0-a/04_browser_two_account_evidence.md","??","Coordinator / QA","P0-A-EVIDENCE","Required frozen P0-A evidence/report is retained and classified","Added after final implementation freeze; absent from the earlier matrix snapshot","REPORT_REQUIRED","KEEP","Evidence artifact; cross-checked during frozen closure","Low: documentation/evidence classification only"
"docs/qa/release/p0-a/07_admin_analytics_boundary_report.md","??","Coordinator / QA","P0-A-EVIDENCE","Required frozen P0-A evidence/report is retained and classified","Added after final implementation freeze; absent from the earlier matrix snapshot","REPORT_REQUIRED","KEEP","Evidence artifact; cross-checked during frozen closure","Low: documentation/evidence classification only"
"docs/qa/release/p0-a/08_optional_processing_consumer_inventory.csv","??","Coordinator / QA","P0-A-EVIDENCE","Required frozen P0-A evidence/report is retained and classified","Added after final implementation freeze; absent from the earlier matrix snapshot","REPORT_REQUIRED","KEEP","Evidence artifact; cross-checked during frozen closure","Low: documentation/evidence classification only"
"docs/qa/release/p0-a/09_full_suite_differential_report.md","??","Coordinator / QA","P0-A-EVIDENCE","Required frozen P0-A evidence/report is retained and classified","Added after final implementation freeze; absent from the earlier matrix snapshot","REPORT_REQUIRED","KEEP","Evidence artifact; cross-checked during frozen closure","Low: documentation/evidence classification only"
"docs/qa/release/p0-a/09a_prerequisite_quality_blocker.md","??","Coordinator / QA","P0-A-EVIDENCE","Required frozen P0-A evidence/report is retained and classified","Added after final implementation freeze; absent from the earlier matrix snapshot","REPORT_REQUIRED","KEEP","Evidence artifact; cross-checked during frozen closure","Low: documentation/evidence classification only"
"docs/qa/release/p0-a/agents/12_optional_consumer_closure.md","??","Coordinator / QA","P0-A-EVIDENCE","Required frozen P0-A evidence/report is retained and classified","Added after final implementation freeze; absent from the earlier matrix snapshot","REPORT_REQUIRED","KEEP","Evidence artifact; cross-checked during frozen closure","Low: documentation/evidence classification only"
"docs/qa/release/p0-a/agents/13_direct_processor_runtime_gates.md","??","Coordinator / QA","P0-A-EVIDENCE","Required frozen P0-A evidence/report is retained and classified","Added after final implementation freeze; absent from the earlier matrix snapshot","REPORT_REQUIRED","KEEP","Evidence artifact; cross-checked during frozen closure","Low: documentation/evidence classification only"
"docs/qa/release/p0-a/agents/14_server_consent_epoch_gates.md","??","Coordinator / QA","P0-A-EVIDENCE","Required frozen P0-A evidence/report is retained and classified","Added after final implementation freeze; absent from the earlier matrix snapshot","REPORT_REQUIRED","KEEP","Evidence artifact; cross-checked during frozen closure","Low: documentation/evidence classification only"
"docs/qa/release/p0-a/agents/14_web_consent_race_attribution.md","??","Coordinator / QA","P0-A-EVIDENCE","Required frozen P0-A evidence/report is retained and classified","Added after final implementation freeze; absent from the earlier matrix snapshot","REPORT_REQUIRED","KEEP","Evidence artifact; cross-checked during frozen closure","Low: documentation/evidence classification only"
"docs/qa/release/p0-a/agents/15_recommendation_consent_epoch.md","??","Coordinator / QA","P0-A-EVIDENCE","Required frozen P0-A evidence/report is retained and classified","Added after final implementation freeze; absent from the earlier matrix snapshot","REPORT_REQUIRED","KEEP","Evidence artifact; cross-checked during frozen closure","Low: documentation/evidence classification only"
"docs/qa/release/p0-a/evidence/20260713-0112-account-b-shopping-480-viewport.png","??","Browser Two-Account QA","P0-A-EVIDENCE","Timestamped frozen browser evidence must remain linked from report 04","Added after final implementation freeze; absent from the earlier matrix snapshot","REPORT_REQUIRED","KEEP","Referenced by 04_browser_two_account_evidence.md","Low: documentation/evidence classification only"
"docs/qa/release/p0-a/evidence/20260713-0113-account-b-profile-430-viewport.png","??","Browser Two-Account QA","P0-A-EVIDENCE","Timestamped frozen browser evidence must remain linked from report 04","Added after final implementation freeze; absent from the earlier matrix snapshot","REPORT_REQUIRED","KEEP","Referenced by 04_browser_two_account_evidence.md","Low: documentation/evidence classification only"
"docs/qa/release/p0-a/evidence/20260713-0114-account-b-settings-360-viewport.png","??","Browser Two-Account QA","P0-A-EVIDENCE","Timestamped frozen browser evidence must remain linked from report 04","Added after final implementation freeze; absent from the earlier matrix snapshot","REPORT_REQUIRED","KEEP","Referenced by 04_browser_two_account_evidence.md","Low: documentation/evidence classification only"
"docs/qa/release/p0-a/evidence/20260713-0115-account-b-favorites-390-viewport.png","??","Browser Two-Account QA","P0-A-EVIDENCE","Timestamped frozen browser evidence must remain linked from report 04","Added after final implementation freeze; absent from the earlier matrix snapshot","REPORT_REQUIRED","KEEP","Referenced by 04_browser_two_account_evidence.md","Low: documentation/evidence classification only"
"docs/qa/release/p0-a/evidence/20260713-0116-withdrawal-denied-360-viewport.png","??","Browser Two-Account QA","P0-A-EVIDENCE","Timestamped frozen browser evidence must remain linked from report 04","Added after final implementation freeze; absent from the earlier matrix snapshot","REPORT_REQUIRED","KEEP","Referenced by 04_browser_two_account_evidence.md","Low: documentation/evidence classification only"
"docs/qa/release/p0-a/evidence/20260713-0118-legacy-cache-cleaned-default-viewport.png","??","Browser Two-Account QA","P0-A-EVIDENCE","Timestamped frozen browser evidence must remain linked from report 04","Added after final implementation freeze; absent from the earlier matrix snapshot","REPORT_REQUIRED","KEEP","Referenced by 04_browser_two_account_evidence.md","Low: documentation/evidence classification only"
"docs/qa/release/p0-a/03_adversarial_review.md","??","Coordinator / Adversarial QA","P0-A-EVIDENCE","Final adversarial review and frozen blocker verdict remain classified with release evidence","Added/updated during final QA freeze after the earlier matrix snapshot","REPORT_REQUIRED","KEEP","Evidence artifact; reconciled with reports 09/09a","Low: documentation-only; must not overstate PASS while branch regressions remain"
"docs/qa/release/p0-a/p0_a_safety_consent_session_isolation_v1_report.md","??","Coordinator / Release Closure","GAR-LAUNCH-004;GAR-LAUNCH-005;GAR-LAUNCH-006;GAR-LAUNCH-007;GAR-LAUNCH-008;GAR-LAUNCH-009","Final closure report must state the non-PASS verdict, all gate results, residual risks, rollback, and exact next action","Required Phase 8 deliverable created only after browser, differential, inventory, and independent adversarial evidence","REPORT_REQUIRED","KEEP","Cross-references reports 03-09a and frozen command evidence","Low documentation risk; release risk is explicitly CHANGES_REQUIRED"
"apps/server/src/consent/optional-processing-transaction-boundary.service.ts","NEW","Transaction Boundary Engineer","ADV-P0A-001","Canonical per-user transaction and User-row lock is the only allowed new production boundary module","Explicitly allowed by Gate v2 Phase 2","BOUNDARY_REQUIRED","KEEP","Dedicated PostgreSQL interleaving integration tests plus focused unit tests","High privacy/concurrency boundary"
"apps/server/src/consent/optional-processing-transaction-boundary.service.spec.ts","NEW","Transaction Boundary Engineer","ADV-P0A-001","Direct contract coverage for lock ordering runtime policy retry and rollback","Direct test for the one allowed shared boundary module","TEST_REQUIRED","KEEP","Focused Jest and disposable PostgreSQL integration lane","High because mock-only evidence is insufficient"
"apps/server/src/consent/optional-processing-transaction-boundary.integration.spec.ts","NEW","Transaction Boundary Engineer","ADV-P0A-001","Deterministic real-PostgreSQL latch tests for writer-versus-withdrawal orderings","Gate v2 explicitly requires non-mock database interleavings","TEST_REQUIRED","KEEP","Dedicated disposable local PostgreSQL database","High privacy/concurrency evidence"
"apps/server/src/test-support/p0-a-epoch-fixture.ts","NEW","Branch Regression Engineer","ADV-P0A-002","One canonical epoch-aware runtime consent provenance test factory prevents inconsistent ad-hoc mocks","Gate v2 Phase 4A explicitly requires one shared fixture","TEST_REQUIRED","KEEP","Five formerly-red recommendation suites","Medium test-contract risk"
"apps/server/src/analytics/event-producer-inventory.spec.ts","BASE_TO_CHANGE","Branch Regression Engineer","ADV-P0A-002","Branch-only analytics producer failures require a stateful userEvent create/update provenance mock","Gate v2 Phase 4B explicitly requires this frozen failure repair","TEST_REQUIRED","KEEP","Full server plus focused analytics producer suite","Medium; production provenance must not be weakened"
"docs/architecture/p0-a/optional_processing_transaction_boundary_v2.md","NEW","Transaction Boundary Engineer","ADV-P0A-001","Mandatory concurrency architecture and lock-order decision","Gate v2 Phase 2 report contract","REPORT_REQUIRED","KEEP","Cross-checked against implementation and DB tests","Low documentation risk"
"docs/architecture/p0-a/recipe_prior_provenance_decision_v1.md","NEW","Recipe-Prior Contract Reviewer","ADV-P0A-002","Mandatory explicit fail-neutral versus real provenance decision","Gate v2 Phase 4E report contract","REPORT_REQUIRED","KEEP","Recipe-prior focused tests","Low documentation risk; high activation consequence"
"docs/qa/release/p0-a/P0A_PROGRESS.md","NEW","Coordinator","P0-A-V2","Continuous phase status and blocker ledger","Gate v2 Phase 0 and 10 mandatory deliverable","REPORT_REQUIRED","KEEP","Updated after each gate","Low documentation risk"
"docs/qa/release/p0-a/10_v2_scope_and_snapshot_report.md","NEW","Coordinator","P0-A-V2","Base identity second snapshot and scope freeze evidence","Gate v2 Phase 0 mandatory deliverable","REPORT_REQUIRED","KEEP","Hash archive listing and patch numstat evidence","Low documentation risk"
"docs/qa/release/p0-a/10_v2_file_ownership.csv","NEW","Coordinator","P0-A-V2","Pre-edit no-overlap ownership contract","Gate v2 Phase 1 mandatory deliverable","REPORT_REQUIRED","KEEP","Validated for unique paths and owners","Low documentation risk"
"docs/qa/release/p0-a/11_transaction_boundary_report.md","NEW","Transaction Boundary Engineer","ADV-P0A-001","Transaction implementation and deterministic DB evidence","Gate v2 Phase 2 mandatory deliverable","REPORT_REQUIRED","KEEP","Focused and integration test ledger","High if evidence is incomplete"
"docs/qa/release/p0-a/12_signal_detector_boundary_report.md","NEW","Coordinator","ADV-P0A-003","Runtime-OFF before user discovery evidence","Gate v2 Phase 3 mandatory deliverable","REPORT_REQUIRED","KEEP","SignalDetector focused tests","Medium"
"docs/qa/release/p0-a/13_branch_regression_closure_report.md","NEW","Branch Regression Engineer","ADV-P0A-002","All 18 deterministic branch-only failure decisions and results","Gate v2 Phase 4 mandatory deliverable","REPORT_REQUIRED","KEEP","Affected suites and full server differential","High release evidence"
"docs/qa/release/p0-a/14_gap_classification.csv","NEW","Coordinator","P0-A-V2","Classify all 81 existing GAP markers without redesign","Gate v2 Phase 5 mandatory deliverable","REPORT_REQUIRED","KEEP","Zero ACTIVE_UNGATED_P0 validation","High completeness risk"
"docs/qa/release/p0-a/14_gap_classification_report.md","NEW","Coordinator","P0-A-V2","Self-contained active-gap disposition","Gate v2 Phase 5 mandatory deliverable","REPORT_REQUIRED","KEEP","Cross-check against inventory and transaction coverage","High completeness risk"
"docs/qa/release/p0-a/15_v2_full_suite_differential_report.md","NEW","Coordinator","P0-A-V2","Final clean-base versus P0-A differential twice","Gate v2 Phase 7 mandatory deliverable","REPORT_REQUIRED","KEEP","Server/web full suites builds and lint","High release evidence"
"docs/qa/release/p0-a/16_browser_race_querycache_db_evidence.md","NEW","Coordinator / Browser QA","ADV-P0A-001;GAR-LAUNCH-009","Refresh-withdrawal QueryClient viewport cache and DB residue evidence","Gate v2 Phase 8 mandatory deliverable","REPORT_REQUIRED","KEEP","Production preview and disposable local QA DB","High privacy/session evidence"
"docs/qa/release/p0-a/17_adversarial_rereview.md","NEW","Independent Adversarial Reviewer","ADV-P0A-001;ADV-P0A-002;ADV-P0A-003","Independent re-attack after implementation freeze","Gate v2 Phase 9 mandatory deliverable","REPORT_REQUIRED","KEEP","First-pass materials and attack matrix","High approval gate"
"docs/qa/release/p0-a/p0_a_atomic_consent_branch_closure_v2_report.md","NEW","Coordinator / Release Curator","P0-A-V2","Mandatory final continuation verdict and release state","Gate v2 Phase 10 mandatory deliverable","REPORT_REQUIRED","KEEP","All phase reports and exact final git state","High if verdict is overstated"
"docs/qa/release/p0-a/test_results_v2.json","NEW","Coordinator","P0-A-V2","Machine-readable command and test ledger","Gate v2 Phase 10 mandatory deliverable","REPORT_REQUIRED","KEEP","JSON parse and report reconciliation","Low documentation risk"
"docs/qa/release/p0-a/changed_files_v2.csv","NEW","Coordinator","P0-A-V2","Machine-readable v2 file delta","Gate v2 Phase 10 mandatory deliverable","REPORT_REQUIRED","KEEP","Compared with git diff and ownership table","Low documentation risk"
"docs/qa/release/p0-a/open_risks_v2.json","NEW","Coordinator","P0-A-V2","Machine-readable unresolved risk ledger","Gate v2 Phase 10 mandatory deliverable","REPORT_REQUIRED","KEEP","JSON parse and final verdict reconciliation","Low documentation risk"
"apps/server/src/recommendation/pipeline/recommendation-pipeline.service.ts","M","Coordinator","ADV-P0A-001","Carry the pre-computation joint grant epoch into served-slate persistence","Direct caller coupling discovered during active-writer closure; without it withdrawal-regrant can stamp a stale slate under a new grant","BOUNDARY_REQUIRED","KEEP","recommendation-pipeline.service.spec.ts; recommendation-counters.service.spec.ts","High if omitted: stale derived slate can survive a re-grant boundary"
"apps/server/src/recommendation/pipeline/recommendation-pipeline.service.spec.ts","M","Coordinator","ADV-P0A-001","Assert the exact observed epoch is threaded to RecommendationCounters","Direct companion test for the newly classified caller coupling","TEST_REQUIRED","KEEP","focused recommendation pipeline and counters lanes","Low test-only risk"
